{"type":"FeatureCollection","features":[{"type":"Feature","geometry":{"type":"Point","coordinates":[-106.12595,28.704553]},"properties":{"osm_id":230579435,"tipo":"semaforo","nombre":""}},{"type":"Feature","geometry":{"type":"Point","coordinates":[-106.09123,28.656325]},"properties":{"osm_id":230605901,"tipo":"semaforo","nombre":""}},{"type":"Feature","geometry":{"type":"Point","coordinates":[-106.155694,28.737352]},"properties":{"osm_id":230617930,"tipo":"semaforo","nombre":""}},{"type":"Feature","geometry":{"type":"Point","coordinates":[-106.161308,28.745394]},"properties":{"osm_id":230617936,"tipo":"semaforo","nombre":""}},{"type":"Feature","geometry":{"type":"Point","coordinates":[-106.094693,28.659519]},"properties":{"osm_id":230684243,"tipo":"semaforo","nombre":""}},{"type":"Feature","geometry":{"type":"Point","coordinates":[-106.100331,28.669146]},"properties":{"osm_id":230684245,"tipo":"semaforo","nombre":""}},{"type":"Feature","geometry":{"type":"Point","coordinates":[-106.119377,28.652217]},"properties":{"osm_id":230691045,"tipo":"semaforo","nombre":""}},{"type":"Feature","geometry":{"type":"Point","coordinates":[-106.08784,28.663826]},"properties":{"osm_id":230691052,"tipo":"semaforo","nombre":""}},{"type":"Feature","geometry":{"type":"Point","coordinates":[-106.083196,28.66548]},"properties":{"osm_id":230691054,"tipo":"semaforo","nombre":""}},{"type":"Feature","geometry":{"type":"Point","coordinates":[-106.09762,28.634501]},"properties":{"osm_id":230702879,"tipo":"semaforo","nombre":""}},{"type":"Feature","geometry":{"type":"Point","coordinates":[-106.100156,28.644375]},"properties":{"osm_id":230702893,"tipo":"semaforo","nombre":""}},{"type":"Feature","geometry":{"type":"Point","coordinates":[-106.083093,28.665517]},"properties":{"osm_id":233051466,"tipo":"semaforo","nombre":""}},{"type":"Feature","geometry":{"type":"Point","coordinates":[-106.092874,28.686381]},"properties":{"osm_id":233051467,"tipo":"semaforo","nombre":""}},{"type":"Feature","geometry":{"type":"Point","coordinates":[-106.105191,28.712378]},"properties":{"osm_id":233051483,"tipo":"semaforo","nombre":""}},{"type":"Feature","geometry":{"type":"Point","coordinates":[-106.103888,28.677744]},"properties":{"osm_id":233056889,"tipo":"semaforo","nombre":""}},{"type":"Feature","geometry":{"type":"Point","coordinates":[-106.11636,28.678272]},"properties":{"osm_id":233065471,"tipo":"semaforo","nombre":""}},{"type":"Feature","geometry":{"type":"Point","coordinates":[-106.122979,28.678098]},"properties":{"osm_id":233065480,"tipo":"semaforo","nombre":""}},{"type":"Feature","geometry":{"type":"Point","coordinates":[-106.155622,28.736996]},"properties":{"osm_id":289997799,"tipo":"semaforo","nombre":""}},{"type":"Feature","geometry":{"type":"Point","coordinates":[-105.995846,28.676861]},"properties":{"osm_id":296291205,"tipo":"semaforo","nombre":""}},{"type":"Feature","geometry":{"type":"Point","coordinates":[-106.010846,28.613536]},"properties":{"osm_id":297162557,"tipo":"semaforo","nombre":""}},{"type":"Feature","geometry":{"type":"Point","coordinates":[-106.010924,28.613377]},"properties":{"osm_id":297162694,"tipo":"semaforo","nombre":""}},{"type":"Feature","geometry":{"type":"Point","coordinates":[-106.088015,28.66376]},"properties":{"osm_id":297163327,"tipo":"semaforo","nombre":""}},{"type":"Feature","geometry":{"type":"Point","coordinates":[-106.122917,28.677975]},"properties":{"osm_id":297163712,"tipo":"semaforo","nombre":""}},{"type":"Feature","geometry":{"type":"Point","coordinates":[-106.092831,28.686295]},"properties":{"osm_id":297163816,"tipo":"semaforo","nombre":""}},{"type":"Feature","geometry":{"type":"Point","coordinates":[-106.104817,28.678563]},"properties":{"osm_id":297163942,"tipo":"semaforo","nombre":""}},{"type":"Feature","geometry":{"type":"Point","coordinates":[-106.104907,28.678401]},"properties":{"osm_id":297164010,"tipo":"semaforo","nombre":""}},{"type":"Feature","geometry":{"type":"Point","coordinates":[-106.096255,28.660778]},"properties":{"osm_id":297164110,"tipo":"semaforo","nombre":""}},{"type":"Feature","geometry":{"type":"Point","coordinates":[-106.096866,28.661735]},"properties":{"osm_id":297164113,"tipo":"semaforo","nombre":""}},{"type":"Feature","geometry":{"type":"Point","coordinates":[-106.075345,28.64139]},"properties":{"osm_id":297164175,"tipo":"semaforo","nombre":""}},{"type":"Feature","geometry":{"type":"Point","coordinates":[-106.126047,28.704648]},"properties":{"osm_id":297166014,"tipo":"semaforo","nombre":""}},{"type":"Feature","geometry":{"type":"Point","coordinates":[-106.100021,28.641172]},"properties":{"osm_id":297167803,"tipo":"semaforo","nombre":""}},{"type":"Feature","geometry":{"type":"Point","coordinates":[-106.101329,28.65892]},"properties":{"osm_id":297168139,"tipo":"semaforo","nombre":""}},{"type":"Feature","geometry":{"type":"Point","coordinates":[-106.06858,28.66301]},"properties":{"osm_id":297170389,"tipo":"semaforo","nombre":""}},{"type":"Feature","geometry":{"type":"Point","coordinates":[-106.070655,28.672671]},"properties":{"osm_id":297170631,"tipo":"semaforo","nombre":""}},{"type":"Feature","geometry":{"type":"Point","coordinates":[-106.070513,28.672741]},"properties":{"osm_id":297170770,"tipo":"semaforo","nombre":""}},{"type":"Feature","geometry":{"type":"Point","coordinates":[-106.068812,28.663282]},"properties":{"osm_id":297171375,"tipo":"semaforo","nombre":""}},{"type":"Feature","geometry":{"type":"Point","coordinates":[-106.108067,28.658957]},"properties":{"osm_id":323378567,"tipo":"semaforo","nombre":""}},{"type":"Feature","geometry":{"type":"Point","coordinates":[-106.108687,28.656233]},"properties":{"osm_id":323379684,"tipo":"semaforo","nombre":""}},{"type":"Feature","geometry":{"type":"Point","coordinates":[-106.110402,28.648743]},"properties":{"osm_id":323385003,"tipo":"semaforo","nombre":""}},{"type":"Feature","geometry":{"type":"Point","coordinates":[-106.109934,28.650773]},"properties":{"osm_id":323385004,"tipo":"alto","nombre":""}},{"type":"Feature","geometry":{"type":"Point","coordinates":[-106.109506,28.652699]},"properties":{"osm_id":323385005,"tipo":"semaforo","nombre":""}},{"type":"Feature","geometry":{"type":"Point","coordinates":[-106.112129,28.644111]},"properties":{"osm_id":323465414,"tipo":"semaforo","nombre":""}},{"type":"Feature","geometry":{"type":"Point","coordinates":[-106.109011,28.655335]},"properties":{"osm_id":323472526,"tipo":"semaforo","nombre":""}},{"type":"Feature","geometry":{"type":"Point","coordinates":[-106.109618,28.652719]},"properties":{"osm_id":323472530,"tipo":"semaforo","nombre":""}},{"type":"Feature","geometry":{"type":"Point","coordinates":[-106.112227,28.644147]},"properties":{"osm_id":323473486,"tipo":"semaforo","nombre":""}},{"type":"Feature","geometry":{"type":"Point","coordinates":[-106.099961,28.641072]},"properties":{"osm_id":323960434,"tipo":"semaforo","nombre":""}},{"type":"Feature","geometry":{"type":"Point","coordinates":[-106.099905,28.641224]},"properties":{"osm_id":324003474,"tipo":"semaforo","nombre":""}},{"type":"Feature","geometry":{"type":"Point","coordinates":[-106.081463,28.630701]},"properties":{"osm_id":324003489,"tipo":"semaforo","nombre":""}},{"type":"Feature","geometry":{"type":"Point","coordinates":[-106.087093,28.634283]},"properties":{"osm_id":324003496,"tipo":"semaforo","nombre":""}},{"type":"Feature","geometry":{"type":"Point","coordinates":[-106.09417,28.640296]},"properties":{"osm_id":324003520,"tipo":"semaforo","nombre":""}},{"type":"Feature","geometry":{"type":"Point","coordinates":[-106.099856,28.641129]},"properties":{"osm_id":324005926,"tipo":"semaforo","nombre":""}},{"type":"Feature","geometry":{"type":"Point","coordinates":[-106.094226,28.640224]},"properties":{"osm_id":324006052,"tipo":"semaforo","nombre":""}},{"type":"Feature","geometry":{"type":"Point","coordinates":[-106.081523,28.630649]},"properties":{"osm_id":324006095,"tipo":"semaforo","nombre":""}},{"type":"Feature","geometry":{"type":"Point","coordinates":[-106.079739,28.656585]},"properties":{"osm_id":324851379,"tipo":"semaforo","nombre":""}},{"type":"Feature","geometry":{"type":"Point","coordinates":[-106.079651,28.6565]},"properties":{"osm_id":324851508,"tipo":"semaforo","nombre":""}},{"type":"Feature","geometry":{"type":"Point","coordinates":[-106.065349,28.6486]},"properties":{"osm_id":347468899,"tipo":"semaforo","nombre":""}},{"type":"Feature","geometry":{"type":"Point","coordinates":[-106.058762,28.643363]},"properties":{"osm_id":347473580,"tipo":"semaforo","nombre":""}},{"type":"Feature","geometry":{"type":"Point","coordinates":[-106.037238,28.621911]},"properties":{"osm_id":347473654,"tipo":"semaforo","nombre":""}},{"type":"Feature","geometry":{"type":"Point","coordinates":[-106.075266,28.641456]},"properties":{"osm_id":347474198,"tipo":"semaforo","nombre":""}},{"type":"Feature","geometry":{"type":"Point","coordinates":[-106.076071,28.6421]},"properties":{"osm_id":347474304,"tipo":"semaforo","nombre":""}},{"type":"Feature","geometry":{"type":"Point","coordinates":[-106.076675,28.642648]},"properties":{"osm_id":347474475,"tipo":"semaforo","nombre":""}},{"type":"Feature","geometry":{"type":"Point","coordinates":[-106.087498,28.641565]},"properties":{"osm_id":610241559,"tipo":"semaforo","nombre":""}},{"type":"Feature","geometry":{"type":"Point","coordinates":[-106.031743,28.598309]},"properties":{"osm_id":807897767,"tipo":"semaforo","nombre":""}},{"type":"Feature","geometry":{"type":"Point","coordinates":[-106.040094,28.600335]},"properties":{"osm_id":807897783,"tipo":"semaforo","nombre":""}},{"type":"Feature","geometry":{"type":"Point","coordinates":[-106.040232,28.600183]},"properties":{"osm_id":807898121,"tipo":"semaforo","nombre":""}},{"type":"Feature","geometry":{"type":"Point","coordinates":[-106.1105,28.589913]},"properties":{"osm_id":807899642,"tipo":"semaforo","nombre":""}},{"type":"Feature","geometry":{"type":"Point","coordinates":[-106.040087,28.624732]},"properties":{"osm_id":807900218,"tipo":"cruce","nombre":""}},{"type":"Feature","geometry":{"type":"Point","coordinates":[-106.071137,28.626338]},"properties":{"osm_id":807916671,"tipo":"semaforo","nombre":""}},{"type":"Feature","geometry":{"type":"Point","coordinates":[-106.06504,28.622865]},"properties":{"osm_id":807916672,"tipo":"semaforo","nombre":""}},{"type":"Feature","geometry":{"type":"Point","coordinates":[-106.078176,28.634525]},"properties":{"osm_id":808074376,"tipo":"semaforo","nombre":""}},{"type":"Feature","geometry":{"type":"Point","coordinates":[-106.079614,28.632251]},"properties":{"osm_id":808074393,"tipo":"semaforo","nombre":""}},{"type":"Feature","geometry":{"type":"Point","coordinates":[-106.057679,28.62506]},"properties":{"osm_id":808074457,"tipo":"semaforo","nombre":""}},{"type":"Feature","geometry":{"type":"Point","coordinates":[-106.07253,28.633544]},"properties":{"osm_id":808074463,"tipo":"semaforo","nombre":""}},{"type":"Feature","geometry":{"type":"Point","coordinates":[-106.093504,28.641672]},"properties":{"osm_id":821355727,"tipo":"semaforo","nombre":""}},{"type":"Feature","geometry":{"type":"Point","coordinates":[-106.084203,28.649605]},"properties":{"osm_id":821355788,"tipo":"semaforo","nombre":""}},{"type":"Feature","geometry":{"type":"Point","coordinates":[-106.085561,28.627087]},"properties":{"osm_id":821356070,"tipo":"semaforo","nombre":""}},{"type":"Feature","geometry":{"type":"Point","coordinates":[-106.12019,28.659687]},"properties":{"osm_id":850734691,"tipo":"semaforo","nombre":""}},{"type":"Feature","geometry":{"type":"Point","coordinates":[-106.120252,28.659518]},"properties":{"osm_id":850734703,"tipo":"semaforo","nombre":""}},{"type":"Feature","geometry":{"type":"Point","coordinates":[-106.120157,28.659593]},"properties":{"osm_id":850734706,"tipo":"semaforo","nombre":""}},{"type":"Feature","geometry":{"type":"Point","coordinates":[-106.12135,28.662311]},"properties":{"osm_id":850734736,"tipo":"semaforo","nombre":""}},{"type":"Feature","geometry":{"type":"Point","coordinates":[-106.121471,28.662277]},"properties":{"osm_id":850734747,"tipo":"semaforo","nombre":""}},{"type":"Feature","geometry":{"type":"Point","coordinates":[-106.11303,28.660837]},"properties":{"osm_id":850734780,"tipo":"alto","nombre":""}},{"type":"Feature","geometry":{"type":"Point","coordinates":[-106.120186,28.663525]},"properties":{"osm_id":850734890,"tipo":"alto","nombre":""}},{"type":"Feature","geometry":{"type":"Point","coordinates":[-106.112398,28.663997]},"properties":{"osm_id":850735082,"tipo":"cruce","nombre":""}},{"type":"Feature","geometry":{"type":"Point","coordinates":[-106.109977,28.663155]},"properties":{"osm_id":850735092,"tipo":"semaforo","nombre":""}},{"type":"Feature","geometry":{"type":"Point","coordinates":[-106.115575,28.665892]},"properties":{"osm_id":850735122,"tipo":"alto","nombre":""}},{"type":"Feature","geometry":{"type":"Point","coordinates":[-106.111468,28.666357]},"properties":{"osm_id":850735143,"tipo":"semaforo","nombre":""}},{"type":"Feature","geometry":{"type":"Point","coordinates":[-106.115154,28.66409]},"properties":{"osm_id":850735246,"tipo":"semaforo","nombre":""}},{"type":"Feature","geometry":{"type":"Point","coordinates":[-106.084917,28.650477]},"properties":{"osm_id":865157795,"tipo":"semaforo","nombre":""}},{"type":"Feature","geometry":{"type":"Point","coordinates":[-106.079546,28.656592]},"properties":{"osm_id":865158516,"tipo":"semaforo","nombre":""}},{"type":"Feature","geometry":{"type":"Point","coordinates":[-106.079642,28.656674]},"properties":{"osm_id":865158816,"tipo":"semaforo","nombre":""}},{"type":"Feature","geometry":{"type":"Point","coordinates":[-106.084093,28.649704]},"properties":{"osm_id":865161502,"tipo":"semaforo","nombre":""}},{"type":"Feature","geometry":{"type":"Point","coordinates":[-106.083282,28.648936]},"properties":{"osm_id":865168715,"tipo":"semaforo","nombre":""}},{"type":"Feature","geometry":{"type":"Point","coordinates":[-106.083378,28.648834]},"properties":{"osm_id":865169496,"tipo":"semaforo","nombre":""}},{"type":"Feature","geometry":{"type":"Point","coordinates":[-106.0754,28.652939]},"properties":{"osm_id":865175226,"tipo":"semaforo","nombre":""}},{"type":"Feature","geometry":{"type":"Point","coordinates":[-106.082541,28.648069]},"properties":{"osm_id":865176070,"tipo":"semaforo","nombre":""}},{"type":"Feature","geometry":{"type":"Point","coordinates":[-106.082444,28.648146]},"properties":{"osm_id":865176072,"tipo":"semaforo","nombre":""}},{"type":"Feature","geometry":{"type":"Point","coordinates":[-106.081687,28.647288]},"properties":{"osm_id":865233237,"tipo":"semaforo","nombre":""}},{"type":"Feature","geometry":{"type":"Point","coordinates":[-106.081607,28.647357]},"properties":{"osm_id":865233238,"tipo":"semaforo","nombre":""}},{"type":"Feature","geometry":{"type":"Point","coordinates":[-106.144527,28.724258]},"properties":{"osm_id":878495858,"tipo":"semaforo","nombre":""}},{"type":"Feature","geometry":{"type":"Point","coordinates":[-106.114569,28.732035]},"properties":{"osm_id":878495889,"tipo":"semaforo","nombre":""}},{"type":"Feature","geometry":{"type":"Point","coordinates":[-106.114286,28.73204]},"properties":{"osm_id":878495890,"tipo":"semaforo","nombre":""}},{"type":"Feature","geometry":{"type":"Point","coordinates":[-106.144778,28.724723]},"properties":{"osm_id":878495913,"tipo":"semaforo","nombre":""}},{"type":"Feature","geometry":{"type":"Point","coordinates":[-106.145221,28.724561]},"properties":{"osm_id":878495914,"tipo":"semaforo","nombre":""}},{"type":"Feature","geometry":{"type":"Point","coordinates":[-106.144952,28.724114]},"properties":{"osm_id":878495952,"tipo":"semaforo","nombre":""}},{"type":"Feature","geometry":{"type":"Point","coordinates":[-106.114542,28.732574]},"properties":{"osm_id":878496181,"tipo":"semaforo","nombre":""}},{"type":"Feature","geometry":{"type":"Point","coordinates":[-106.114773,28.732573]},"properties":{"osm_id":878496182,"tipo":"semaforo","nombre":""}},{"type":"Feature","geometry":{"type":"Point","coordinates":[-106.126546,28.704472]},"properties":{"osm_id":878504279,"tipo":"semaforo","nombre":""}},{"type":"Feature","geometry":{"type":"Point","coordinates":[-106.126461,28.704357]},"properties":{"osm_id":878504280,"tipo":"semaforo","nombre":""}},{"type":"Feature","geometry":{"type":"Point","coordinates":[-106.105382,28.712414]},"properties":{"osm_id":878513150,"tipo":"semaforo","nombre":""}},{"type":"Feature","geometry":{"type":"Point","coordinates":[-106.092926,28.686258]},"properties":{"osm_id":878513163,"tipo":"semaforo","nombre":""}},{"type":"Feature","geometry":{"type":"Point","coordinates":[-106.08441,28.689349]},"properties":{"osm_id":878513167,"tipo":"semaforo","nombre":""}},{"type":"Feature","geometry":{"type":"Point","coordinates":[-106.084508,28.689314]},"properties":{"osm_id":878513190,"tipo":"semaforo","nombre":""}},{"type":"Feature","geometry":{"type":"Point","coordinates":[-106.092967,28.686345]},"properties":{"osm_id":878513193,"tipo":"semaforo","nombre":""}},{"type":"Feature","geometry":{"type":"Point","coordinates":[-106.108041,28.718033]},"properties":{"osm_id":878513219,"tipo":"semaforo","nombre":""}},{"type":"Feature","geometry":{"type":"Point","coordinates":[-106.105337,28.712322]},"properties":{"osm_id":878513220,"tipo":"semaforo","nombre":""}},{"type":"Feature","geometry":{"type":"Point","coordinates":[-106.08894,28.677761]},"properties":{"osm_id":878513251,"tipo":"semaforo","nombre":""}},{"type":"Feature","geometry":{"type":"Point","coordinates":[-106.084681,28.668678]},"properties":{"osm_id":878513252,"tipo":"semaforo","nombre":""}},{"type":"Feature","geometry":{"type":"Point","coordinates":[-106.098845,28.653268]},"properties":{"osm_id":878517435,"tipo":"semaforo","nombre":""}},{"type":"Feature","geometry":{"type":"Point","coordinates":[-106.110313,28.655564]},"properties":{"osm_id":878517484,"tipo":"semaforo","nombre":""}},{"type":"Feature","geometry":{"type":"Point","coordinates":[-106.110501,28.655495]},"properties":{"osm_id":878517523,"tipo":"semaforo","nombre":""}},{"type":"Feature","geometry":{"type":"Point","coordinates":[-106.109036,28.655207]},"properties":{"osm_id":878517525,"tipo":"semaforo","nombre":""}},{"type":"Feature","geometry":{"type":"Point","coordinates":[-106.084034,28.651263]},"properties":{"osm_id":1203097898,"tipo":"alto","nombre":""}},{"type":"Feature","geometry":{"type":"Point","coordinates":[-106.079134,28.649556]},"properties":{"osm_id":1203097929,"tipo":"alto","nombre":""}},{"type":"Feature","geometry":{"type":"Point","coordinates":[-106.080855,28.651064]},"properties":{"osm_id":1203097948,"tipo":"alto","nombre":""}},{"type":"Feature","geometry":{"type":"Point","coordinates":[-106.078671,28.653008]},"properties":{"osm_id":1203097949,"tipo":"alto","nombre":""}},{"type":"Feature","geometry":{"type":"Point","coordinates":[-106.082414,28.651189]},"properties":{"osm_id":1203097952,"tipo":"alto","nombre":""}},{"type":"Feature","geometry":{"type":"Point","coordinates":[-106.083158,28.650525]},"properties":{"osm_id":1203097981,"tipo":"alto","nombre":""}},{"type":"Feature","geometry":{"type":"Point","coordinates":[-106.079099,28.645063]},"properties":{"osm_id":1203097982,"tipo":"semaforo","nombre":""}},{"type":"Feature","geometry":{"type":"Point","coordinates":[-106.078422,28.65021]},"properties":{"osm_id":1203098045,"tipo":"alto","nombre":""}},{"type":"Feature","geometry":{"type":"Point","coordinates":[-106.082617,28.653855]},"properties":{"osm_id":1203098063,"tipo":"semaforo","nombre":""}},{"type":"Feature","geometry":{"type":"Point","coordinates":[-106.079919,28.645822]},"properties":{"osm_id":1203098094,"tipo":"semaforo","nombre":""}},{"type":"Feature","geometry":{"type":"Point","coordinates":[-106.079271,28.650955]},"properties":{"osm_id":1203098152,"tipo":"alto","nombre":""}},{"type":"Feature","geometry":{"type":"Point","coordinates":[-106.081714,28.651799]},"properties":{"osm_id":1203098175,"tipo":"alto","nombre":""}},{"type":"Feature","geometry":{"type":"Point","coordinates":[-106.079998,28.650326]},"properties":{"osm_id":1203098184,"tipo":"alto","nombre":""}},{"type":"Feature","geometry":{"type":"Point","coordinates":[-106.079205,28.644974]},"properties":{"osm_id":1203098214,"tipo":"semaforo","nombre":""}},{"type":"Feature","geometry":{"type":"Point","coordinates":[-106.071315,28.637888]},"properties":{"osm_id":1204454936,"tipo":"semaforo","nombre":""}},{"type":"Feature","geometry":{"type":"Point","coordinates":[-106.064446,28.647867]},"properties":{"osm_id":1204454939,"tipo":"semaforo","nombre":""}},{"type":"Feature","geometry":{"type":"Point","coordinates":[-106.073471,28.639661]},"properties":{"osm_id":1204455029,"tipo":"semaforo","nombre":""}},{"type":"Feature","geometry":{"type":"Point","coordinates":[-106.065442,28.648671]},"properties":{"osm_id":1204455030,"tipo":"semaforo","nombre":""}},{"type":"Feature","geometry":{"type":"Point","coordinates":[-106.0728,28.639096]},"properties":{"osm_id":1204455152,"tipo":"semaforo","nombre":""}},{"type":"Feature","geometry":{"type":"Point","coordinates":[-106.064512,28.647804]},"properties":{"osm_id":1204455153,"tipo":"semaforo","nombre":""}},{"type":"Feature","geometry":{"type":"Point","coordinates":[-106.033656,28.651513]},"properties":{"osm_id":1204455160,"tipo":"semaforo","nombre":""}},{"type":"Feature","geometry":{"type":"Point","coordinates":[-106.161419,28.74523]},"properties":{"osm_id":1248719136,"tipo":"semaforo","nombre":""}},{"type":"Feature","geometry":{"type":"Point","coordinates":[-106.091342,28.656231]},"properties":{"osm_id":1403824590,"tipo":"semaforo","nombre":""}},{"type":"Feature","geometry":{"type":"Point","coordinates":[-106.098811,28.650834]},"properties":{"osm_id":1403824686,"tipo":"semaforo","nombre":""}},{"type":"Feature","geometry":{"type":"Point","coordinates":[-106.085393,28.661514]},"properties":{"osm_id":1404321631,"tipo":"semaforo","nombre":""}},{"type":"Feature","geometry":{"type":"Point","coordinates":[-106.089694,28.661367]},"properties":{"osm_id":1404606006,"tipo":"alto","nombre":""}},{"type":"Feature","geometry":{"type":"Point","coordinates":[-106.092326,28.657342]},"properties":{"osm_id":1404606040,"tipo":"semaforo","nombre":""}},{"type":"Feature","geometry":{"type":"Point","coordinates":[-106.091609,28.662417]},"properties":{"osm_id":1404606054,"tipo":"semaforo","nombre":""}},{"type":"Feature","geometry":{"type":"Point","coordinates":[-106.094064,28.658941]},"properties":{"osm_id":1404606083,"tipo":"semaforo","nombre":""}},{"type":"Feature","geometry":{"type":"Point","coordinates":[-106.092805,28.65778]},"properties":{"osm_id":1404606100,"tipo":"semaforo","nombre":""}},{"type":"Feature","geometry":{"type":"Point","coordinates":[-106.093429,28.658356]},"properties":{"osm_id":1404606101,"tipo":"semaforo","nombre":""}},{"type":"Feature","geometry":{"type":"Point","coordinates":[-106.09091,28.660932]},"properties":{"osm_id":1404606111,"tipo":"alto","nombre":""}},{"type":"Feature","geometry":{"type":"Point","coordinates":[-106.150583,28.711266]},"properties":{"osm_id":1404607372,"tipo":"alto","nombre":""}},{"type":"Feature","geometry":{"type":"Point","coordinates":[-106.149389,28.692756]},"properties":{"osm_id":1404627611,"tipo":"alto","nombre":""}},{"type":"Feature","geometry":{"type":"Point","coordinates":[-106.139262,28.703594]},"properties":{"osm_id":1457483360,"tipo":"escuela","nombre":"Facultad Ingenieria UACh"}},{"type":"Feature","geometry":{"type":"Point","coordinates":[-106.094889,28.672391]},"properties":{"osm_id":1502346306,"tipo":"alto","nombre":""}},{"type":"Feature","geometry":{"type":"Point","coordinates":[-106.096314,28.675425]},"properties":{"osm_id":1502346311,"tipo":"semaforo","nombre":""}},{"type":"Feature","geometry":{"type":"Point","coordinates":[-106.097662,28.678441]},"properties":{"osm_id":1502346315,"tipo":"alto","nombre":""}},{"type":"Feature","geometry":{"type":"Point","coordinates":[-106.09882,28.680997]},"properties":{"osm_id":1502346319,"tipo":"alto","nombre":""}},{"type":"Feature","geometry":{"type":"Point","coordinates":[-106.100084,28.683675]},"properties":{"osm_id":1502346321,"tipo":"semaforo","nombre":""}},{"type":"Feature","geometry":{"type":"Point","coordinates":[-106.100126,28.683762]},"properties":{"osm_id":1502346322,"tipo":"semaforo","nombre":""}},{"type":"Feature","geometry":{"type":"Point","coordinates":[-106.1016,28.686892]},"properties":{"osm_id":1502346326,"tipo":"alto","nombre":""}},{"type":"Feature","geometry":{"type":"Point","coordinates":[-106.096892,28.671659]},"properties":{"osm_id":1502346404,"tipo":"semaforo","nombre":""}},{"type":"Feature","geometry":{"type":"Point","coordinates":[-106.091004,28.666363]},"properties":{"osm_id":1502346635,"tipo":"semaforo","nombre":""}},{"type":"Feature","geometry":{"type":"Point","coordinates":[-106.097857,28.663857]},"properties":{"osm_id":1502346651,"tipo":"semaforo","nombre":""}},{"type":"Feature","geometry":{"type":"Point","coordinates":[-106.11847,28.650259]},"properties":{"osm_id":1502346733,"tipo":"semaforo","nombre":""}},{"type":"Feature","geometry":{"type":"Point","coordinates":[-106.016885,28.617256]},"properties":{"osm_id":1504514756,"tipo":"semaforo","nombre":""}},{"type":"Feature","geometry":{"type":"Point","coordinates":[-106.017934,28.602905]},"properties":{"osm_id":1504514765,"tipo":"alto","nombre":""}},{"type":"Feature","geometry":{"type":"Point","coordinates":[-106.017935,28.602779]},"properties":{"osm_id":1504514767,"tipo":"alto","nombre":""}},{"type":"Feature","geometry":{"type":"Point","coordinates":[-106.015486,28.602736]},"properties":{"osm_id":1504514888,"tipo":"alto","nombre":""}},{"type":"Feature","geometry":{"type":"Point","coordinates":[-106.015479,28.602894]},"properties":{"osm_id":1504514890,"tipo":"alto","nombre":""}},{"type":"Feature","geometry":{"type":"Point","coordinates":[-106.032073,28.602869]},"properties":{"osm_id":1504515154,"tipo":"semaforo","nombre":""}},{"type":"Feature","geometry":{"type":"Point","coordinates":[-106.027201,28.602863]},"properties":{"osm_id":1504515198,"tipo":"alto","nombre":""}},{"type":"Feature","geometry":{"type":"Point","coordinates":[-106.002431,28.602621]},"properties":{"osm_id":1504515268,"tipo":"alto","nombre":""}},{"type":"Feature","geometry":{"type":"Point","coordinates":[-106.032143,28.603063]},"properties":{"osm_id":1504515353,"tipo":"semaforo","nombre":""}},{"type":"Feature","geometry":{"type":"Point","coordinates":[-106.02719,28.602995]},"properties":{"osm_id":1504515376,"tipo":"alto","nombre":""}},{"type":"Feature","geometry":{"type":"Point","coordinates":[-106.022528,28.619273]},"properties":{"osm_id":1504515513,"tipo":"semaforo","nombre":""}},{"type":"Feature","geometry":{"type":"Point","coordinates":[-106.011853,28.596049]},"properties":{"osm_id":1504515605,"tipo":"semaforo","nombre":""}},{"type":"Feature","geometry":{"type":"Point","coordinates":[-106.010977,28.61326]},"properties":{"osm_id":1504515632,"tipo":"semaforo","nombre":""}},{"type":"Feature","geometry":{"type":"Point","coordinates":[-105.999215,28.602698]},"properties":{"osm_id":1504515749,"tipo":"alto","nombre":""}},{"type":"Feature","geometry":{"type":"Point","coordinates":[-106.026145,28.619928]},"properties":{"osm_id":1504515819,"tipo":"semaforo","nombre":""}},{"type":"Feature","geometry":{"type":"Point","coordinates":[-106.026623,28.612489]},"properties":{"osm_id":1504527886,"tipo":"alto","nombre":""}},{"type":"Feature","geometry":{"type":"Point","coordinates":[-106.018329,28.609226]},"properties":{"osm_id":1504533286,"tipo":"alto","nombre":""}},{"type":"Feature","geometry":{"type":"Point","coordinates":[-106.0175,28.609207]},"properties":{"osm_id":1504533287,"tipo":"alto","nombre":""}},{"type":"Feature","geometry":{"type":"Point","coordinates":[-106.102172,28.663825]},"properties":{"osm_id":1504561421,"tipo":"alto","nombre":""}},{"type":"Feature","geometry":{"type":"Point","coordinates":[-106.099756,28.6647]},"properties":{"osm_id":1504561423,"tipo":"alto","nombre":""}},{"type":"Feature","geometry":{"type":"Point","coordinates":[-106.097671,28.660251]},"properties":{"osm_id":1504561425,"tipo":"semaforo","nombre":""}},{"type":"Feature","geometry":{"type":"Point","coordinates":[-106.103978,28.676548]},"properties":{"osm_id":1504561428,"tipo":"semaforo","nombre":""}},{"type":"Feature","geometry":{"type":"Point","coordinates":[-106.106166,28.672267]},"properties":{"osm_id":1504561462,"tipo":"semaforo","nombre":""}},{"type":"Feature","geometry":{"type":"Point","coordinates":[-106.105749,28.695803]},"properties":{"osm_id":1504561499,"tipo":"alto","nombre":""}},{"type":"Feature","geometry":{"type":"Point","coordinates":[-106.099353,28.648895]},"properties":{"osm_id":1506899331,"tipo":"semaforo","nombre":""}},{"type":"Feature","geometry":{"type":"Point","coordinates":[-106.115703,28.675438]},"properties":{"osm_id":1506914961,"tipo":"semaforo","nombre":""}},{"type":"Feature","geometry":{"type":"Point","coordinates":[-106.073937,28.640066]},"properties":{"osm_id":1532630252,"tipo":"semaforo","nombre":""}},{"type":"Feature","geometry":{"type":"Point","coordinates":[-106.07386,28.640135]},"properties":{"osm_id":1532630253,"tipo":"semaforo","nombre":""}},{"type":"Feature","geometry":{"type":"Point","coordinates":[-106.071631,28.625662]},"properties":{"osm_id":1532664868,"tipo":"semaforo","nombre":""}},{"type":"Feature","geometry":{"type":"Point","coordinates":[-106.072647,28.626238]},"properties":{"osm_id":1532664874,"tipo":"alto","nombre":""}},{"type":"Feature","geometry":{"type":"Point","coordinates":[-106.06808,28.624585]},"properties":{"osm_id":1532676199,"tipo":"semaforo","nombre":""}},{"type":"Feature","geometry":{"type":"Point","coordinates":[-106.070112,28.625745]},"properties":{"osm_id":1532676203,"tipo":"semaforo","nombre":""}},{"type":"Feature","geometry":{"type":"Point","coordinates":[-106.068784,28.629549]},"properties":{"osm_id":1532691839,"tipo":"semaforo","nombre":""}},{"type":"Feature","geometry":{"type":"Point","coordinates":[-106.074223,28.640472]},"properties":{"osm_id":1532731872,"tipo":"semaforo","nombre":""}},{"type":"Feature","geometry":{"type":"Point","coordinates":[-106.080057,28.632545]},"properties":{"osm_id":1534081158,"tipo":"semaforo","nombre":""}},{"type":"Feature","geometry":{"type":"Point","coordinates":[-106.150537,28.711107]},"properties":{"osm_id":1537104943,"tipo":"cruce","nombre":""}},{"type":"Feature","geometry":{"type":"Point","coordinates":[-106.150358,28.711283]},"properties":{"osm_id":1537105009,"tipo":"cruce","nombre":""}},{"type":"Feature","geometry":{"type":"Point","coordinates":[-106.084523,28.594618]},"properties":{"osm_id":1584229155,"tipo":"alto","nombre":""}},{"type":"Feature","geometry":{"type":"Point","coordinates":[-106.080288,28.601876]},"properties":{"osm_id":1584229191,"tipo":"alto","nombre":""}},{"type":"Feature","geometry":{"type":"Point","coordinates":[-106.076327,28.607388]},"properties":{"osm_id":1584229255,"tipo":"alto","nombre":""}},{"type":"Feature","geometry":{"type":"Point","coordinates":[-106.080441,28.60972]},"properties":{"osm_id":1584229273,"tipo":"alto","nombre":""}},{"type":"Feature","geometry":{"type":"Point","coordinates":[-106.063569,28.611297]},"properties":{"osm_id":1584229293,"tipo":"semaforo","nombre":""}},{"type":"Feature","geometry":{"type":"Point","coordinates":[-106.072344,28.612816]},"properties":{"osm_id":1584229318,"tipo":"semaforo","nombre":""}},{"type":"Feature","geometry":{"type":"Point","coordinates":[-106.078473,28.616316]},"properties":{"osm_id":1584229513,"tipo":"semaforo","nombre":""}},{"type":"Feature","geometry":{"type":"Point","coordinates":[-106.078554,28.616369]},"properties":{"osm_id":1584229516,"tipo":"semaforo","nombre":""}},{"type":"Feature","geometry":{"type":"Point","coordinates":[-106.080303,28.617347]},"properties":{"osm_id":1584229589,"tipo":"semaforo","nombre":""}},{"type":"Feature","geometry":{"type":"Point","coordinates":[-106.08039,28.617396]},"properties":{"osm_id":1584229592,"tipo":"semaforo","nombre":""}},{"type":"Feature","geometry":{"type":"Point","coordinates":[-106.076387,28.619343]},"properties":{"osm_id":1584229690,"tipo":"semaforo","nombre":""}},{"type":"Feature","geometry":{"type":"Point","coordinates":[-106.076268,28.619381]},"properties":{"osm_id":1584229692,"tipo":"semaforo","nombre":""}},{"type":"Feature","geometry":{"type":"Point","coordinates":[-106.076305,28.619464]},"properties":{"osm_id":1584229693,"tipo":"semaforo","nombre":""}},{"type":"Feature","geometry":{"type":"Point","coordinates":[-106.059919,28.619979]},"properties":{"osm_id":1584229698,"tipo":"semaforo","nombre":""}},{"type":"Feature","geometry":{"type":"Point","coordinates":[-106.060957,28.620573]},"properties":{"osm_id":1584229705,"tipo":"semaforo","nombre":""}},{"type":"Feature","geometry":{"type":"Point","coordinates":[-106.028983,28.623232]},"properties":{"osm_id":1584229724,"tipo":"semaforo","nombre":""}},{"type":"Feature","geometry":{"type":"Point","coordinates":[-106.028845,28.623263]},"properties":{"osm_id":1584229725,"tipo":"semaforo","nombre":""}},{"type":"Feature","geometry":{"type":"Point","coordinates":[-106.029015,28.623354]},"properties":{"osm_id":1584229727,"tipo":"semaforo","nombre":""}},{"type":"Feature","geometry":{"type":"Point","coordinates":[-106.028873,28.623385]},"properties":{"osm_id":1584229728,"tipo":"semaforo","nombre":""}},{"type":"Feature","geometry":{"type":"Point","coordinates":[-106.071713,28.625709]},"properties":{"osm_id":1584229744,"tipo":"semaforo","nombre":""}},{"type":"Feature","geometry":{"type":"Point","coordinates":[-106.051277,28.625851]},"properties":{"osm_id":1584229745,"tipo":"alto","nombre":""}},{"type":"Feature","geometry":{"type":"Point","coordinates":[-106.071211,28.626381]},"properties":{"osm_id":1584229747,"tipo":"semaforo","nombre":""}},{"type":"Feature","geometry":{"type":"Point","coordinates":[-106.068872,28.629597]},"properties":{"osm_id":1584229789,"tipo":"semaforo","nombre":""}},{"type":"Feature","geometry":{"type":"Point","coordinates":[-106.067817,28.630852]},"properties":{"osm_id":1584229814,"tipo":"semaforo","nombre":""}},{"type":"Feature","geometry":{"type":"Point","coordinates":[-106.067911,28.63091]},"properties":{"osm_id":1584229817,"tipo":"semaforo","nombre":""}},{"type":"Feature","geometry":{"type":"Point","coordinates":[-106.065596,28.633928]},"properties":{"osm_id":1584229870,"tipo":"semaforo","nombre":""}},{"type":"Feature","geometry":{"type":"Point","coordinates":[-106.06567,28.633968]},"properties":{"osm_id":1584229871,"tipo":"semaforo","nombre":""}},{"type":"Feature","geometry":{"type":"Point","coordinates":[-106.055332,28.634012]},"properties":{"osm_id":1584229873,"tipo":"alto","nombre":""}},{"type":"Feature","geometry":{"type":"Point","coordinates":[-106.044214,28.635768]},"properties":{"osm_id":1584229930,"tipo":"semaforo","nombre":""}},{"type":"Feature","geometry":{"type":"Point","coordinates":[-106.05398,28.635897]},"properties":{"osm_id":1584229933,"tipo":"alto","nombre":""}},{"type":"Feature","geometry":{"type":"Point","coordinates":[-106.062586,28.638074]},"properties":{"osm_id":1584229988,"tipo":"semaforo","nombre":""}},{"type":"Feature","geometry":{"type":"Point","coordinates":[-106.062673,28.638129]},"properties":{"osm_id":1584229992,"tipo":"semaforo","nombre":""}},{"type":"Feature","geometry":{"type":"Point","coordinates":[-106.051595,28.639238]},"properties":{"osm_id":1584230024,"tipo":"semaforo","nombre":""}},{"type":"Feature","geometry":{"type":"Point","coordinates":[-106.051511,28.639356]},"properties":{"osm_id":1584230026,"tipo":"semaforo","nombre":""}},{"type":"Feature","geometry":{"type":"Point","coordinates":[-106.037432,28.640068]},"properties":{"osm_id":1584230042,"tipo":"alto","nombre":""}},{"type":"Feature","geometry":{"type":"Point","coordinates":[-106.043271,28.642776]},"properties":{"osm_id":1584230097,"tipo":"alto","nombre":""}},{"type":"Feature","geometry":{"type":"Point","coordinates":[-106.058848,28.643414]},"properties":{"osm_id":1584230101,"tipo":"semaforo","nombre":""}},{"type":"Feature","geometry":{"type":"Point","coordinates":[-106.058707,28.643442]},"properties":{"osm_id":1584230102,"tipo":"semaforo","nombre":""}},{"type":"Feature","geometry":{"type":"Point","coordinates":[-106.058791,28.6435]},"properties":{"osm_id":1584230103,"tipo":"semaforo","nombre":""}},{"type":"Feature","geometry":{"type":"Point","coordinates":[-106.013909,28.64522]},"properties":{"osm_id":1584230106,"tipo":"semaforo","nombre":""}},{"type":"Feature","geometry":{"type":"Point","coordinates":[-106.014071,28.645269]},"properties":{"osm_id":1584230108,"tipo":"semaforo","nombre":""}},{"type":"Feature","geometry":{"type":"Point","coordinates":[-106.013854,28.645311]},"properties":{"osm_id":1584230109,"tipo":"semaforo","nombre":""}},{"type":"Feature","geometry":{"type":"Point","coordinates":[-106.014017,28.64536]},"properties":{"osm_id":1584230110,"tipo":"semaforo","nombre":""}},{"type":"Feature","geometry":{"type":"Point","coordinates":[-106.065432,28.64853]},"properties":{"osm_id":1584230114,"tipo":"semaforo","nombre":""}},{"type":"Feature","geometry":{"type":"Point","coordinates":[-106.06551,28.6486]},"properties":{"osm_id":1584230116,"tipo":"semaforo","nombre":""}},{"type":"Feature","geometry":{"type":"Point","coordinates":[-106.068396,28.651006]},"properties":{"osm_id":1584230138,"tipo":"semaforo","nombre":""}},{"type":"Feature","geometry":{"type":"Point","coordinates":[-106.073329,28.60951]},"properties":{"osm_id":1584256103,"tipo":"alto","nombre":""}},{"type":"Feature","geometry":{"type":"Point","coordinates":[-106.074344,28.610083]},"properties":{"osm_id":1584256157,"tipo":"alto","nombre":""}},{"type":"Feature","geometry":{"type":"Point","coordinates":[-106.078438,28.612445]},"properties":{"osm_id":1584256340,"tipo":"alto","nombre":""}},{"type":"Feature","geometry":{"type":"Point","coordinates":[-106.099903,28.607063]},"properties":{"osm_id":1584723856,"tipo":"alto","nombre":""}},{"type":"Feature","geometry":{"type":"Point","coordinates":[-106.101043,28.607447]},"properties":{"osm_id":1584723859,"tipo":"alto","nombre":""}},{"type":"Feature","geometry":{"type":"Point","coordinates":[-106.09522,28.617808]},"properties":{"osm_id":1584724299,"tipo":"alto","nombre":""}},{"type":"Feature","geometry":{"type":"Point","coordinates":[-106.0876,28.620571]},"properties":{"osm_id":1584724379,"tipo":"semaforo","nombre":""}},{"type":"Feature","geometry":{"type":"Point","coordinates":[-106.092044,28.6221]},"properties":{"osm_id":1584724412,"tipo":"semaforo","nombre":""}},{"type":"Feature","geometry":{"type":"Point","coordinates":[-106.099152,28.624464]},"properties":{"osm_id":1584724487,"tipo":"semaforo","nombre":""}},{"type":"Feature","geometry":{"type":"Point","coordinates":[-106.099138,28.624524]},"properties":{"osm_id":1584724488,"tipo":"semaforo","nombre":""}},{"type":"Feature","geometry":{"type":"Point","coordinates":[-106.09924,28.624552]},"properties":{"osm_id":1584724489,"tipo":"semaforo","nombre":""}},{"type":"Feature","geometry":{"type":"Point","coordinates":[-106.108925,28.655187]},"properties":{"osm_id":1584783953,"tipo":"semaforo","nombre":""}},{"type":"Feature","geometry":{"type":"Point","coordinates":[-106.108898,28.655317]},"properties":{"osm_id":1584783954,"tipo":"semaforo","nombre":""}},{"type":"Feature","geometry":{"type":"Point","coordinates":[-106.108839,28.656098]},"properties":{"osm_id":1584783956,"tipo":"semaforo","nombre":""}},{"type":"Feature","geometry":{"type":"Point","coordinates":[-106.108036,28.658892]},"properties":{"osm_id":1584783977,"tipo":"semaforo","nombre":""}},{"type":"Feature","geometry":{"type":"Point","coordinates":[-106.097028,28.661685]},"properties":{"osm_id":1584784029,"tipo":"semaforo","nombre":""}},{"type":"Feature","geometry":{"type":"Point","coordinates":[-106.098644,28.662334]},"properties":{"osm_id":1584784040,"tipo":"alto","nombre":""}},{"type":"Feature","geometry":{"type":"Point","coordinates":[-106.097514,28.662742]},"properties":{"osm_id":1584784045,"tipo":"semaforo","nombre":""}},{"type":"Feature","geometry":{"type":"Point","coordinates":[-106.097358,28.662792]},"properties":{"osm_id":1584784048,"tipo":"semaforo","nombre":""}},{"type":"Feature","geometry":{"type":"Point","coordinates":[-106.099138,28.663388]},"properties":{"osm_id":1584784056,"tipo":"alto","nombre":""}},{"type":"Feature","geometry":{"type":"Point","coordinates":[-106.098009,28.663797]},"properties":{"osm_id":1584784075,"tipo":"semaforo","nombre":""}},{"type":"Feature","geometry":{"type":"Point","coordinates":[-106.106662,28.664358]},"properties":{"osm_id":1584784095,"tipo":"alto","nombre":""}},{"type":"Feature","geometry":{"type":"Point","coordinates":[-106.104245,28.665252]},"properties":{"osm_id":1584784110,"tipo":"alto","nombre":""}},{"type":"Feature","geometry":{"type":"Point","coordinates":[-106.100189,28.665643]},"properties":{"osm_id":1584784117,"tipo":"alto","nombre":""}},{"type":"Feature","geometry":{"type":"Point","coordinates":[-106.103038,28.665679]},"properties":{"osm_id":1584784118,"tipo":"alto","nombre":""}},{"type":"Feature","geometry":{"type":"Point","coordinates":[-106.10063,28.666559]},"properties":{"osm_id":1584784130,"tipo":"alto","nombre":""}},{"type":"Feature","geometry":{"type":"Point","coordinates":[-106.099498,28.666972]},"properties":{"osm_id":1584784138,"tipo":"semaforo","nombre":""}},{"type":"Feature","geometry":{"type":"Point","coordinates":[-106.099331,28.667033]},"properties":{"osm_id":1584784139,"tipo":"semaforo","nombre":""}},{"type":"Feature","geometry":{"type":"Point","coordinates":[-106.099986,28.668022]},"properties":{"osm_id":1584784158,"tipo":"semaforo","nombre":""}},{"type":"Feature","geometry":{"type":"Point","coordinates":[-106.105735,28.668419]},"properties":{"osm_id":1584784164,"tipo":"alto","nombre":""}},{"type":"Feature","geometry":{"type":"Point","coordinates":[-106.104578,28.668841]},"properties":{"osm_id":1584784176,"tipo":"alto","nombre":""}},{"type":"Feature","geometry":{"type":"Point","coordinates":[-106.10447,28.66888]},"properties":{"osm_id":1584784178,"tipo":"alto","nombre":""}},{"type":"Feature","geometry":{"type":"Point","coordinates":[-106.100479,28.669083]},"properties":{"osm_id":1584784181,"tipo":"semaforo","nombre":""}},{"type":"Feature","geometry":{"type":"Point","coordinates":[-106.10213,28.669721]},"properties":{"osm_id":1584784190,"tipo":"alto","nombre":""}},{"type":"Feature","geometry":{"type":"Point","coordinates":[-106.100812,28.670202]},"properties":{"osm_id":1584784198,"tipo":"semaforo","nombre":""}},{"type":"Feature","geometry":{"type":"Point","coordinates":[-106.101468,28.671214]},"properties":{"osm_id":1584784212,"tipo":"semaforo","nombre":""}},{"type":"Feature","geometry":{"type":"Point","coordinates":[-106.101343,28.671259]},"properties":{"osm_id":1584784214,"tipo":"semaforo","nombre":""}},{"type":"Feature","geometry":{"type":"Point","coordinates":[-106.106079,28.672293]},"properties":{"osm_id":1584784225,"tipo":"semaforo","nombre":""}},{"type":"Feature","geometry":{"type":"Point","coordinates":[-106.102515,28.673435]},"properties":{"osm_id":1584784229,"tipo":"semaforo","nombre":""}},{"type":"Feature","geometry":{"type":"Point","coordinates":[-106.102355,28.673479]},"properties":{"osm_id":1584784230,"tipo":"semaforo","nombre":""}},{"type":"Feature","geometry":{"type":"Point","coordinates":[-106.129886,28.66481]},"properties":{"osm_id":1585190196,"tipo":"semaforo","nombre":""}},{"type":"Feature","geometry":{"type":"Point","coordinates":[-106.129463,28.664904]},"properties":{"osm_id":1585190212,"tipo":"semaforo","nombre":""}},{"type":"Feature","geometry":{"type":"Point","coordinates":[-106.129936,28.665287]},"properties":{"osm_id":1585190277,"tipo":"semaforo","nombre":""}},{"type":"Feature","geometry":{"type":"Point","coordinates":[-106.129531,28.665379]},"properties":{"osm_id":1585190293,"tipo":"semaforo","nombre":""}},{"type":"Feature","geometry":{"type":"Point","coordinates":[-106.125715,28.665665]},"properties":{"osm_id":1585190355,"tipo":"semaforo","nombre":""}},{"type":"Feature","geometry":{"type":"Point","coordinates":[-106.125632,28.665655]},"properties":{"osm_id":1585190356,"tipo":"semaforo","nombre":""}},{"type":"Feature","geometry":{"type":"Point","coordinates":[-106.125527,28.665932]},"properties":{"osm_id":1585190385,"tipo":"semaforo","nombre":""}},{"type":"Feature","geometry":{"type":"Point","coordinates":[-106.125603,28.665954]},"properties":{"osm_id":1585190389,"tipo":"semaforo","nombre":""}},{"type":"Feature","geometry":{"type":"Point","coordinates":[-106.125451,28.667815]},"properties":{"osm_id":1585190574,"tipo":"alto","nombre":""}},{"type":"Feature","geometry":{"type":"Point","coordinates":[-106.117017,28.668995]},"properties":{"osm_id":1585190790,"tipo":"alto","nombre":""}},{"type":"Feature","geometry":{"type":"Point","coordinates":[-106.117051,28.669069]},"properties":{"osm_id":1585190797,"tipo":"alto","nombre":""}},{"type":"Feature","geometry":{"type":"Point","coordinates":[-106.128447,28.671457]},"properties":{"osm_id":1585191259,"tipo":"alto","nombre":""}},{"type":"Feature","geometry":{"type":"Point","coordinates":[-106.128354,28.671495]},"properties":{"osm_id":1585191268,"tipo":"alto","nombre":""}},{"type":"Feature","geometry":{"type":"Point","coordinates":[-106.126867,28.677465]},"properties":{"osm_id":1585191359,"tipo":"semaforo","nombre":""}},{"type":"Feature","geometry":{"type":"Point","coordinates":[-106.12693,28.67758]},"properties":{"osm_id":1585191361,"tipo":"semaforo","nombre":""}},{"type":"Feature","geometry":{"type":"Point","coordinates":[-106.111869,28.68964]},"properties":{"osm_id":1585221106,"tipo":"semaforo","nombre":""}},{"type":"Feature","geometry":{"type":"Point","coordinates":[-106.112747,28.690278]},"properties":{"osm_id":1585221151,"tipo":"semaforo","nombre":""}},{"type":"Feature","geometry":{"type":"Point","coordinates":[-106.112599,28.690391]},"properties":{"osm_id":1585221163,"tipo":"semaforo","nombre":""}},{"type":"Feature","geometry":{"type":"Point","coordinates":[-106.110183,28.69076]},"properties":{"osm_id":1585221180,"tipo":"alto","nombre":""}},{"type":"Feature","geometry":{"type":"Point","coordinates":[-106.110396,28.691205]},"properties":{"osm_id":1585221205,"tipo":"alto","nombre":""}},{"type":"Feature","geometry":{"type":"Point","coordinates":[-106.103653,28.691371]},"properties":{"osm_id":1585221216,"tipo":"alto","nombre":""}},{"type":"Feature","geometry":{"type":"Point","coordinates":[-106.104329,28.692824]},"properties":{"osm_id":1585221362,"tipo":"alto","nombre":""}},{"type":"Feature","geometry":{"type":"Point","coordinates":[-106.111614,28.693739]},"properties":{"osm_id":1585221508,"tipo":"alto","nombre":""}},{"type":"Feature","geometry":{"type":"Point","coordinates":[-106.097432,28.695837]},"properties":{"osm_id":1585221592,"tipo":"alto","nombre":""}},{"type":"Feature","geometry":{"type":"Point","coordinates":[-106.097342,28.695868]},"properties":{"osm_id":1585221594,"tipo":"alto","nombre":""}},{"type":"Feature","geometry":{"type":"Point","coordinates":[-106.112107,28.694777]},"properties":{"osm_id":1585373521,"tipo":"alto","nombre":""}},{"type":"Feature","geometry":{"type":"Point","coordinates":[-106.116995,28.694987]},"properties":{"osm_id":1585373523,"tipo":"semaforo","nombre":""}},{"type":"Feature","geometry":{"type":"Point","coordinates":[-106.112981,28.696592]},"properties":{"osm_id":1585373564,"tipo":"alto","nombre":""}},{"type":"Feature","geometry":{"type":"Point","coordinates":[-106.106346,28.697057]},"properties":{"osm_id":1585373591,"tipo":"alto","nombre":""}},{"type":"Feature","geometry":{"type":"Point","coordinates":[-106.114001,28.698724]},"properties":{"osm_id":1585373668,"tipo":"alto","nombre":""}},{"type":"Feature","geometry":{"type":"Point","coordinates":[-106.107215,28.698888]},"properties":{"osm_id":1585373673,"tipo":"alto","nombre":""}},{"type":"Feature","geometry":{"type":"Point","coordinates":[-106.108028,28.700629]},"properties":{"osm_id":1585373793,"tipo":"alto","nombre":""}},{"type":"Feature","geometry":{"type":"Point","coordinates":[-106.115452,28.701761]},"properties":{"osm_id":1585373894,"tipo":"alto","nombre":""}},{"type":"Feature","geometry":{"type":"Point","coordinates":[-106.11287,28.709476]},"properties":{"osm_id":1585374168,"tipo":"semaforo","nombre":""}},{"type":"Feature","geometry":{"type":"Point","coordinates":[-106.105238,28.712471]},"properties":{"osm_id":1585374170,"tipo":"semaforo","nombre":""}},{"type":"Feature","geometry":{"type":"Point","coordinates":[-106.09406,28.703855]},"properties":{"osm_id":1585379562,"tipo":"alto","nombre":""}},{"type":"Feature","geometry":{"type":"Point","coordinates":[-106.1164,28.678165]},"properties":{"osm_id":1585994995,"tipo":"semaforo","nombre":""}},{"type":"Feature","geometry":{"type":"Point","coordinates":[-106.107841,28.680848]},"properties":{"osm_id":1585995540,"tipo":"semaforo","nombre":""}},{"type":"Feature","geometry":{"type":"Point","coordinates":[-106.107904,28.680908]},"properties":{"osm_id":1585995551,"tipo":"semaforo","nombre":""}},{"type":"Feature","geometry":{"type":"Point","coordinates":[-106.124617,28.681632]},"properties":{"osm_id":1585995623,"tipo":"alto","nombre":""}},{"type":"Feature","geometry":{"type":"Point","coordinates":[-106.129952,28.683993]},"properties":{"osm_id":1585995794,"tipo":"alto","nombre":""}},{"type":"Feature","geometry":{"type":"Point","coordinates":[-106.124415,28.685999]},"properties":{"osm_id":1585995976,"tipo":"alto","nombre":""}},{"type":"Feature","geometry":{"type":"Point","coordinates":[-106.125749,28.688764]},"properties":{"osm_id":1585996084,"tipo":"alto","nombre":""}},{"type":"Feature","geometry":{"type":"Point","coordinates":[-106.094857,28.659487]},"properties":{"osm_id":1586385808,"tipo":"semaforo","nombre":""}},{"type":"Feature","geometry":{"type":"Point","coordinates":[-106.093025,28.662422]},"properties":{"osm_id":1586385812,"tipo":"alto","nombre":""}},{"type":"Feature","geometry":{"type":"Point","coordinates":[-106.097007,28.66788]},"properties":{"osm_id":1586385893,"tipo":"alto","nombre":""}},{"type":"Feature","geometry":{"type":"Point","coordinates":[-106.099851,28.668088]},"properties":{"osm_id":1586385895,"tipo":"semaforo","nombre":""}},{"type":"Feature","geometry":{"type":"Point","coordinates":[-106.094016,28.668971]},"properties":{"osm_id":1586385910,"tipo":"semaforo","nombre":""}},{"type":"Feature","geometry":{"type":"Point","coordinates":[-106.093844,28.669034]},"properties":{"osm_id":1586385913,"tipo":"semaforo","nombre":""}},{"type":"Feature","geometry":{"type":"Point","coordinates":[-106.097998,28.669999]},"properties":{"osm_id":1586385941,"tipo":"alto","nombre":""}},{"type":"Feature","geometry":{"type":"Point","coordinates":[-106.097052,28.6716]},"properties":{"osm_id":1586385963,"tipo":"semaforo","nombre":""}},{"type":"Feature","geometry":{"type":"Point","coordinates":[-106.100087,28.674205]},"properties":{"osm_id":1586386063,"tipo":"semaforo","nombre":""}},{"type":"Feature","geometry":{"type":"Point","coordinates":[-106.099891,28.674267]},"properties":{"osm_id":1586386065,"tipo":"semaforo","nombre":""}},{"type":"Feature","geometry":{"type":"Point","coordinates":[-106.103079,28.674662]},"properties":{"osm_id":1586386079,"tipo":"semaforo","nombre":""}},{"type":"Feature","geometry":{"type":"Point","coordinates":[-106.102953,28.674694]},"properties":{"osm_id":1586386081,"tipo":"semaforo","nombre":""}},{"type":"Feature","geometry":{"type":"Point","coordinates":[-106.087669,28.675002]},"properties":{"osm_id":1586386097,"tipo":"alto","nombre":""}},{"type":"Feature","geometry":{"type":"Point","coordinates":[-106.103528,28.675598]},"properties":{"osm_id":1586386118,"tipo":"semaforo","nombre":""}},{"type":"Feature","geometry":{"type":"Point","coordinates":[-106.103384,28.675637]},"properties":{"osm_id":1586386120,"tipo":"semaforo","nombre":""}},{"type":"Feature","geometry":{"type":"Point","coordinates":[-106.10382,28.676584]},"properties":{"osm_id":1586386165,"tipo":"semaforo","nombre":""}},{"type":"Feature","geometry":{"type":"Point","coordinates":[-106.104587,28.678126]},"properties":{"osm_id":1586386272,"tipo":"semaforo","nombre":""}},{"type":"Feature","geometry":{"type":"Point","coordinates":[-106.107314,28.681029]},"properties":{"osm_id":1586386394,"tipo":"semaforo","nombre":""}},{"type":"Feature","geometry":{"type":"Point","coordinates":[-106.107401,28.681112]},"properties":{"osm_id":1586386397,"tipo":"semaforo","nombre":""}},{"type":"Feature","geometry":{"type":"Point","coordinates":[-106.100246,28.644441]},"properties":{"osm_id":1587356522,"tipo":"semaforo","nombre":""}},{"type":"Feature","geometry":{"type":"Point","coordinates":[-106.110514,28.648763]},"properties":{"osm_id":1587356733,"tipo":"semaforo","nombre":""}},{"type":"Feature","geometry":{"type":"Point","coordinates":[-106.110373,28.648868]},"properties":{"osm_id":1587356741,"tipo":"semaforo","nombre":""}},{"type":"Feature","geometry":{"type":"Point","coordinates":[-106.110485,28.648888]},"properties":{"osm_id":1587356744,"tipo":"semaforo","nombre":""}},{"type":"Feature","geometry":{"type":"Point","coordinates":[-106.110054,28.650794]},"properties":{"osm_id":1587356835,"tipo":"alto","nombre":""}},{"type":"Feature","geometry":{"type":"Point","coordinates":[-106.098916,28.650854]},"properties":{"osm_id":1587356839,"tipo":"semaforo","nombre":""}},{"type":"Feature","geometry":{"type":"Point","coordinates":[-106.119414,28.652301]},"properties":{"osm_id":1587356911,"tipo":"semaforo","nombre":""}},{"type":"Feature","geometry":{"type":"Point","coordinates":[-106.110644,28.65552]},"properties":{"osm_id":1587357085,"tipo":"semaforo","nombre":""}},{"type":"Feature","geometry":{"type":"Point","coordinates":[-106.110454,28.655589]},"properties":{"osm_id":1587357088,"tipo":"semaforo","nombre":""}},{"type":"Feature","geometry":{"type":"Point","coordinates":[-106.108707,28.656145]},"properties":{"osm_id":1587357121,"tipo":"semaforo","nombre":""}},{"type":"Feature","geometry":{"type":"Point","coordinates":[-106.108819,28.656185]},"properties":{"osm_id":1587357124,"tipo":"semaforo","nombre":""}},{"type":"Feature","geometry":{"type":"Point","coordinates":[-106.12239,28.65865]},"properties":{"osm_id":1587357290,"tipo":"alto","nombre":""}},{"type":"Feature","geometry":{"type":"Point","coordinates":[-106.122441,28.658762]},"properties":{"osm_id":1587357298,"tipo":"alto","nombre":""}},{"type":"Feature","geometry":{"type":"Point","coordinates":[-106.10143,28.658803]},"properties":{"osm_id":1587357299,"tipo":"semaforo","nombre":""}},{"type":"Feature","geometry":{"type":"Point","coordinates":[-106.101254,28.658869]},"properties":{"osm_id":1587357304,"tipo":"semaforo","nombre":""}},{"type":"Feature","geometry":{"type":"Point","coordinates":[-106.097639,28.660183]},"properties":{"osm_id":1587357328,"tipo":"semaforo","nombre":""}},{"type":"Feature","geometry":{"type":"Point","coordinates":[-106.096201,28.66073]},"properties":{"osm_id":1587357336,"tipo":"semaforo","nombre":""}},{"type":"Feature","geometry":{"type":"Point","coordinates":[-106.096042,28.660796]},"properties":{"osm_id":1587357337,"tipo":"semaforo","nombre":""}},{"type":"Feature","geometry":{"type":"Point","coordinates":[-106.090857,28.666443]},"properties":{"osm_id":1587563990,"tipo":"semaforo","nombre":""}},{"type":"Feature","geometry":{"type":"Point","coordinates":[-106.039543,28.634106]},"properties":{"osm_id":1588099549,"tipo":"semaforo","nombre":""}},{"type":"Feature","geometry":{"type":"Point","coordinates":[-106.039437,28.634243]},"properties":{"osm_id":1588099550,"tipo":"semaforo","nombre":""}},{"type":"Feature","geometry":{"type":"Point","coordinates":[-106.036614,28.647507]},"properties":{"osm_id":1588099950,"tipo":"alto","nombre":""}},{"type":"Feature","geometry":{"type":"Point","coordinates":[-106.033495,28.651513]},"properties":{"osm_id":1588100015,"tipo":"semaforo","nombre":""}},{"type":"Feature","geometry":{"type":"Point","coordinates":[-106.072271,28.638686]},"properties":{"osm_id":1589296194,"tipo":"semaforo","nombre":""}},{"type":"Feature","geometry":{"type":"Point","coordinates":[-106.067904,28.64618]},"properties":{"osm_id":1589297061,"tipo":"semaforo","nombre":""}},{"type":"Feature","geometry":{"type":"Point","coordinates":[-106.067667,28.646219]},"properties":{"osm_id":1589297070,"tipo":"semaforo","nombre":""}},{"type":"Feature","geometry":{"type":"Point","coordinates":[-106.067652,28.646436]},"properties":{"osm_id":1589297100,"tipo":"semaforo","nombre":""}},{"type":"Feature","geometry":{"type":"Point","coordinates":[-106.062821,28.646434]},"properties":{"osm_id":1589297107,"tipo":"semaforo","nombre":""}},{"type":"Feature","geometry":{"type":"Point","coordinates":[-106.062751,28.646504]},"properties":{"osm_id":1589297132,"tipo":"semaforo","nombre":""}},{"type":"Feature","geometry":{"type":"Point","coordinates":[-106.072655,28.661277]},"properties":{"osm_id":1589400340,"tipo":"alto","nombre":""}},{"type":"Feature","geometry":{"type":"Point","coordinates":[-106.110801,28.621775]},"properties":{"osm_id":1589551932,"tipo":"semaforo","nombre":""}},{"type":"Feature","geometry":{"type":"Point","coordinates":[-106.099046,28.624428]},"properties":{"osm_id":1589552109,"tipo":"semaforo","nombre":""}},{"type":"Feature","geometry":{"type":"Point","coordinates":[-106.099032,28.624497]},"properties":{"osm_id":1589552112,"tipo":"semaforo","nombre":""}},{"type":"Feature","geometry":{"type":"Point","coordinates":[-106.112211,28.625379]},"properties":{"osm_id":1589552251,"tipo":"alto","nombre":""}},{"type":"Feature","geometry":{"type":"Point","coordinates":[-106.112083,28.625436]},"properties":{"osm_id":1589552261,"tipo":"alto","nombre":""}},{"type":"Feature","geometry":{"type":"Point","coordinates":[-106.105279,28.62905]},"properties":{"osm_id":1589552822,"tipo":"alto","nombre":""}},{"type":"Feature","geometry":{"type":"Point","coordinates":[-106.101002,28.629608]},"properties":{"osm_id":1589552883,"tipo":"alto","nombre":""}},{"type":"Feature","geometry":{"type":"Point","coordinates":[-106.098239,28.629625]},"properties":{"osm_id":1589552884,"tipo":"semaforo","nombre":""}},{"type":"Feature","geometry":{"type":"Point","coordinates":[-106.098332,28.629636]},"properties":{"osm_id":1589552885,"tipo":"semaforo","nombre":""}},{"type":"Feature","geometry":{"type":"Point","coordinates":[-106.098448,28.62965]},"properties":{"osm_id":1589552886,"tipo":"semaforo","nombre":""}},{"type":"Feature","geometry":{"type":"Point","coordinates":[-106.098539,28.629662]},"properties":{"osm_id":1589552897,"tipo":"semaforo","nombre":""}},{"type":"Feature","geometry":{"type":"Point","coordinates":[-106.101167,28.632312]},"properties":{"osm_id":1589553165,"tipo":"alto","nombre":""}},{"type":"Feature","geometry":{"type":"Point","coordinates":[-106.087128,28.634249]},"properties":{"osm_id":1589553378,"tipo":"semaforo","nombre":""}},{"type":"Feature","geometry":{"type":"Point","coordinates":[-106.097745,28.63443]},"properties":{"osm_id":1589553406,"tipo":"semaforo","nombre":""}},{"type":"Feature","geometry":{"type":"Point","coordinates":[-106.097837,28.634437]},"properties":{"osm_id":1589553407,"tipo":"semaforo","nombre":""}},{"type":"Feature","geometry":{"type":"Point","coordinates":[-106.097523,28.634499]},"properties":{"osm_id":1589553409,"tipo":"semaforo","nombre":""}},{"type":"Feature","geometry":{"type":"Point","coordinates":[-106.097738,28.63451]},"properties":{"osm_id":1589553418,"tipo":"semaforo","nombre":""}},{"type":"Feature","geometry":{"type":"Point","coordinates":[-106.097835,28.634518]},"properties":{"osm_id":1589553420,"tipo":"semaforo","nombre":""}},{"type":"Feature","geometry":{"type":"Point","coordinates":[-106.101783,28.634752]},"properties":{"osm_id":1589553443,"tipo":"alto","nombre":""}},{"type":"Feature","geometry":{"type":"Point","coordinates":[-106.10178,28.634832]},"properties":{"osm_id":1589553451,"tipo":"alto","nombre":""}},{"type":"Feature","geometry":{"type":"Point","coordinates":[-106.002431,28.602782]},"properties":{"osm_id":1591091346,"tipo":"alto","nombre":""}},{"type":"Feature","geometry":{"type":"Point","coordinates":[-106.110644,28.589899]},"properties":{"osm_id":1627159349,"tipo":"semaforo","nombre":""}},{"type":"Feature","geometry":{"type":"Point","coordinates":[-106.080842,28.646503]},"properties":{"osm_id":1642671946,"tipo":"semaforo","nombre":""}},{"type":"Feature","geometry":{"type":"Point","coordinates":[-106.099217,28.648871]},"properties":{"osm_id":1643740979,"tipo":"semaforo","nombre":""}},{"type":"Feature","geometry":{"type":"Point","coordinates":[-106.080772,28.64657]},"properties":{"osm_id":1643784248,"tipo":"semaforo","nombre":""}},{"type":"Feature","geometry":{"type":"Point","coordinates":[-106.068794,28.663157]},"properties":{"osm_id":1643819115,"tipo":"semaforo","nombre":""}},{"type":"Feature","geometry":{"type":"Point","coordinates":[-106.072055,28.662696]},"properties":{"osm_id":1651057264,"tipo":"cruce","nombre":""}},{"type":"Feature","geometry":{"type":"Point","coordinates":[-106.076803,28.667812]},"properties":{"osm_id":1651088139,"tipo":"semaforo","nombre":""}},{"type":"Feature","geometry":{"type":"Point","coordinates":[-106.076687,28.667849]},"properties":{"osm_id":1651088154,"tipo":"semaforo","nombre":""}},{"type":"Feature","geometry":{"type":"Point","coordinates":[-106.080024,28.677132]},"properties":{"osm_id":1652375356,"tipo":"semaforo","nombre":""}},{"type":"Feature","geometry":{"type":"Point","coordinates":[-106.080148,28.677099]},"properties":{"osm_id":1653752956,"tipo":"semaforo","nombre":""}},{"type":"Feature","geometry":{"type":"Point","coordinates":[-106.087552,28.675035]},"properties":{"osm_id":1653753043,"tipo":"alto","nombre":""}},{"type":"Feature","geometry":{"type":"Point","coordinates":[-106.062847,28.659264]},"properties":{"osm_id":1660561622,"tipo":"semaforo","nombre":""}},{"type":"Feature","geometry":{"type":"Point","coordinates":[-106.062868,28.659405]},"properties":{"osm_id":1660561627,"tipo":"semaforo","nombre":""}},{"type":"Feature","geometry":{"type":"Point","coordinates":[-106.06289,28.65957]},"properties":{"osm_id":1660561631,"tipo":"semaforo","nombre":""}},{"type":"Feature","geometry":{"type":"Point","coordinates":[-106.079536,28.632323]},"properties":{"osm_id":1660660675,"tipo":"semaforo","nombre":""}},{"type":"Feature","geometry":{"type":"Point","coordinates":[-106.079969,28.632637]},"properties":{"osm_id":1660660679,"tipo":"semaforo","nombre":""}},{"type":"Feature","geometry":{"type":"Point","coordinates":[-106.080961,28.632975]},"properties":{"osm_id":1660660683,"tipo":"parada","nombre":""}},{"type":"Feature","geometry":{"type":"Point","coordinates":[-106.121092,28.631907]},"properties":{"osm_id":1793867985,"tipo":"semaforo","nombre":""}},{"type":"Feature","geometry":{"type":"Point","coordinates":[-106.113555,28.633831]},"properties":{"osm_id":1793868058,"tipo":"alto","nombre":""}},{"type":"Feature","geometry":{"type":"Point","coordinates":[-106.113631,28.633834]},"properties":{"osm_id":1797407405,"tipo":"alto","nombre":""}},{"type":"Feature","geometry":{"type":"Point","coordinates":[-106.114522,28.638682]},"properties":{"osm_id":1797407606,"tipo":"alto","nombre":""}},{"type":"Feature","geometry":{"type":"Point","coordinates":[-106.114272,28.644609]},"properties":{"osm_id":1797407814,"tipo":"alto","nombre":""}},{"type":"Feature","geometry":{"type":"Point","coordinates":[-106.138713,28.648479]},"properties":{"osm_id":1797545614,"tipo":"semaforo","nombre":""}},{"type":"Feature","geometry":{"type":"Point","coordinates":[-106.138384,28.648548]},"properties":{"osm_id":1797545618,"tipo":"semaforo","nombre":""}},{"type":"Feature","geometry":{"type":"Point","coordinates":[-106.138778,28.648714]},"properties":{"osm_id":1797545625,"tipo":"semaforo","nombre":""}},{"type":"Feature","geometry":{"type":"Point","coordinates":[-106.138433,28.648784]},"properties":{"osm_id":1797545629,"tipo":"semaforo","nombre":""}},{"type":"Feature","geometry":{"type":"Point","coordinates":[-105.995974,28.676955]},"properties":{"osm_id":1833052332,"tipo":"semaforo","nombre":""}},{"type":"Feature","geometry":{"type":"Point","coordinates":[-106.022502,28.619402]},"properties":{"osm_id":1862786841,"tipo":"semaforo","nombre":""}},{"type":"Feature","geometry":{"type":"Point","coordinates":[-106.022471,28.61954]},"properties":{"osm_id":1862786842,"tipo":"semaforo","nombre":""}},{"type":"Feature","geometry":{"type":"Point","coordinates":[-106.093462,28.641774]},"properties":{"osm_id":1862786878,"tipo":"semaforo","nombre":""}},{"type":"Feature","geometry":{"type":"Point","coordinates":[-106.080013,28.645741]},"properties":{"osm_id":1862786894,"tipo":"semaforo","nombre":""}},{"type":"Feature","geometry":{"type":"Point","coordinates":[-106.147641,28.713466]},"properties":{"osm_id":1862786951,"tipo":"semaforo","nombre":""}},{"type":"Feature","geometry":{"type":"Point","coordinates":[-106.147704,28.713542]},"properties":{"osm_id":1862786952,"tipo":"semaforo","nombre":""}},{"type":"Feature","geometry":{"type":"Point","coordinates":[-106.147269,28.713733]},"properties":{"osm_id":1862786953,"tipo":"semaforo","nombre":""}},{"type":"Feature","geometry":{"type":"Point","coordinates":[-106.147324,28.713799]},"properties":{"osm_id":1862786954,"tipo":"semaforo","nombre":""}},{"type":"Feature","geometry":{"type":"Point","coordinates":[-106.139442,28.717977]},"properties":{"osm_id":1862786955,"tipo":"semaforo","nombre":""}},{"type":"Feature","geometry":{"type":"Point","coordinates":[-106.016916,28.617157]},"properties":{"osm_id":1862804619,"tipo":"semaforo","nombre":""}},{"type":"Feature","geometry":{"type":"Point","coordinates":[-106.016799,28.617442]},"properties":{"osm_id":1862804621,"tipo":"semaforo","nombre":""}},{"type":"Feature","geometry":{"type":"Point","coordinates":[-106.081559,28.650434]},"properties":{"osm_id":1862804662,"tipo":"alto","nombre":""}},{"type":"Feature","geometry":{"type":"Point","coordinates":[-106.092378,28.657185]},"properties":{"osm_id":1862804691,"tipo":"semaforo","nombre":""}},{"type":"Feature","geometry":{"type":"Point","coordinates":[-106.092952,28.657711]},"properties":{"osm_id":1862804695,"tipo":"semaforo","nombre":""}},{"type":"Feature","geometry":{"type":"Point","coordinates":[-106.093589,28.658294]},"properties":{"osm_id":1862804716,"tipo":"semaforo","nombre":""}},{"type":"Feature","geometry":{"type":"Point","coordinates":[-106.094229,28.658893]},"properties":{"osm_id":1862804718,"tipo":"semaforo","nombre":""}},{"type":"Feature","geometry":{"type":"Point","coordinates":[-106.120705,28.632223]},"properties":{"osm_id":1984557760,"tipo":"semaforo","nombre":""}},{"type":"Feature","geometry":{"type":"Point","coordinates":[-106.129059,28.658809]},"properties":{"osm_id":1984558046,"tipo":"semaforo","nombre":""}},{"type":"Feature","geometry":{"type":"Point","coordinates":[-106.096576,28.595945]},"properties":{"osm_id":2028671431,"tipo":"alto","nombre":""}},{"type":"Feature","geometry":{"type":"Point","coordinates":[-106.098574,28.59727]},"properties":{"osm_id":2028671445,"tipo":"alto","nombre":""}},{"type":"Feature","geometry":{"type":"Point","coordinates":[-105.995905,28.676777]},"properties":{"osm_id":2039198848,"tipo":"semaforo","nombre":""}},{"type":"Feature","geometry":{"type":"Point","coordinates":[-105.996035,28.676864]},"properties":{"osm_id":2039198850,"tipo":"semaforo","nombre":""}},{"type":"Feature","geometry":{"type":"Point","coordinates":[-106.108086,28.613114]},"properties":{"osm_id":2089517657,"tipo":"cruce","nombre":""}},{"type":"Feature","geometry":{"type":"Point","coordinates":[-106.055533,28.622046]},"properties":{"osm_id":2089517665,"tipo":"alto","nombre":""}},{"type":"Feature","geometry":{"type":"Point","coordinates":[-106.064013,28.622308]},"properties":{"osm_id":2089517666,"tipo":"semaforo","nombre":""}},{"type":"Feature","geometry":{"type":"Point","coordinates":[-106.05861,28.623777]},"properties":{"osm_id":2089517672,"tipo":"alto","nombre":""}},{"type":"Feature","geometry":{"type":"Point","coordinates":[-106.136406,28.683428]},"properties":{"osm_id":2093372821,"tipo":"semaforo","nombre":""}},{"type":"Feature","geometry":{"type":"Point","coordinates":[-106.149524,28.692617]},"properties":{"osm_id":2093372955,"tipo":"alto","nombre":""}},{"type":"Feature","geometry":{"type":"Point","coordinates":[-106.03171,28.617202]},"properties":{"osm_id":2113718493,"tipo":"semaforo","nombre":""}},{"type":"Feature","geometry":{"type":"Point","coordinates":[-106.114419,28.638672]},"properties":{"osm_id":2354065711,"tipo":"alto","nombre":""}},{"type":"Feature","geometry":{"type":"Point","coordinates":[-106.112167,28.644039]},"properties":{"osm_id":2354066094,"tipo":"semaforo","nombre":""}},{"type":"Feature","geometry":{"type":"Point","coordinates":[-106.076695,28.633243]},"properties":{"osm_id":2354109497,"tipo":"semaforo","nombre":""}},{"type":"Feature","geometry":{"type":"Point","coordinates":[-106.073202,28.637336]},"properties":{"osm_id":2354118839,"tipo":"cruce","nombre":""}},{"type":"Feature","geometry":{"type":"Point","coordinates":[-106.06201,28.621148]},"properties":{"osm_id":2354126229,"tipo":"semaforo","nombre":""}},{"type":"Feature","geometry":{"type":"Point","coordinates":[-106.058355,28.618135]},"properties":{"osm_id":2354135373,"tipo":"semaforo","nombre":""}},{"type":"Feature","geometry":{"type":"Point","coordinates":[-106.085266,28.66162]},"properties":{"osm_id":2354146389,"tipo":"semaforo","nombre":""}},{"type":"Feature","geometry":{"type":"Point","coordinates":[-106.122107,28.675151]},"properties":{"osm_id":2354201598,"tipo":"alto","nombre":""}},{"type":"Feature","geometry":{"type":"Point","coordinates":[-106.136056,28.683478]},"properties":{"osm_id":2354789287,"tipo":"semaforo","nombre":""}},{"type":"Feature","geometry":{"type":"Point","coordinates":[-106.117247,28.694958]},"properties":{"osm_id":2354803835,"tipo":"semaforo","nombre":""}},{"type":"Feature","geometry":{"type":"Point","coordinates":[-106.093778,28.712443]},"properties":{"osm_id":2354820043,"tipo":"semaforo","nombre":""}},{"type":"Feature","geometry":{"type":"Point","coordinates":[-106.093938,28.712518]},"properties":{"osm_id":2354820048,"tipo":"semaforo","nombre":""}},{"type":"Feature","geometry":{"type":"Point","coordinates":[-106.093837,28.712531]},"properties":{"osm_id":2354820051,"tipo":"semaforo","nombre":""}},{"type":"Feature","geometry":{"type":"Point","coordinates":[-106.09309,28.716987]},"properties":{"osm_id":2354820253,"tipo":"alto","nombre":""}},{"type":"Feature","geometry":{"type":"Point","coordinates":[-106.092999,28.717001]},"properties":{"osm_id":2354820257,"tipo":"alto","nombre":""}},{"type":"Feature","geometry":{"type":"Point","coordinates":[-106.093109,28.717091]},"properties":{"osm_id":2354820259,"tipo":"alto","nombre":""}},{"type":"Feature","geometry":{"type":"Point","coordinates":[-106.09302,28.717105]},"properties":{"osm_id":2354820262,"tipo":"alto","nombre":""}},{"type":"Feature","geometry":{"type":"Point","coordinates":[-106.088498,28.71774]},"properties":{"osm_id":2354820289,"tipo":"alto","nombre":""}},{"type":"Feature","geometry":{"type":"Point","coordinates":[-106.088542,28.717837]},"properties":{"osm_id":2354820291,"tipo":"alto","nombre":""}},{"type":"Feature","geometry":{"type":"Point","coordinates":[-106.088437,28.717855]},"properties":{"osm_id":2354820293,"tipo":"alto","nombre":""}},{"type":"Feature","geometry":{"type":"Point","coordinates":[-106.095654,28.729351]},"properties":{"osm_id":2354825184,"tipo":"semaforo","nombre":""}},{"type":"Feature","geometry":{"type":"Point","coordinates":[-106.09553,28.729376]},"properties":{"osm_id":2354825185,"tipo":"semaforo","nombre":""}},{"type":"Feature","geometry":{"type":"Point","coordinates":[-106.118836,28.72159]},"properties":{"osm_id":2354829832,"tipo":"alto","nombre":""}},{"type":"Feature","geometry":{"type":"Point","coordinates":[-106.120155,28.726473]},"properties":{"osm_id":2354832519,"tipo":"semaforo","nombre":""}},{"type":"Feature","geometry":{"type":"Point","coordinates":[-106.095624,28.729235]},"properties":{"osm_id":2354848120,"tipo":"semaforo","nombre":""}},{"type":"Feature","geometry":{"type":"Point","coordinates":[-106.0955,28.729253]},"properties":{"osm_id":2354848121,"tipo":"semaforo","nombre":""}},{"type":"Feature","geometry":{"type":"Point","coordinates":[-106.095702,28.729615]},"properties":{"osm_id":2354848130,"tipo":"semaforo","nombre":""}},{"type":"Feature","geometry":{"type":"Point","coordinates":[-106.095595,28.729634]},"properties":{"osm_id":2354848131,"tipo":"semaforo","nombre":""}},{"type":"Feature","geometry":{"type":"Point","coordinates":[-106.120069,28.726505]},"properties":{"osm_id":2354854099,"tipo":"semaforo","nombre":""}},{"type":"Feature","geometry":{"type":"Point","coordinates":[-106.127522,28.747069]},"properties":{"osm_id":2354854161,"tipo":"semaforo","nombre":""}},{"type":"Feature","geometry":{"type":"Point","coordinates":[-106.127967,28.747364]},"properties":{"osm_id":2354854162,"tipo":"semaforo","nombre":""}},{"type":"Feature","geometry":{"type":"Point","coordinates":[-106.128749,28.748763]},"properties":{"osm_id":2354854171,"tipo":"alto","nombre":""}},{"type":"Feature","geometry":{"type":"Point","coordinates":[-106.120846,28.728416]},"properties":{"osm_id":2354859158,"tipo":"alto","nombre":""}},{"type":"Feature","geometry":{"type":"Point","coordinates":[-106.120941,28.728454]},"properties":{"osm_id":2354859164,"tipo":"alto","nombre":""}},{"type":"Feature","geometry":{"type":"Point","coordinates":[-106.120905,28.72854]},"properties":{"osm_id":2354859168,"tipo":"alto","nombre":""}},{"type":"Feature","geometry":{"type":"Point","coordinates":[-106.132828,28.711095]},"properties":{"osm_id":2354865510,"tipo":"semaforo","nombre":""}},{"type":"Feature","geometry":{"type":"Point","coordinates":[-106.148245,28.722335]},"properties":{"osm_id":2354869033,"tipo":"semaforo","nombre":""}},{"type":"Feature","geometry":{"type":"Point","coordinates":[-106.148521,28.722808]},"properties":{"osm_id":2354869052,"tipo":"semaforo","nombre":""}},{"type":"Feature","geometry":{"type":"Point","coordinates":[-106.153498,28.710352]},"properties":{"osm_id":2354882288,"tipo":"alto","nombre":""}},{"type":"Feature","geometry":{"type":"Point","coordinates":[-106.154185,28.711818]},"properties":{"osm_id":2354882293,"tipo":"alto","nombre":""}},{"type":"Feature","geometry":{"type":"Point","coordinates":[-106.151479,28.702804]},"properties":{"osm_id":2354886561,"tipo":"alto","nombre":""}},{"type":"Feature","geometry":{"type":"Point","coordinates":[-106.152669,28.706646]},"properties":{"osm_id":2354886701,"tipo":"alto","nombre":""}},{"type":"Feature","geometry":{"type":"Point","coordinates":[-106.152485,28.706689]},"properties":{"osm_id":2354886702,"tipo":"alto","nombre":""}},{"type":"Feature","geometry":{"type":"Point","coordinates":[-106.152704,28.706771]},"properties":{"osm_id":2354886706,"tipo":"alto","nombre":""}},{"type":"Feature","geometry":{"type":"Point","coordinates":[-106.152513,28.706802]},"properties":{"osm_id":2354886708,"tipo":"alto","nombre":""}},{"type":"Feature","geometry":{"type":"Point","coordinates":[-106.151612,28.702694]},"properties":{"osm_id":2354894169,"tipo":"alto","nombre":""}},{"type":"Feature","geometry":{"type":"Point","coordinates":[-106.141755,28.693979]},"properties":{"osm_id":2354902638,"tipo":"alto","nombre":""}},{"type":"Feature","geometry":{"type":"Point","coordinates":[-106.146893,28.685973]},"properties":{"osm_id":2354930731,"tipo":"alto","nombre":""}},{"type":"Feature","geometry":{"type":"Point","coordinates":[-106.14698,28.686092]},"properties":{"osm_id":2354930736,"tipo":"alto","nombre":""}},{"type":"Feature","geometry":{"type":"Point","coordinates":[-106.146882,28.686107]},"properties":{"osm_id":2354930739,"tipo":"alto","nombre":""}},{"type":"Feature","geometry":{"type":"Point","coordinates":[-106.145269,28.688118]},"properties":{"osm_id":2354930780,"tipo":"alto","nombre":""}},{"type":"Feature","geometry":{"type":"Point","coordinates":[-106.14538,28.688227]},"properties":{"osm_id":2354930785,"tipo":"alto","nombre":""}},{"type":"Feature","geometry":{"type":"Point","coordinates":[-106.148073,28.729602]},"properties":{"osm_id":2354938603,"tipo":"semaforo","nombre":""}},{"type":"Feature","geometry":{"type":"Point","coordinates":[-106.148182,28.729714]},"properties":{"osm_id":2354938607,"tipo":"semaforo","nombre":""}},{"type":"Feature","geometry":{"type":"Point","coordinates":[-106.134956,28.736182]},"properties":{"osm_id":2354938773,"tipo":"alto","nombre":""}},{"type":"Feature","geometry":{"type":"Point","coordinates":[-106.140378,28.74727]},"properties":{"osm_id":2354951984,"tipo":"alto","nombre":""}},{"type":"Feature","geometry":{"type":"Point","coordinates":[-106.126639,28.745156]},"properties":{"osm_id":2354958208,"tipo":"alto","nombre":""}},{"type":"Feature","geometry":{"type":"Point","coordinates":[-106.140546,28.747231]},"properties":{"osm_id":2354969663,"tipo":"alto","nombre":""}},{"type":"Feature","geometry":{"type":"Point","coordinates":[-106.140611,28.74737]},"properties":{"osm_id":2354977599,"tipo":"alto","nombre":""}},{"type":"Feature","geometry":{"type":"Point","coordinates":[-106.140462,28.747419]},"properties":{"osm_id":2354977602,"tipo":"alto","nombre":""}},{"type":"Feature","geometry":{"type":"Point","coordinates":[-106.128845,28.748716]},"properties":{"osm_id":2354977652,"tipo":"alto","nombre":""}},{"type":"Feature","geometry":{"type":"Point","coordinates":[-106.11892,28.741768]},"properties":{"osm_id":2355003829,"tipo":"semaforo","nombre":""}},{"type":"Feature","geometry":{"type":"Point","coordinates":[-106.126521,28.745206]},"properties":{"osm_id":2355005746,"tipo":"alto","nombre":""}},{"type":"Feature","geometry":{"type":"Point","coordinates":[-106.102845,28.592012]},"properties":{"osm_id":2355021274,"tipo":"alto","nombre":""}},{"type":"Feature","geometry":{"type":"Point","coordinates":[-106.051669,28.601922]},"properties":{"osm_id":2355048690,"tipo":"semaforo","nombre":""}},{"type":"Feature","geometry":{"type":"Point","coordinates":[-106.058411,28.60811]},"properties":{"osm_id":2355049015,"tipo":"alto","nombre":""}},{"type":"Feature","geometry":{"type":"Point","coordinates":[-106.058479,28.608173]},"properties":{"osm_id":2355049023,"tipo":"alto","nombre":""}},{"type":"Feature","geometry":{"type":"Point","coordinates":[-106.03305,28.611525]},"properties":{"osm_id":2355077360,"tipo":"semaforo","nombre":""}},{"type":"Feature","geometry":{"type":"Point","coordinates":[-106.026403,28.616513]},"properties":{"osm_id":2355077409,"tipo":"alto","nombre":""}},{"type":"Feature","geometry":{"type":"Point","coordinates":[-106.002582,28.681297]},"properties":{"osm_id":2355094384,"tipo":"semaforo","nombre":""}},{"type":"Feature","geometry":{"type":"Point","coordinates":[-106.011951,28.59588]},"properties":{"osm_id":2732906997,"tipo":"semaforo","nombre":""}},{"type":"Feature","geometry":{"type":"Point","coordinates":[-106.150343,28.65604]},"properties":{"osm_id":2786967752,"tipo":"cruce","nombre":""}},{"type":"Feature","geometry":{"type":"Point","coordinates":[-106.122628,28.603044]},"properties":{"osm_id":2911220375,"tipo":"semaforo","nombre":""}},{"type":"Feature","geometry":{"type":"Point","coordinates":[-106.161247,28.745282]},"properties":{"osm_id":2911857501,"tipo":"semaforo","nombre":""}},{"type":"Feature","geometry":{"type":"Point","coordinates":[-106.13312,28.744608]},"properties":{"osm_id":2911860539,"tipo":"semaforo","nombre":""}},{"type":"Feature","geometry":{"type":"Point","coordinates":[-106.148335,28.7296]},"properties":{"osm_id":2912952442,"tipo":"semaforo","nombre":""}},{"type":"Feature","geometry":{"type":"Point","coordinates":[-106.161479,28.745344]},"properties":{"osm_id":2912952489,"tipo":"semaforo","nombre":""}},{"type":"Feature","geometry":{"type":"Point","coordinates":[-106.158556,28.596259]},"properties":{"osm_id":2958768359,"tipo":"cruce","nombre":""}},{"type":"Feature","geometry":{"type":"Point","coordinates":[-106.122104,28.602662]},"properties":{"osm_id":2978096249,"tipo":"semaforo","nombre":""}},{"type":"Feature","geometry":{"type":"Point","coordinates":[-106.139716,28.65111]},"properties":{"osm_id":2984738971,"tipo":"semaforo","nombre":""}},{"type":"Feature","geometry":{"type":"Point","coordinates":[-106.153934,28.694957]},"properties":{"osm_id":2984867587,"tipo":"cruce","nombre":""}},{"type":"Feature","geometry":{"type":"Point","coordinates":[-106.139826,28.705045]},"properties":{"osm_id":2986039360,"tipo":"cruce","nombre":""}},{"type":"Feature","geometry":{"type":"Point","coordinates":[-106.06861,28.663168]},"properties":{"osm_id":2988104455,"tipo":"semaforo","nombre":""}},{"type":"Feature","geometry":{"type":"Point","coordinates":[-106.00243,28.681393]},"properties":{"osm_id":3060344681,"tipo":"semaforo","nombre":""}},{"type":"Feature","geometry":{"type":"Point","coordinates":[-106.119083,28.741709]},"properties":{"osm_id":3063557609,"tipo":"semaforo","nombre":""}},{"type":"Feature","geometry":{"type":"Point","coordinates":[-105.972465,28.657721]},"properties":{"osm_id":3065213583,"tipo":"alto","nombre":""}},{"type":"Feature","geometry":{"type":"Point","coordinates":[-105.971908,28.657678]},"properties":{"osm_id":3065307292,"tipo":"alto","nombre":""}},{"type":"Feature","geometry":{"type":"Point","coordinates":[-105.971963,28.657842]},"properties":{"osm_id":3065307300,"tipo":"alto","nombre":""}},{"type":"Feature","geometry":{"type":"Point","coordinates":[-106.129068,28.658946]},"properties":{"osm_id":3067831729,"tipo":"semaforo","nombre":""}},{"type":"Feature","geometry":{"type":"Point","coordinates":[-106.139786,28.650934]},"properties":{"osm_id":3067831909,"tipo":"semaforo","nombre":""}},{"type":"Feature","geometry":{"type":"Point","coordinates":[-106.139784,28.651148]},"properties":{"osm_id":3067832041,"tipo":"semaforo","nombre":""}},{"type":"Feature","geometry":{"type":"Point","coordinates":[-106.110916,28.646975]},"properties":{"osm_id":3081268698,"tipo":"semaforo","nombre":""}},{"type":"Feature","geometry":{"type":"Point","coordinates":[-106.117251,28.647288]},"properties":{"osm_id":3081268713,"tipo":"semaforo","nombre":""}},{"type":"Feature","geometry":{"type":"Point","coordinates":[-106.110767,28.647203]},"properties":{"osm_id":3081268763,"tipo":"semaforo","nombre":""}},{"type":"Feature","geometry":{"type":"Point","coordinates":[-106.110876,28.647223]},"properties":{"osm_id":3081268764,"tipo":"semaforo","nombre":""}},{"type":"Feature","geometry":{"type":"Point","coordinates":[-106.110829,28.646953]},"properties":{"osm_id":3081268765,"tipo":"semaforo","nombre":""}},{"type":"Feature","geometry":{"type":"Point","coordinates":[-106.13987,28.704846]},"properties":{"osm_id":3086564578,"tipo":"cruce","nombre":""}},{"type":"Feature","geometry":{"type":"Point","coordinates":[-106.132667,28.711211]},"properties":{"osm_id":3086897353,"tipo":"semaforo","nombre":""}},{"type":"Feature","geometry":{"type":"Point","coordinates":[-106.139182,28.65665]},"properties":{"osm_id":3090266299,"tipo":"cruce","nombre":""}},{"type":"Feature","geometry":{"type":"Point","coordinates":[-106.068315,28.65106]},"properties":{"osm_id":3091691512,"tipo":"semaforo","nombre":""}},{"type":"Feature","geometry":{"type":"Point","coordinates":[-106.068717,28.651423]},"properties":{"osm_id":3091691518,"tipo":"semaforo","nombre":""}},{"type":"Feature","geometry":{"type":"Point","coordinates":[-106.068794,28.651369]},"properties":{"osm_id":3091691519,"tipo":"semaforo","nombre":""}},{"type":"Feature","geometry":{"type":"Point","coordinates":[-106.079152,28.645018]},"properties":{"osm_id":3092775234,"tipo":"cruce","nombre":""}},{"type":"Feature","geometry":{"type":"Point","coordinates":[-106.078147,28.634558]},"properties":{"osm_id":3092775276,"tipo":"semaforo","nombre":""}},{"type":"Feature","geometry":{"type":"Point","coordinates":[-106.07666,28.633281]},"properties":{"osm_id":3092775279,"tipo":"semaforo","nombre":""}},{"type":"Feature","geometry":{"type":"Point","coordinates":[-106.137353,28.697576]},"properties":{"osm_id":3093081060,"tipo":"semaforo","nombre":""}},{"type":"Feature","geometry":{"type":"Point","coordinates":[-106.137253,28.697486]},"properties":{"osm_id":3093081061,"tipo":"semaforo","nombre":""}},{"type":"Feature","geometry":{"type":"Point","coordinates":[-106.137257,28.697656]},"properties":{"osm_id":3093081062,"tipo":"semaforo","nombre":""}},{"type":"Feature","geometry":{"type":"Point","coordinates":[-106.137157,28.697573]},"properties":{"osm_id":3093081063,"tipo":"semaforo","nombre":""}},{"type":"Feature","geometry":{"type":"Point","coordinates":[-106.121516,28.731296]},"properties":{"osm_id":3093081097,"tipo":"semaforo","nombre":""}},{"type":"Feature","geometry":{"type":"Point","coordinates":[-106.121439,28.73136]},"properties":{"osm_id":3093081098,"tipo":"semaforo","nombre":""}},{"type":"Feature","geometry":{"type":"Point","coordinates":[-106.121712,28.731931]},"properties":{"osm_id":3093081111,"tipo":"semaforo","nombre":""}},{"type":"Feature","geometry":{"type":"Point","coordinates":[-106.121793,28.731835]},"properties":{"osm_id":3093081112,"tipo":"semaforo","nombre":""}},{"type":"Feature","geometry":{"type":"Point","coordinates":[-106.073507,28.630938]},"properties":{"osm_id":3093126163,"tipo":"parada","nombre":"Quinta Gameros"}},{"type":"Feature","geometry":{"type":"Point","coordinates":[-106.072782,28.633615]},"properties":{"osm_id":3093126164,"tipo":"parada","nombre":"Independencia"}},{"type":"Feature","geometry":{"type":"Point","coordinates":[-106.076534,28.636635]},"properties":{"osm_id":3093126165,"tipo":"parada","nombre":"Catedral"}},{"type":"Feature","geometry":{"type":"Point","coordinates":[-106.07743,28.639504]},"properties":{"osm_id":3093126166,"tipo":"parada","nombre":"Niños Héroes"}},{"type":"Feature","geometry":{"type":"Point","coordinates":[-106.075498,28.641282]},"properties":{"osm_id":3093126167,"tipo":"parada","nombre":"Trébol"}},{"type":"Feature","geometry":{"type":"Point","coordinates":[-106.074522,28.639445]},"properties":{"osm_id":3093126168,"tipo":"parada","nombre":"Fuentes Danzarinas"}},{"type":"Feature","geometry":{"type":"Point","coordinates":[-106.076783,28.637335]},"properties":{"osm_id":3093126169,"tipo":"parada","nombre":"Juárez"}},{"type":"Feature","geometry":{"type":"Point","coordinates":[-106.079851,28.63545]},"properties":{"osm_id":3093126177,"tipo":"parada","nombre":"Justicia"}},{"type":"Feature","geometry":{"type":"Point","coordinates":[-106.076769,28.633374]},"properties":{"osm_id":3093126178,"tipo":"parada","nombre":"Morelos"}},{"type":"Feature","geometry":{"type":"Point","coordinates":[-106.075135,28.630769]},"properties":{"osm_id":3093126179,"tipo":"parada","nombre":"Parque Lerdo"}},{"type":"Feature","geometry":{"type":"Point","coordinates":[-106.133529,28.647167]},"properties":{"osm_id":3093435609,"tipo":"semaforo","nombre":""}},{"type":"Feature","geometry":{"type":"Point","coordinates":[-106.077727,28.643665]},"properties":{"osm_id":3106172153,"tipo":"parada","nombre":"IMSS"}},{"type":"Feature","geometry":{"type":"Point","coordinates":[-106.080953,28.646685]},"properties":{"osm_id":3106172154,"tipo":"parada","nombre":"Deza y Ulloa"}},{"type":"Feature","geometry":{"type":"Point","coordinates":[-106.084536,28.650015]},"properties":{"osm_id":3106172155,"tipo":"parada","nombre":"Sor Juana"}},{"type":"Feature","geometry":{"type":"Point","coordinates":[-106.086292,28.651611]},"properties":{"osm_id":3106172156,"tipo":"parada","nombre":"División del Norte"}},{"type":"Feature","geometry":{"type":"Point","coordinates":[-106.089723,28.654785]},"properties":{"osm_id":3106172157,"tipo":"parada","nombre":"Universidad"}},{"type":"Feature","geometry":{"type":"Point","coordinates":[-106.092458,28.657333]},"properties":{"osm_id":3106172158,"tipo":"parada","nombre":"Arquitectura"}},{"type":"Feature","geometry":{"type":"Point","coordinates":[-106.0957,28.660381]},"properties":{"osm_id":3106172159,"tipo":"parada","nombre":"Estacion ISSSTE Lazaro Cardenas"}},{"type":"Feature","geometry":{"type":"Point","coordinates":[-106.098013,28.663992]},"properties":{"osm_id":3106172160,"tipo":"parada","nombre":"Fresno"}},{"type":"Feature","geometry":{"type":"Point","coordinates":[-106.099345,28.666839]},"properties":{"osm_id":3106172161,"tipo":"parada","nombre":"Pino"}},{"type":"Feature","geometry":{"type":"Point","coordinates":[-106.100967,28.670317]},"properties":{"osm_id":3106172162,"tipo":"parada","nombre":"Sicomoro"}},{"type":"Feature","geometry":{"type":"Point","coordinates":[-106.102311,28.673224]},"properties":{"osm_id":3106172163,"tipo":"parada","nombre":"Zaragoza"}},{"type":"Feature","geometry":{"type":"Point","coordinates":[-106.104024,28.676813]},"properties":{"osm_id":3106172164,"tipo":"parada","nombre":"Karike"}},{"type":"Feature","geometry":{"type":"Point","coordinates":[-106.107351,28.680773]},"properties":{"osm_id":3106172165,"tipo":"parada","nombre":"Juan Escutia"}},{"type":"Feature","geometry":{"type":"Point","coordinates":[-106.110811,28.686079]},"properties":{"osm_id":3106172166,"tipo":"parada","nombre":"La Villita"}},{"type":"Feature","geometry":{"type":"Point","coordinates":[-106.112336,28.690128]},"properties":{"osm_id":3106172168,"tipo":"parada","nombre":"San José"}},{"type":"Feature","geometry":{"type":"Point","coordinates":[-106.112028,28.689525]},"properties":{"osm_id":3106172169,"tipo":"semaforo","nombre":""}},{"type":"Feature","geometry":{"type":"Point","coordinates":[-106.115121,28.692853]},"properties":{"osm_id":3106172170,"tipo":"parada","nombre":"CONALEP II"}},{"type":"Feature","geometry":{"type":"Point","coordinates":[-106.119089,28.696989]},"properties":{"osm_id":3106172171,"tipo":"parada","nombre":"Centauro del Norte"}},{"type":"Feature","geometry":{"type":"Point","coordinates":[-106.120978,28.698932]},"properties":{"osm_id":3106172172,"tipo":"parada","nombre":"Policía Federal"}},{"type":"Feature","geometry":{"type":"Point","coordinates":[-106.058849,28.619488]},"properties":{"osm_id":3107518428,"tipo":"semaforo","nombre":""}},{"type":"Feature","geometry":{"type":"Point","coordinates":[-106.06193,28.621245]},"properties":{"osm_id":3107521230,"tipo":"semaforo","nombre":""}},{"type":"Feature","geometry":{"type":"Point","coordinates":[-106.071153,28.626466]},"properties":{"osm_id":3107521238,"tipo":"semaforo","nombre":""}},{"type":"Feature","geometry":{"type":"Point","coordinates":[-106.071074,28.626422]},"properties":{"osm_id":3107521239,"tipo":"semaforo","nombre":""}},{"type":"Feature","geometry":{"type":"Point","coordinates":[-106.059859,28.620064]},"properties":{"osm_id":3107521240,"tipo":"semaforo","nombre":""}},{"type":"Feature","geometry":{"type":"Point","coordinates":[-106.0609,28.620652]},"properties":{"osm_id":3107521241,"tipo":"semaforo","nombre":""}},{"type":"Feature","geometry":{"type":"Point","coordinates":[-106.063963,28.622387]},"properties":{"osm_id":3107521242,"tipo":"semaforo","nombre":""}},{"type":"Feature","geometry":{"type":"Point","coordinates":[-106.064988,28.622952]},"properties":{"osm_id":3107521243,"tipo":"semaforo","nombre":""}},{"type":"Feature","geometry":{"type":"Point","coordinates":[-106.057481,28.619181]},"properties":{"osm_id":3107521267,"tipo":"semaforo","nombre":""}},{"type":"Feature","geometry":{"type":"Point","coordinates":[-106.02248,28.619495]},"properties":{"osm_id":3107521311,"tipo":"semaforo","nombre":""}},{"type":"Feature","geometry":{"type":"Point","coordinates":[-106.098711,28.650817]},"properties":{"osm_id":3109039703,"tipo":"semaforo","nombre":""}},{"type":"Feature","geometry":{"type":"Point","coordinates":[-106.098667,28.653316]},"properties":{"osm_id":3109039710,"tipo":"semaforo","nombre":""}},{"type":"Feature","geometry":{"type":"Point","coordinates":[-106.098937,28.653243]},"properties":{"osm_id":3109039733,"tipo":"semaforo","nombre":""}},{"type":"Feature","geometry":{"type":"Point","coordinates":[-106.098905,28.653153]},"properties":{"osm_id":3109039734,"tipo":"semaforo","nombre":""}},{"type":"Feature","geometry":{"type":"Point","coordinates":[-106.099,28.65087]},"properties":{"osm_id":3109039742,"tipo":"semaforo","nombre":""}},{"type":"Feature","geometry":{"type":"Point","coordinates":[-106.082727,28.653933]},"properties":{"osm_id":3117715898,"tipo":"semaforo","nombre":""}},{"type":"Feature","geometry":{"type":"Point","coordinates":[-106.073696,28.627889]},"properties":{"osm_id":3118829012,"tipo":"parada","nombre":"Santa Rita"}},{"type":"Feature","geometry":{"type":"Point","coordinates":[-106.070808,28.626221]},"properties":{"osm_id":3118829013,"tipo":"parada","nombre":"Sagrado Corazón"}},{"type":"Feature","geometry":{"type":"Point","coordinates":[-106.068447,28.624876]},"properties":{"osm_id":3118829014,"tipo":"parada","nombre":"Urquidi"}},{"type":"Feature","geometry":{"type":"Point","coordinates":[-106.065227,28.623038]},"properties":{"osm_id":3118829015,"tipo":"parada","nombre":"Ochoa"}},{"type":"Feature","geometry":{"type":"Point","coordinates":[-106.062253,28.621348]},"properties":{"osm_id":3118829016,"tipo":"parada","nombre":"Urueta"}},{"type":"Feature","geometry":{"type":"Point","coordinates":[-106.05696,28.619356]},"properties":{"osm_id":3118829017,"tipo":"parada","nombre":"Zapata"}},{"type":"Feature","geometry":{"type":"Point","coordinates":[-106.054658,28.620294]},"properties":{"osm_id":3118829018,"tipo":"parada","nombre":"Sexta"}},{"type":"Feature","geometry":{"type":"Point","coordinates":[-106.041372,28.622646]},"properties":{"osm_id":3118829025,"tipo":"parada","nombre":"Diamante"}},{"type":"Feature","geometry":{"type":"Point","coordinates":[-106.037195,28.622061]},"properties":{"osm_id":3118829026,"tipo":"semaforo","nombre":""}},{"type":"Feature","geometry":{"type":"Point","coordinates":[-106.0341,28.621466]},"properties":{"osm_id":3118829631,"tipo":"parada","nombre":"Gemas"}},{"type":"Feature","geometry":{"type":"Point","coordinates":[-106.030955,28.621021]},"properties":{"osm_id":3118829632,"tipo":"semaforo","nombre":""}},{"type":"Feature","geometry":{"type":"Point","coordinates":[-106.030381,28.620889]},"properties":{"osm_id":3118829635,"tipo":"parada","nombre":"Nueva España"}},{"type":"Feature","geometry":{"type":"Point","coordinates":[-106.026121,28.620213]},"properties":{"osm_id":3118829637,"tipo":"semaforo","nombre":""}},{"type":"Feature","geometry":{"type":"Point","coordinates":[-106.025603,28.620015]},"properties":{"osm_id":3118829638,"tipo":"parada","nombre":"SCT"}},{"type":"Feature","geometry":{"type":"Point","coordinates":[-106.028156,28.624407]},"properties":{"osm_id":3118829640,"tipo":"parada","nombre":"Terminal Sur"}},{"type":"Feature","geometry":{"type":"Point","coordinates":[-106.099329,28.624576]},"properties":{"osm_id":3179792193,"tipo":"semaforo","nombre":""}},{"type":"Feature","geometry":{"type":"Point","coordinates":[-106.082072,28.658962]},"properties":{"osm_id":3203905276,"tipo":"parada","nombre":""}},{"type":"Feature","geometry":{"type":"Point","coordinates":[-106.094018,28.669286]},"properties":{"osm_id":3203905283,"tipo":"parada","nombre":""}},{"type":"Feature","geometry":{"type":"Point","coordinates":[-106.094284,28.669086]},"properties":{"osm_id":3203905284,"tipo":"parada","nombre":""}},{"type":"Feature","geometry":{"type":"Point","coordinates":[-106.031776,28.598131]},"properties":{"osm_id":3236783935,"tipo":"semaforo","nombre":""}},{"type":"Feature","geometry":{"type":"Point","coordinates":[-106.149453,28.692543]},"properties":{"osm_id":3238517383,"tipo":"alto","nombre":""}},{"type":"Feature","geometry":{"type":"Point","coordinates":[-106.149323,28.692684]},"properties":{"osm_id":3238517386,"tipo":"alto","nombre":""}},{"type":"Feature","geometry":{"type":"Point","coordinates":[-106.044243,28.63591]},"properties":{"osm_id":3261065396,"tipo":"semaforo","nombre":""}},{"type":"Feature","geometry":{"type":"Point","coordinates":[-106.120815,28.728498]},"properties":{"osm_id":3290331561,"tipo":"alto","nombre":""}},{"type":"Feature","geometry":{"type":"Point","coordinates":[-106.095681,28.729497]},"properties":{"osm_id":3290360872,"tipo":"semaforo","nombre":""}},{"type":"Feature","geometry":{"type":"Point","coordinates":[-106.095562,28.729514]},"properties":{"osm_id":3290360873,"tipo":"semaforo","nombre":""}},{"type":"Feature","geometry":{"type":"Point","coordinates":[-106.086356,28.628086]},"properties":{"osm_id":3314860854,"tipo":"semaforo","nombre":""}},{"type":"Feature","geometry":{"type":"Point","coordinates":[-106.086614,28.628396]},"properties":{"osm_id":3314867665,"tipo":"semaforo","nombre":""}},{"type":"Feature","geometry":{"type":"Point","coordinates":[-106.120256,28.663588]},"properties":{"osm_id":3359914779,"tipo":"alto","nombre":""}},{"type":"Feature","geometry":{"type":"Point","coordinates":[-106.121397,28.662423]},"properties":{"osm_id":3359916419,"tipo":"semaforo","nombre":""}},{"type":"Feature","geometry":{"type":"Point","coordinates":[-106.019882,28.625479]},"properties":{"osm_id":3363954724,"tipo":"cruce","nombre":""}},{"type":"Feature","geometry":{"type":"Point","coordinates":[-106.016223,28.620731]},"properties":{"osm_id":3364048257,"tipo":"cruce","nombre":""}},{"type":"Feature","geometry":{"type":"Point","coordinates":[-106.058407,28.618066]},"properties":{"osm_id":3367017829,"tipo":"semaforo","nombre":""}},{"type":"Feature","geometry":{"type":"Point","coordinates":[-106.122078,28.581242]},"properties":{"osm_id":3375186999,"tipo":"semaforo","nombre":""}},{"type":"Feature","geometry":{"type":"Point","coordinates":[-106.016908,28.624554]},"properties":{"osm_id":3418484071,"tipo":"cruce","nombre":""}},{"type":"Feature","geometry":{"type":"Point","coordinates":[-106.01688,28.624717]},"properties":{"osm_id":3418484072,"tipo":"cruce","nombre":""}},{"type":"Feature","geometry":{"type":"Point","coordinates":[-106.019576,28.625352]},"properties":{"osm_id":3418484073,"tipo":"cruce","nombre":""}},{"type":"Feature","geometry":{"type":"Point","coordinates":[-106.019494,28.625493]},"properties":{"osm_id":3418484074,"tipo":"cruce","nombre":""}},{"type":"Feature","geometry":{"type":"Point","coordinates":[-106.017937,28.626765]},"properties":{"osm_id":3418484077,"tipo":"cruce","nombre":""}},{"type":"Feature","geometry":{"type":"Point","coordinates":[-106.017743,28.626775]},"properties":{"osm_id":3418484078,"tipo":"cruce","nombre":""}},{"type":"Feature","geometry":{"type":"Point","coordinates":[-106.098575,28.652997]},"properties":{"osm_id":3418485801,"tipo":"semaforo","nombre":""}},{"type":"Feature","geometry":{"type":"Point","coordinates":[-106.098671,28.653035]},"properties":{"osm_id":3418485802,"tipo":"semaforo","nombre":""}},{"type":"Feature","geometry":{"type":"Point","coordinates":[-106.098892,28.653102]},"properties":{"osm_id":3418485805,"tipo":"semaforo","nombre":""}},{"type":"Feature","geometry":{"type":"Point","coordinates":[-106.153642,28.710307]},"properties":{"osm_id":3426831867,"tipo":"alto","nombre":""}},{"type":"Feature","geometry":{"type":"Point","coordinates":[-106.153661,28.710394]},"properties":{"osm_id":3426831868,"tipo":"alto","nombre":""}},{"type":"Feature","geometry":{"type":"Point","coordinates":[-106.154184,28.711897]},"properties":{"osm_id":3426831870,"tipo":"alto","nombre":""}},{"type":"Feature","geometry":{"type":"Point","coordinates":[-106.153922,28.711974]},"properties":{"osm_id":3426831871,"tipo":"alto","nombre":""}},{"type":"Feature","geometry":{"type":"Point","coordinates":[-106.018274,28.625658]},"properties":{"osm_id":3427551680,"tipo":"cruce","nombre":""}},{"type":"Feature","geometry":{"type":"Point","coordinates":[-106.018435,28.62573]},"properties":{"osm_id":3427551681,"tipo":"cruce","nombre":""}},{"type":"Feature","geometry":{"type":"Point","coordinates":[-106.088843,28.677793]},"properties":{"osm_id":3427576563,"tipo":"semaforo","nombre":""}},{"type":"Feature","geometry":{"type":"Point","coordinates":[-106.067926,28.646428]},"properties":{"osm_id":3536411806,"tipo":"semaforo","nombre":""}},{"type":"Feature","geometry":{"type":"Point","coordinates":[-106.155434,28.737088]},"properties":{"osm_id":3636672953,"tipo":"semaforo","nombre":""}},{"type":"Feature","geometry":{"type":"Point","coordinates":[-106.127637,28.747366]},"properties":{"osm_id":3636707019,"tipo":"semaforo","nombre":""}},{"type":"Feature","geometry":{"type":"Point","coordinates":[-106.127885,28.747258]},"properties":{"osm_id":3636707020,"tipo":"semaforo","nombre":""}},{"type":"Feature","geometry":{"type":"Point","coordinates":[-106.133759,28.744654]},"properties":{"osm_id":3636707021,"tipo":"semaforo","nombre":""}},{"type":"Feature","geometry":{"type":"Point","coordinates":[-106.155551,28.737207]},"properties":{"osm_id":3636707028,"tipo":"semaforo","nombre":""}},{"type":"Feature","geometry":{"type":"Point","coordinates":[-106.133177,28.744729]},"properties":{"osm_id":3636707038,"tipo":"semaforo","nombre":""}},{"type":"Feature","geometry":{"type":"Point","coordinates":[-106.127769,28.747112]},"properties":{"osm_id":3636707039,"tipo":"semaforo","nombre":""}},{"type":"Feature","geometry":{"type":"Point","coordinates":[-106.127568,28.747195]},"properties":{"osm_id":3636707040,"tipo":"semaforo","nombre":""}},{"type":"Feature","geometry":{"type":"Point","coordinates":[-106.133826,28.7448]},"properties":{"osm_id":3636707044,"tipo":"semaforo","nombre":""}},{"type":"Feature","geometry":{"type":"Point","coordinates":[-106.140887,28.741704]},"properties":{"osm_id":3636707486,"tipo":"semaforo","nombre":""}},{"type":"Feature","geometry":{"type":"Point","coordinates":[-106.140762,28.741388]},"properties":{"osm_id":3636707487,"tipo":"semaforo","nombre":""}},{"type":"Feature","geometry":{"type":"Point","coordinates":[-106.140848,28.741569]},"properties":{"osm_id":3636707488,"tipo":"semaforo","nombre":""}},{"type":"Feature","geometry":{"type":"Point","coordinates":[-106.140703,28.741282]},"properties":{"osm_id":3636707489,"tipo":"semaforo","nombre":""}},{"type":"Feature","geometry":{"type":"Point","coordinates":[-106.155879,28.737274]},"properties":{"osm_id":3636730283,"tipo":"semaforo","nombre":""}},{"type":"Feature","geometry":{"type":"Point","coordinates":[-106.148545,28.72946]},"properties":{"osm_id":3638038375,"tipo":"semaforo","nombre":""}},{"type":"Feature","geometry":{"type":"Point","coordinates":[-106.148423,28.729335]},"properties":{"osm_id":3638038376,"tipo":"semaforo","nombre":""}},{"type":"Feature","geometry":{"type":"Point","coordinates":[-106.147076,28.713722]},"properties":{"osm_id":3638060592,"tipo":"cruce","nombre":""}},{"type":"Feature","geometry":{"type":"Point","coordinates":[-106.147902,28.713532]},"properties":{"osm_id":3638060708,"tipo":"cruce","nombre":""}},{"type":"Feature","geometry":{"type":"Point","coordinates":[-106.136888,28.715317]},"properties":{"osm_id":3867947162,"tipo":"semaforo","nombre":""}},{"type":"Feature","geometry":{"type":"Point","coordinates":[-106.136729,28.71543]},"properties":{"osm_id":3867947163,"tipo":"semaforo","nombre":""}},{"type":"Feature","geometry":{"type":"Point","coordinates":[-106.13699,28.715422]},"properties":{"osm_id":3867947164,"tipo":"semaforo","nombre":""}},{"type":"Feature","geometry":{"type":"Point","coordinates":[-106.136841,28.715539]},"properties":{"osm_id":3867947165,"tipo":"semaforo","nombre":""}},{"type":"Feature","geometry":{"type":"Point","coordinates":[-106.107877,28.718094]},"properties":{"osm_id":4127172633,"tipo":"semaforo","nombre":""}},{"type":"Feature","geometry":{"type":"Point","coordinates":[-106.084359,28.689166]},"properties":{"osm_id":4127293738,"tipo":"semaforo","nombre":""}},{"type":"Feature","geometry":{"type":"Point","coordinates":[-106.077803,28.670976]},"properties":{"osm_id":4127293760,"tipo":"semaforo","nombre":""}},{"type":"Feature","geometry":{"type":"Point","coordinates":[-106.077939,28.670936]},"properties":{"osm_id":4127293761,"tipo":"semaforo","nombre":""}},{"type":"Feature","geometry":{"type":"Point","coordinates":[-106.084593,28.668713]},"properties":{"osm_id":4127293766,"tipo":"semaforo","nombre":""}},{"type":"Feature","geometry":{"type":"Point","coordinates":[-106.078446,28.672768]},"properties":{"osm_id":4127294501,"tipo":"semaforo","nombre":""}},{"type":"Feature","geometry":{"type":"Point","coordinates":[-106.078571,28.672727]},"properties":{"osm_id":4127294502,"tipo":"semaforo","nombre":""}},{"type":"Feature","geometry":{"type":"Point","coordinates":[-106.070777,28.620962]},"properties":{"osm_id":4244395994,"tipo":"parada","nombre":"GIMCO"}},{"type":"Feature","geometry":{"type":"Point","coordinates":[-106.134837,28.706332]},"properties":{"osm_id":4325551890,"tipo":"escuela","nombre":"Facultad de Medicina y Ciencias Biomédicas"}},{"type":"Feature","geometry":{"type":"Point","coordinates":[-106.078613,28.635871]},"properties":{"osm_id":4334100317,"tipo":"cruce","nombre":""}},{"type":"Feature","geometry":{"type":"Point","coordinates":[-106.073408,28.639715]},"properties":{"osm_id":4334100321,"tipo":"semaforo","nombre":""}},{"type":"Feature","geometry":{"type":"Point","coordinates":[-106.132894,28.711044]},"properties":{"osm_id":4341419362,"tipo":"semaforo","nombre":""}},{"type":"Feature","geometry":{"type":"Point","coordinates":[-106.135152,28.705706]},"properties":{"osm_id":4433561290,"tipo":"escuela","nombre":"Facultad de Enfermería y Nutriología"}},{"type":"Feature","geometry":{"type":"Point","coordinates":[-106.106317,28.712149]},"properties":{"osm_id":4619803846,"tipo":"parada","nombre":""}},{"type":"Feature","geometry":{"type":"Point","coordinates":[-106.124685,28.703145]},"properties":{"osm_id":4619804207,"tipo":"parada","nombre":""}},{"type":"Feature","geometry":{"type":"Point","coordinates":[-106.144132,28.750231]},"properties":{"osm_id":4719513613,"tipo":"parada","nombre":"Parada 1"}},{"type":"Feature","geometry":{"type":"Point","coordinates":[-106.161141,28.746131]},"properties":{"osm_id":4719513620,"tipo":"parada","nombre":""}},{"type":"Feature","geometry":{"type":"Point","coordinates":[-106.106753,28.680698]},"properties":{"osm_id":4870210324,"tipo":"escuela","nombre":""}},{"type":"Feature","geometry":{"type":"Point","coordinates":[-106.077977,28.672907]},"properties":{"osm_id":4909237682,"tipo":"cruce","nombre":""}},{"type":"Feature","geometry":{"type":"Point","coordinates":[-106.078172,28.673278]},"properties":{"osm_id":4909237687,"tipo":"cruce","nombre":""}},{"type":"Feature","geometry":{"type":"Point","coordinates":[-106.139768,28.712379]},"properties":{"osm_id":4977947221,"tipo":"escuela","nombre":"Facultad de Ciencias de la Cultura Física"}},{"type":"Feature","geometry":{"type":"Point","coordinates":[-106.139741,28.704916]},"properties":{"osm_id":5129276438,"tipo":"cruce","nombre":""}},{"type":"Feature","geometry":{"type":"Point","coordinates":[-106.139959,28.704971]},"properties":{"osm_id":5129276446,"tipo":"cruce","nombre":""}},{"type":"Feature","geometry":{"type":"Point","coordinates":[-106.114161,28.644658]},"properties":{"osm_id":5228388919,"tipo":"alto","nombre":""}},{"type":"Feature","geometry":{"type":"Point","coordinates":[-106.135268,28.699417]},"properties":{"osm_id":5358276634,"tipo":"escuela","nombre":"Tecno parque UACH"}},{"type":"Feature","geometry":{"type":"Point","coordinates":[-106.134597,28.684901]},"properties":{"osm_id":5373710720,"tipo":"cruce","nombre":""}},{"type":"Feature","geometry":{"type":"Point","coordinates":[-106.096381,28.688634]},"properties":{"osm_id":5463528723,"tipo":"escuela","nombre":"Leyes de reforma"}},{"type":"Feature","geometry":{"type":"Point","coordinates":[-106.160398,28.735924]},"properties":{"osm_id":5633539263,"tipo":"alto","nombre":""}},{"type":"Feature","geometry":{"type":"Point","coordinates":[-106.118897,28.721729]},"properties":{"osm_id":5638480600,"tipo":"alto","nombre":""}},{"type":"Feature","geometry":{"type":"Point","coordinates":[-106.128661,28.65884]},"properties":{"osm_id":5638515227,"tipo":"semaforo","nombre":""}},{"type":"Feature","geometry":{"type":"Point","coordinates":[-106.121525,28.662407]},"properties":{"osm_id":5638515258,"tipo":"semaforo","nombre":""}},{"type":"Feature","geometry":{"type":"Point","coordinates":[-106.128678,28.658966]},"properties":{"osm_id":5638515292,"tipo":"semaforo","nombre":""}},{"type":"Feature","geometry":{"type":"Point","coordinates":[-106.098719,28.65321]},"properties":{"osm_id":6435121306,"tipo":"semaforo","nombre":""}},{"type":"Feature","geometry":{"type":"Point","coordinates":[-106.08839,28.717761]},"properties":{"osm_id":6448922020,"tipo":"alto","nombre":""}},{"type":"Feature","geometry":{"type":"Point","coordinates":[-106.110013,28.710438]},"properties":{"osm_id":6456116726,"tipo":"cruce","nombre":""}},{"type":"Feature","geometry":{"type":"Point","coordinates":[-106.110112,28.710649]},"properties":{"osm_id":6456116728,"tipo":"cruce","nombre":""}},{"type":"Feature","geometry":{"type":"Point","coordinates":[-106.110056,28.710531]},"properties":{"osm_id":6456116729,"tipo":"cruce","nombre":""}},{"type":"Feature","geometry":{"type":"Point","coordinates":[-106.110206,28.710054]},"properties":{"osm_id":6534429251,"tipo":"cruce","nombre":""}},{"type":"Feature","geometry":{"type":"Point","coordinates":[-106.103787,28.708772]},"properties":{"osm_id":6534444095,"tipo":"cruce","nombre":""}},{"type":"Feature","geometry":{"type":"Point","coordinates":[-106.103654,28.708822]},"properties":{"osm_id":6534444097,"tipo":"cruce","nombre":""}},{"type":"Feature","geometry":{"type":"Point","coordinates":[-106.103524,28.708869]},"properties":{"osm_id":6534444098,"tipo":"cruce","nombre":""}},{"type":"Feature","geometry":{"type":"Point","coordinates":[-106.020512,28.619879]},"properties":{"osm_id":6534502953,"tipo":"cruce","nombre":""}},{"type":"Feature","geometry":{"type":"Point","coordinates":[-106.020806,28.619388]},"properties":{"osm_id":6534502971,"tipo":"cruce","nombre":""}},{"type":"Feature","geometry":{"type":"Point","coordinates":[-106.020856,28.619291]},"properties":{"osm_id":6534502972,"tipo":"cruce","nombre":""}},{"type":"Feature","geometry":{"type":"Point","coordinates":[-106.020891,28.61923]},"properties":{"osm_id":6534502973,"tipo":"cruce","nombre":""}},{"type":"Feature","geometry":{"type":"Point","coordinates":[-106.020929,28.619166]},"properties":{"osm_id":6534502974,"tipo":"cruce","nombre":""}},{"type":"Feature","geometry":{"type":"Point","coordinates":[-106.142449,28.708212]},"properties":{"osm_id":6537105442,"tipo":"cruce","nombre":""}},{"type":"Feature","geometry":{"type":"Point","coordinates":[-106.142316,28.708235]},"properties":{"osm_id":6537105443,"tipo":"cruce","nombre":""}},{"type":"Feature","geometry":{"type":"Point","coordinates":[-106.120094,28.726364]},"properties":{"osm_id":6545501719,"tipo":"semaforo","nombre":""}},{"type":"Feature","geometry":{"type":"Point","coordinates":[-106.120014,28.726395]},"properties":{"osm_id":6545501720,"tipo":"semaforo","nombre":""}},{"type":"Feature","geometry":{"type":"Point","coordinates":[-106.111724,28.709404]},"properties":{"osm_id":6548607150,"tipo":"escuela","nombre":"CRODE Chihuahua"}},{"type":"Feature","geometry":{"type":"Point","coordinates":[-106.087589,28.698963]},"properties":{"osm_id":6548629633,"tipo":"escuela","nombre":"Escuela Secundaria Federal No. 6 Ignacio Manuel Altamirano"}},{"type":"Feature","geometry":{"type":"Point","coordinates":[-106.075279,28.638668]},"properties":{"osm_id":6583169999,"tipo":"cruce","nombre":""}},{"type":"Feature","geometry":{"type":"Point","coordinates":[-106.074434,28.639534]},"properties":{"osm_id":6583170054,"tipo":"cruce","nombre":""}},{"type":"Feature","geometry":{"type":"Point","coordinates":[-106.086435,28.605314]},"properties":{"osm_id":6590072140,"tipo":"alto","nombre":""}},{"type":"Feature","geometry":{"type":"Point","coordinates":[-106.037717,28.660025]},"properties":{"osm_id":6597626531,"tipo":"escuela","nombre":"Colegio De Bachilleres Plantel 21"}},{"type":"Feature","geometry":{"type":"Point","coordinates":[-106.145183,28.688304]},"properties":{"osm_id":6874091812,"tipo":"alto","nombre":""}},{"type":"Feature","geometry":{"type":"Point","coordinates":[-106.141877,28.694062]},"properties":{"osm_id":6874091814,"tipo":"alto","nombre":""}},{"type":"Feature","geometry":{"type":"Point","coordinates":[-106.141961,28.694017]},"properties":{"osm_id":6874091815,"tipo":"alto","nombre":""}},{"type":"Feature","geometry":{"type":"Point","coordinates":[-106.141841,28.693925]},"properties":{"osm_id":6874091816,"tipo":"alto","nombre":""}},{"type":"Feature","geometry":{"type":"Point","coordinates":[-106.072164,28.638698]},"properties":{"osm_id":7050680786,"tipo":"parada","nombre":"Estacion de Autobus"}},{"type":"Feature","geometry":{"type":"Point","coordinates":[-106.14698,28.685967]},"properties":{"osm_id":7052869652,"tipo":"alto","nombre":""}},{"type":"Feature","geometry":{"type":"Point","coordinates":[-106.099409,28.648904]},"properties":{"osm_id":7061765260,"tipo":"semaforo","nombre":""}},{"type":"Feature","geometry":{"type":"Point","coordinates":[-106.099125,28.648852]},"properties":{"osm_id":7061765262,"tipo":"semaforo","nombre":""}},{"type":"Feature","geometry":{"type":"Point","coordinates":[-106.135127,28.736205]},"properties":{"osm_id":7064343636,"tipo":"alto","nombre":""}},{"type":"Feature","geometry":{"type":"Point","coordinates":[-106.135083,28.736112]},"properties":{"osm_id":7064343637,"tipo":"alto","nombre":""}},{"type":"Feature","geometry":{"type":"Point","coordinates":[-106.096687,28.596025]},"properties":{"osm_id":7066592868,"tipo":"alto","nombre":""}},{"type":"Feature","geometry":{"type":"Point","coordinates":[-106.13337,28.683793]},"properties":{"osm_id":7066621640,"tipo":"semaforo","nombre":""}},{"type":"Feature","geometry":{"type":"Point","coordinates":[-106.139973,28.6511]},"properties":{"osm_id":7080878356,"tipo":"semaforo","nombre":""}},{"type":"Feature","geometry":{"type":"Point","coordinates":[-106.150718,28.711297]},"properties":{"osm_id":7086668841,"tipo":"alto","nombre":""}},{"type":"Feature","geometry":{"type":"Point","coordinates":[-106.002336,28.602623]},"properties":{"osm_id":7095826672,"tipo":"alto","nombre":""}},{"type":"Feature","geometry":{"type":"Point","coordinates":[-106.002339,28.602786]},"properties":{"osm_id":7095826673,"tipo":"alto","nombre":""}},{"type":"Feature","geometry":{"type":"Point","coordinates":[-105.992722,28.604433]},"properties":{"osm_id":7114912215,"tipo":"semaforo","nombre":""}},{"type":"Feature","geometry":{"type":"Point","coordinates":[-105.972414,28.657555]},"properties":{"osm_id":7117795960,"tipo":"alto","nombre":""}},{"type":"Feature","geometry":{"type":"Point","coordinates":[-106.072532,28.633461]},"properties":{"osm_id":7261559201,"tipo":"semaforo","nombre":""}},{"type":"Feature","geometry":{"type":"Point","coordinates":[-106.072462,28.63351]},"properties":{"osm_id":7261559207,"tipo":"semaforo","nombre":""}},{"type":"Feature","geometry":{"type":"Point","coordinates":[-106.101151,28.633222]},"properties":{"osm_id":7263563722,"tipo":"tope","nombre":""}},{"type":"Feature","geometry":{"type":"Point","coordinates":[-106.093884,28.712437]},"properties":{"osm_id":7266267359,"tipo":"semaforo","nombre":""}},{"type":"Feature","geometry":{"type":"Point","coordinates":[-106.115551,28.665847]},"properties":{"osm_id":7266373745,"tipo":"alto","nombre":""}},{"type":"Feature","geometry":{"type":"Point","coordinates":[-106.115733,28.675503]},"properties":{"osm_id":7266373747,"tipo":"semaforo","nombre":""}},{"type":"Feature","geometry":{"type":"Point","coordinates":[-106.137488,28.705252]},"properties":{"osm_id":7266494375,"tipo":"cruce","nombre":""}},{"type":"Feature","geometry":{"type":"Point","coordinates":[-106.086544,28.605372]},"properties":{"osm_id":7266600948,"tipo":"alto","nombre":""}},{"type":"Feature","geometry":{"type":"Point","coordinates":[-106.051555,28.601577]},"properties":{"osm_id":7267098541,"tipo":"semaforo","nombre":""}},{"type":"Feature","geometry":{"type":"Point","coordinates":[-105.999243,28.602563]},"properties":{"osm_id":7271598670,"tipo":"alto","nombre":""}},{"type":"Feature","geometry":{"type":"Point","coordinates":[-106.134985,28.736241]},"properties":{"osm_id":7271713242,"tipo":"alto","nombre":""}},{"type":"Feature","geometry":{"type":"Point","coordinates":[-106.145305,28.688409]},"properties":{"osm_id":7271911636,"tipo":"alto","nombre":""}},{"type":"Feature","geometry":{"type":"Point","coordinates":[-106.111173,28.621694]},"properties":{"osm_id":7271960927,"tipo":"semaforo","nombre":""}},{"type":"Feature","geometry":{"type":"Point","coordinates":[-106.12858,28.658969]},"properties":{"osm_id":7272148981,"tipo":"cruce","nombre":""}},{"type":"Feature","geometry":{"type":"Point","coordinates":[-106.129229,28.658798]},"properties":{"osm_id":7272172370,"tipo":"cruce","nombre":""}},{"type":"Feature","geometry":{"type":"Point","coordinates":[-106.121928,28.581196]},"properties":{"osm_id":7272210489,"tipo":"semaforo","nombre":""}},{"type":"Feature","geometry":{"type":"Point","coordinates":[-106.12856,28.658849]},"properties":{"osm_id":7272215890,"tipo":"cruce","nombre":""}},{"type":"Feature","geometry":{"type":"Point","coordinates":[-106.051532,28.601928]},"properties":{"osm_id":7272408507,"tipo":"semaforo","nombre":""}},{"type":"Feature","geometry":{"type":"Point","coordinates":[-106.051402,28.601583]},"properties":{"osm_id":7272408512,"tipo":"semaforo","nombre":""}},{"type":"Feature","geometry":{"type":"Point","coordinates":[-106.030951,28.620798]},"properties":{"osm_id":7272426060,"tipo":"semaforo","nombre":""}},{"type":"Feature","geometry":{"type":"Point","coordinates":[-106.028322,28.62037]},"properties":{"osm_id":7272426066,"tipo":"semaforo","nombre":""}},{"type":"Feature","geometry":{"type":"Point","coordinates":[-106.040083,28.62481]},"properties":{"osm_id":7285502117,"tipo":"cruce","nombre":""}},{"type":"Feature","geometry":{"type":"Point","coordinates":[-106.016999,28.617204]},"properties":{"osm_id":7288748317,"tipo":"semaforo","nombre":""}},{"type":"Feature","geometry":{"type":"Point","coordinates":[-106.016995,28.617329]},"properties":{"osm_id":7288748319,"tipo":"semaforo","nombre":""}},{"type":"Feature","geometry":{"type":"Point","coordinates":[-106.016922,28.617525]},"properties":{"osm_id":7288748321,"tipo":"semaforo","nombre":""}},{"type":"Feature","geometry":{"type":"Point","coordinates":[-106.011019,28.613438]},"properties":{"osm_id":7288748353,"tipo":"semaforo","nombre":""}},{"type":"Feature","geometry":{"type":"Point","coordinates":[-106.011053,28.613301]},"properties":{"osm_id":7288748355,"tipo":"semaforo","nombre":""}},{"type":"Feature","geometry":{"type":"Point","coordinates":[-106.010953,28.613601]},"properties":{"osm_id":7288748356,"tipo":"semaforo","nombre":""}},{"type":"Feature","geometry":{"type":"Point","coordinates":[-106.121127,28.631982]},"properties":{"osm_id":7299801156,"tipo":"semaforo","nombre":""}},{"type":"Feature","geometry":{"type":"Point","coordinates":[-106.119961,28.636257]},"properties":{"osm_id":7302393327,"tipo":"cruce","nombre":""}},{"type":"Feature","geometry":{"type":"Point","coordinates":[-106.032,28.602869]},"properties":{"osm_id":7306252147,"tipo":"semaforo","nombre":""}},{"type":"Feature","geometry":{"type":"Point","coordinates":[-106.032075,28.603061]},"properties":{"osm_id":7306252171,"tipo":"semaforo","nombre":""}},{"type":"Feature","geometry":{"type":"Point","coordinates":[-106.120753,28.63232]},"properties":{"osm_id":7306393053,"tipo":"semaforo","nombre":""}},{"type":"Feature","geometry":{"type":"Point","coordinates":[-106.162031,28.659962]},"properties":{"osm_id":7327183414,"tipo":"cruce","nombre":""}},{"type":"Feature","geometry":{"type":"Point","coordinates":[-106.162037,28.660278]},"properties":{"osm_id":7327183415,"tipo":"cruce","nombre":""}},{"type":"Feature","geometry":{"type":"Point","coordinates":[-106.162384,28.659379]},"properties":{"osm_id":7327189510,"tipo":"cruce","nombre":""}},{"type":"Feature","geometry":{"type":"Point","coordinates":[-106.113,28.660769]},"properties":{"osm_id":7715614510,"tipo":"alto","nombre":""}},{"type":"Feature","geometry":{"type":"Point","coordinates":[-106.112265,28.644078]},"properties":{"osm_id":7716106523,"tipo":"semaforo","nombre":""}},{"type":"Feature","geometry":{"type":"Point","coordinates":[-106.139296,28.718089]},"properties":{"osm_id":7720969641,"tipo":"semaforo","nombre":""}},{"type":"Feature","geometry":{"type":"Point","coordinates":[-106.099342,28.624526]},"properties":{"osm_id":7731041183,"tipo":"semaforo","nombre":""}},{"type":"Feature","geometry":{"type":"Point","coordinates":[-106.099254,28.624495]},"properties":{"osm_id":7731041184,"tipo":"semaforo","nombre":""}},{"type":"Feature","geometry":{"type":"Point","coordinates":[-105.974841,28.753682]},"properties":{"osm_id":7774195183,"tipo":"escuela","nombre":""}},{"type":"Feature","geometry":{"type":"Point","coordinates":[-106.130041,28.651909]},"properties":{"osm_id":7774779186,"tipo":"parada","nombre":""}},{"type":"Feature","geometry":{"type":"Point","coordinates":[-106.115963,28.653603]},"properties":{"osm_id":7774779286,"tipo":"parada","nombre":""}},{"type":"Feature","geometry":{"type":"Point","coordinates":[-106.117476,28.648013]},"properties":{"osm_id":7774779287,"tipo":"parada","nombre":""}},{"type":"Feature","geometry":{"type":"Point","coordinates":[-106.078121,28.670913]},"properties":{"osm_id":7774779385,"tipo":"parada","nombre":""}},{"type":"Feature","geometry":{"type":"Point","coordinates":[-106.084182,28.668916]},"properties":{"osm_id":7774779485,"tipo":"parada","nombre":""}},{"type":"Feature","geometry":{"type":"Point","coordinates":[-106.119162,28.651648]},"properties":{"osm_id":7774779487,"tipo":"parada","nombre":""}},{"type":"Feature","geometry":{"type":"Point","coordinates":[-106.120921,28.633108]},"properties":{"osm_id":7774779488,"tipo":"parada","nombre":""}},{"type":"Feature","geometry":{"type":"Point","coordinates":[-106.135602,28.680991]},"properties":{"osm_id":7774779489,"tipo":"parada","nombre":""}},{"type":"Feature","geometry":{"type":"Point","coordinates":[-106.090325,28.665594]},"properties":{"osm_id":7774779585,"tipo":"parada","nombre":""}},{"type":"Feature","geometry":{"type":"Point","coordinates":[-106.107368,28.65678]},"properties":{"osm_id":7774779586,"tipo":"parada","nombre":""}},{"type":"Feature","geometry":{"type":"Point","coordinates":[-106.11171,28.655257]},"properties":{"osm_id":7774779587,"tipo":"parada","nombre":""}},{"type":"Feature","geometry":{"type":"Point","coordinates":[-106.12896,28.661367]},"properties":{"osm_id":7774779588,"tipo":"parada","nombre":""}},{"type":"Feature","geometry":{"type":"Point","coordinates":[-106.109706,28.655964]},"properties":{"osm_id":7774779685,"tipo":"parada","nombre":""}},{"type":"Feature","geometry":{"type":"Point","coordinates":[-106.113705,28.654422]},"properties":{"osm_id":7774779686,"tipo":"parada","nombre":""}},{"type":"Feature","geometry":{"type":"Point","coordinates":[-106.117809,28.65294]},"properties":{"osm_id":7774779785,"tipo":"parada","nombre":""}},{"type":"Feature","geometry":{"type":"Point","coordinates":[-106.122778,28.638517]},"properties":{"osm_id":7774779786,"tipo":"parada","nombre":""}},{"type":"Feature","geometry":{"type":"Point","coordinates":[-106.119154,28.635529]},"properties":{"osm_id":7774779885,"tipo":"parada","nombre":""}},{"type":"Feature","geometry":{"type":"Point","coordinates":[-106.150092,28.731326]},"properties":{"osm_id":7774785386,"tipo":"parada","nombre":""}},{"type":"Feature","geometry":{"type":"Point","coordinates":[-106.138869,28.717299]},"properties":{"osm_id":7774785387,"tipo":"parada","nombre":""}},{"type":"Feature","geometry":{"type":"Point","coordinates":[-106.165883,28.752869]},"properties":{"osm_id":7774814585,"tipo":"parada","nombre":""}},{"type":"Feature","geometry":{"type":"Point","coordinates":[-106.16358,28.749007]},"properties":{"osm_id":7774814685,"tipo":"parada","nombre":""}},{"type":"Feature","geometry":{"type":"Point","coordinates":[-106.161619,28.745429]},"properties":{"osm_id":7774815385,"tipo":"parada","nombre":""}},{"type":"Feature","geometry":{"type":"Point","coordinates":[-106.15536,28.736673]},"properties":{"osm_id":7774815386,"tipo":"parada","nombre":""}},{"type":"Feature","geometry":{"type":"Point","coordinates":[-106.160409,28.743241]},"properties":{"osm_id":7774815485,"tipo":"parada","nombre":""}},{"type":"Feature","geometry":{"type":"Point","coordinates":[-106.159047,28.740823]},"properties":{"osm_id":7774815585,"tipo":"parada","nombre":""}},{"type":"Feature","geometry":{"type":"Point","coordinates":[-106.142568,28.721043]},"properties":{"osm_id":7774820485,"tipo":"parada","nombre":""}},{"type":"Feature","geometry":{"type":"Point","coordinates":[-106.108886,28.711202]},"properties":{"osm_id":7782627185,"tipo":"parada","nombre":""}},{"type":"Feature","geometry":{"type":"Point","coordinates":[-106.113128,28.709815]},"properties":{"osm_id":7782627585,"tipo":"parada","nombre":""}},{"type":"Feature","geometry":{"type":"Point","coordinates":[-106.090895,28.707102]},"properties":{"osm_id":7782672285,"tipo":"parada","nombre":""}},{"type":"Feature","geometry":{"type":"Point","coordinates":[-106.14131,28.720265]},"properties":{"osm_id":7782672286,"tipo":"parada","nombre":""}},{"type":"Feature","geometry":{"type":"Point","coordinates":[-106.136873,28.715655]},"properties":{"osm_id":7782672385,"tipo":"parada","nombre":""}},{"type":"Feature","geometry":{"type":"Point","coordinates":[-106.146121,28.726918]},"properties":{"osm_id":7782672485,"tipo":"parada","nombre":""}},{"type":"Feature","geometry":{"type":"Point","coordinates":[-106.084041,28.652829]},"properties":{"osm_id":7817966585,"tipo":"parada","nombre":""}},{"type":"Feature","geometry":{"type":"Point","coordinates":[-106.149563,28.655642]},"properties":{"osm_id":7828568706,"tipo":"cruce","nombre":""}},{"type":"Feature","geometry":{"type":"Point","coordinates":[-106.149527,28.65575]},"properties":{"osm_id":7828568707,"tipo":"cruce","nombre":""}},{"type":"Feature","geometry":{"type":"Point","coordinates":[-106.150176,28.656226]},"properties":{"osm_id":7828802053,"tipo":"cruce","nombre":""}},{"type":"Feature","geometry":{"type":"Point","coordinates":[-106.150055,28.65625]},"properties":{"osm_id":7828802054,"tipo":"cruce","nombre":""}},{"type":"Feature","geometry":{"type":"Point","coordinates":[-106.11293,28.709583]},"properties":{"osm_id":7861328297,"tipo":"semaforo","nombre":""}},{"type":"Feature","geometry":{"type":"Point","coordinates":[-106.031481,28.684299]},"properties":{"osm_id":7896255636,"tipo":"cruce","nombre":""}},{"type":"Feature","geometry":{"type":"Point","coordinates":[-106.150814,28.711204]},"properties":{"osm_id":7904663846,"tipo":"alto","nombre":""}},{"type":"Feature","geometry":{"type":"Point","coordinates":[-106.153516,28.710432]},"properties":{"osm_id":7912452958,"tipo":"alto","nombre":""}},{"type":"Feature","geometry":{"type":"Point","coordinates":[-106.153906,28.711915]},"properties":{"osm_id":7912452967,"tipo":"alto","nombre":""}},{"type":"Feature","geometry":{"type":"Point","coordinates":[-106.096096,28.660854]},"properties":{"osm_id":7912895115,"tipo":"semaforo","nombre":""}},{"type":"Feature","geometry":{"type":"Point","coordinates":[-106.113338,28.728942]},"properties":{"osm_id":7942019302,"tipo":"semaforo","nombre":""}},{"type":"Feature","geometry":{"type":"Point","coordinates":[-106.11374,28.723534]},"properties":{"osm_id":8833183396,"tipo":"cruce","nombre":""}},{"type":"Feature","geometry":{"type":"Point","coordinates":[-106.113816,28.723691]},"properties":{"osm_id":8833183397,"tipo":"cruce","nombre":""}},{"type":"Feature","geometry":{"type":"Point","coordinates":[-106.019858,28.625649]},"properties":{"osm_id":8855210974,"tipo":"cruce","nombre":""}},{"type":"Feature","geometry":{"type":"Point","coordinates":[-106.021131,28.623229]},"properties":{"osm_id":8855210979,"tipo":"cruce","nombre":""}},{"type":"Feature","geometry":{"type":"Point","coordinates":[-106.020777,28.62085]},"properties":{"osm_id":8855210985,"tipo":"cruce","nombre":""}},{"type":"Feature","geometry":{"type":"Point","coordinates":[-106.020624,28.620758]},"properties":{"osm_id":8855210986,"tipo":"cruce","nombre":""}},{"type":"Feature","geometry":{"type":"Point","coordinates":[-106.014076,28.624046]},"properties":{"osm_id":8855211001,"tipo":"cruce","nombre":""}},{"type":"Feature","geometry":{"type":"Point","coordinates":[-106.013974,28.624205]},"properties":{"osm_id":8855211002,"tipo":"cruce","nombre":""}},{"type":"Feature","geometry":{"type":"Point","coordinates":[-106.128514,28.658749]},"properties":{"osm_id":8926856318,"tipo":"cruce","nombre":""}},{"type":"Feature","geometry":{"type":"Point","coordinates":[-106.128595,28.659106]},"properties":{"osm_id":8926856321,"tipo":"cruce","nombre":""}},{"type":"Feature","geometry":{"type":"Point","coordinates":[-106.147228,28.64192]},"properties":{"osm_id":9341295725,"tipo":"cruce","nombre":""}},{"type":"Feature","geometry":{"type":"Point","coordinates":[-106.147321,28.641974]},"properties":{"osm_id":9341295726,"tipo":"cruce","nombre":""}},{"type":"Feature","geometry":{"type":"Point","coordinates":[-106.147421,28.641643]},"properties":{"osm_id":9341295727,"tipo":"cruce","nombre":""}},{"type":"Feature","geometry":{"type":"Point","coordinates":[-106.147509,28.641694]},"properties":{"osm_id":9341295728,"tipo":"cruce","nombre":""}},{"type":"Feature","geometry":{"type":"Point","coordinates":[-106.081128,28.657987]},"properties":{"osm_id":9362300599,"tipo":"cruce","nombre":""}},{"type":"Feature","geometry":{"type":"Point","coordinates":[-106.081236,28.657894]},"properties":{"osm_id":9362300600,"tipo":"cruce","nombre":""}},{"type":"Feature","geometry":{"type":"Point","coordinates":[-106.020457,28.61996]},"properties":{"osm_id":9371030866,"tipo":"cruce","nombre":""}},{"type":"Feature","geometry":{"type":"Point","coordinates":[-106.077893,28.632878]},"properties":{"osm_id":9656644718,"tipo":"hospital","nombre":"Clinica del Centro"}},{"type":"Feature","geometry":{"type":"Point","coordinates":[-106.076751,28.634872]},"properties":{"osm_id":9656644818,"tipo":"parada","nombre":""}},{"type":"Feature","geometry":{"type":"Point","coordinates":[-106.078366,28.633364]},"properties":{"osm_id":9656644819,"tipo":"parada","nombre":""}},{"type":"Feature","geometry":{"type":"Point","coordinates":[-106.071221,28.642915]},"properties":{"osm_id":9659572018,"tipo":"parada","nombre":""}},{"type":"Feature","geometry":{"type":"Point","coordinates":[-106.076753,28.641491]},"properties":{"osm_id":9659572019,"tipo":"parada","nombre":"Terminal Aldama"}},{"type":"Feature","geometry":{"type":"Point","coordinates":[-106.079136,28.637736]},"properties":{"osm_id":9659572318,"tipo":"parada","nombre":""}},{"type":"Feature","geometry":{"type":"Point","coordinates":[-105.97761,28.656884]},"properties":{"osm_id":9730530417,"tipo":"escuela","nombre":"Cenaltec"}},{"type":"Feature","geometry":{"type":"Point","coordinates":[-106.13719,28.703636]},"properties":{"osm_id":10002886797,"tipo":"escuela","nombre":"Facultad de Ciencias Químicas UACh"}},{"type":"Feature","geometry":{"type":"Point","coordinates":[-106.120654,28.611425]},"properties":{"osm_id":10005377229,"tipo":"cruce","nombre":""}},{"type":"Feature","geometry":{"type":"Point","coordinates":[-106.140242,28.675335]},"properties":{"osm_id":10027917732,"tipo":"cruce","nombre":""}},{"type":"Feature","geometry":{"type":"Point","coordinates":[-106.139463,28.67556]},"properties":{"osm_id":10027917733,"tipo":"cruce","nombre":""}},{"type":"Feature","geometry":{"type":"Point","coordinates":[-105.985266,28.743792]},"properties":{"osm_id":10040368718,"tipo":"cruce","nombre":""}},{"type":"Feature","geometry":{"type":"Point","coordinates":[-105.985911,28.744065]},"properties":{"osm_id":10040368719,"tipo":"cruce","nombre":""}},{"type":"Feature","geometry":{"type":"Point","coordinates":[-105.985908,28.744168]},"properties":{"osm_id":10040368720,"tipo":"cruce","nombre":""}},{"type":"Feature","geometry":{"type":"Point","coordinates":[-105.986701,28.744399]},"properties":{"osm_id":10040368721,"tipo":"cruce","nombre":""}},{"type":"Feature","geometry":{"type":"Point","coordinates":[-105.986697,28.744503]},"properties":{"osm_id":10040368722,"tipo":"cruce","nombre":""}},{"type":"Feature","geometry":{"type":"Point","coordinates":[-105.986817,28.744448]},"properties":{"osm_id":10040368723,"tipo":"cruce","nombre":""}},{"type":"Feature","geometry":{"type":"Point","coordinates":[-105.987488,28.744732]},"properties":{"osm_id":10040368724,"tipo":"cruce","nombre":""}},{"type":"Feature","geometry":{"type":"Point","coordinates":[-105.987478,28.744831]},"properties":{"osm_id":10040368725,"tipo":"cruce","nombre":""}},{"type":"Feature","geometry":{"type":"Point","coordinates":[-105.988271,28.745064]},"properties":{"osm_id":10040368726,"tipo":"cruce","nombre":""}},{"type":"Feature","geometry":{"type":"Point","coordinates":[-105.98839,28.745114]},"properties":{"osm_id":10040368727,"tipo":"cruce","nombre":""}},{"type":"Feature","geometry":{"type":"Point","coordinates":[-105.988254,28.745155]},"properties":{"osm_id":10040368728,"tipo":"cruce","nombre":""}},{"type":"Feature","geometry":{"type":"Point","coordinates":[-105.989054,28.745394]},"properties":{"osm_id":10040368729,"tipo":"cruce","nombre":""}},{"type":"Feature","geometry":{"type":"Point","coordinates":[-105.989051,28.74549]},"properties":{"osm_id":10040368730,"tipo":"cruce","nombre":""}},{"type":"Feature","geometry":{"type":"Point","coordinates":[-105.989183,28.745449]},"properties":{"osm_id":10040368731,"tipo":"cruce","nombre":""}},{"type":"Feature","geometry":{"type":"Point","coordinates":[-105.989735,28.74601]},"properties":{"osm_id":10040368732,"tipo":"cruce","nombre":""}},{"type":"Feature","geometry":{"type":"Point","coordinates":[-105.990427,28.746399]},"properties":{"osm_id":10040368733,"tipo":"cruce","nombre":""}},{"type":"Feature","geometry":{"type":"Point","coordinates":[-105.990429,28.746502]},"properties":{"osm_id":10040368734,"tipo":"cruce","nombre":""}},{"type":"Feature","geometry":{"type":"Point","coordinates":[-105.991219,28.74683]},"properties":{"osm_id":10040368735,"tipo":"cruce","nombre":""}},{"type":"Feature","geometry":{"type":"Point","coordinates":[-105.991993,28.747085]},"properties":{"osm_id":10040368736,"tipo":"cruce","nombre":""}},{"type":"Feature","geometry":{"type":"Point","coordinates":[-105.991999,28.747189]},"properties":{"osm_id":10040368737,"tipo":"cruce","nombre":""}},{"type":"Feature","geometry":{"type":"Point","coordinates":[-105.992764,28.747443]},"properties":{"osm_id":10040368738,"tipo":"cruce","nombre":""}},{"type":"Feature","geometry":{"type":"Point","coordinates":[-105.992777,28.747549]},"properties":{"osm_id":10040368739,"tipo":"cruce","nombre":""}},{"type":"Feature","geometry":{"type":"Point","coordinates":[-105.992874,28.747494]},"properties":{"osm_id":10040368740,"tipo":"cruce","nombre":""}},{"type":"Feature","geometry":{"type":"Point","coordinates":[-105.993541,28.747911]},"properties":{"osm_id":10040368741,"tipo":"cruce","nombre":""}},{"type":"Feature","geometry":{"type":"Point","coordinates":[-105.993653,28.747854]},"properties":{"osm_id":10040368742,"tipo":"cruce","nombre":""}},{"type":"Feature","geometry":{"type":"Point","coordinates":[-105.994319,28.748132]},"properties":{"osm_id":10040368743,"tipo":"cruce","nombre":""}},{"type":"Feature","geometry":{"type":"Point","coordinates":[-105.994323,28.748243]},"properties":{"osm_id":10040368744,"tipo":"cruce","nombre":""}},{"type":"Feature","geometry":{"type":"Point","coordinates":[-105.994443,28.748183]},"properties":{"osm_id":10040368745,"tipo":"cruce","nombre":""}},{"type":"Feature","geometry":{"type":"Point","coordinates":[-105.987602,28.74478]},"properties":{"osm_id":10040368747,"tipo":"cruce","nombre":""}},{"type":"Feature","geometry":{"type":"Point","coordinates":[-105.986026,28.744113]},"properties":{"osm_id":10040368748,"tipo":"cruce","nombre":""}},{"type":"Feature","geometry":{"type":"Point","coordinates":[-105.990546,28.746448]},"properties":{"osm_id":10040368780,"tipo":"cruce","nombre":""}},{"type":"Feature","geometry":{"type":"Point","coordinates":[-105.992108,28.747138]},"properties":{"osm_id":10040368788,"tipo":"cruce","nombre":""}},{"type":"Feature","geometry":{"type":"Point","coordinates":[-105.993543,28.747805]},"properties":{"osm_id":10040368801,"tipo":"cruce","nombre":""}},{"type":"Feature","geometry":{"type":"Point","coordinates":[-105.991211,28.746724]},"properties":{"osm_id":10040368811,"tipo":"cruce","nombre":""}},{"type":"Feature","geometry":{"type":"Point","coordinates":[-105.991342,28.746782]},"properties":{"osm_id":10040368816,"tipo":"cruce","nombre":""}},{"type":"Feature","geometry":{"type":"Point","coordinates":[-106.083426,28.660007]},"properties":{"osm_id":10043322403,"tipo":"cruce","nombre":""}},{"type":"Feature","geometry":{"type":"Point","coordinates":[-106.083548,28.659899]},"properties":{"osm_id":10043322404,"tipo":"cruce","nombre":""}},{"type":"Feature","geometry":{"type":"Point","coordinates":[-106.151392,28.66343]},"properties":{"osm_id":10045546933,"tipo":"cruce","nombre":""}},{"type":"Feature","geometry":{"type":"Point","coordinates":[-106.151299,28.663494]},"properties":{"osm_id":10045546934,"tipo":"cruce","nombre":""}},{"type":"Feature","geometry":{"type":"Point","coordinates":[-106.150333,28.662257]},"properties":{"osm_id":10045546935,"tipo":"cruce","nombre":""}},{"type":"Feature","geometry":{"type":"Point","coordinates":[-106.150244,28.662311]},"properties":{"osm_id":10045546936,"tipo":"cruce","nombre":""}},{"type":"Feature","geometry":{"type":"Point","coordinates":[-106.149664,28.661852]},"properties":{"osm_id":10045546937,"tipo":"cruce","nombre":""}},{"type":"Feature","geometry":{"type":"Point","coordinates":[-106.149558,28.661734]},"properties":{"osm_id":10045546938,"tipo":"cruce","nombre":""}},{"type":"Feature","geometry":{"type":"Point","coordinates":[-106.150395,28.655937]},"properties":{"osm_id":10045546939,"tipo":"cruce","nombre":""}},{"type":"Feature","geometry":{"type":"Point","coordinates":[-106.147645,28.713318]},"properties":{"osm_id":10056501888,"tipo":"cruce","nombre":""}},{"type":"Feature","geometry":{"type":"Point","coordinates":[-106.147763,28.713502]},"properties":{"osm_id":10056501889,"tipo":"cruce","nombre":""}},{"type":"Feature","geometry":{"type":"Point","coordinates":[-106.147695,28.713427]},"properties":{"osm_id":10056501890,"tipo":"cruce","nombre":""}},{"type":"Feature","geometry":{"type":"Point","coordinates":[-106.147596,28.713411]},"properties":{"osm_id":10056501892,"tipo":"cruce","nombre":""}},{"type":"Feature","geometry":{"type":"Point","coordinates":[-106.147221,28.713685]},"properties":{"osm_id":10056501895,"tipo":"cruce","nombre":""}},{"type":"Feature","geometry":{"type":"Point","coordinates":[-106.147219,28.713763]},"properties":{"osm_id":10056501897,"tipo":"cruce","nombre":""}},{"type":"Feature","geometry":{"type":"Point","coordinates":[-106.14728,28.713828]},"properties":{"osm_id":10056501898,"tipo":"cruce","nombre":""}},{"type":"Feature","geometry":{"type":"Point","coordinates":[-106.147381,28.713862]},"properties":{"osm_id":10056501900,"tipo":"cruce","nombre":""}},{"type":"Feature","geometry":{"type":"Point","coordinates":[-106.147753,28.7136]},"properties":{"osm_id":10056501903,"tipo":"cruce","nombre":""}},{"type":"Feature","geometry":{"type":"Point","coordinates":[-106.139242,28.699729]},"properties":{"osm_id":10073918952,"tipo":"cruce","nombre":""}},{"type":"Feature","geometry":{"type":"Point","coordinates":[-106.139332,28.699659]},"properties":{"osm_id":10073918953,"tipo":"cruce","nombre":""}},{"type":"Feature","geometry":{"type":"Point","coordinates":[-106.124532,28.709035]},"properties":{"osm_id":10177310691,"tipo":"cruce","nombre":""}},{"type":"Feature","geometry":{"type":"Point","coordinates":[-106.127524,28.707721]},"properties":{"osm_id":10177310698,"tipo":"cruce","nombre":""}},{"type":"Feature","geometry":{"type":"Point","coordinates":[-106.125778,28.708139]},"properties":{"osm_id":10177310704,"tipo":"cruce","nombre":""}},{"type":"Feature","geometry":{"type":"Point","coordinates":[-106.129057,28.658746]},"properties":{"osm_id":10700382832,"tipo":"cruce","nombre":""}},{"type":"Feature","geometry":{"type":"Point","coordinates":[-106.128657,28.658775]},"properties":{"osm_id":10700382833,"tipo":"cruce","nombre":""}},{"type":"Feature","geometry":{"type":"Point","coordinates":[-106.129073,28.658982]},"properties":{"osm_id":10700382836,"tipo":"cruce","nombre":""}},{"type":"Feature","geometry":{"type":"Point","coordinates":[-106.128682,28.659004]},"properties":{"osm_id":10700382837,"tipo":"cruce","nombre":""}},{"type":"Feature","geometry":{"type":"Point","coordinates":[-106.129234,28.658931]},"properties":{"osm_id":10700382839,"tipo":"cruce","nombre":""}},{"type":"Feature","geometry":{"type":"Point","coordinates":[-106.072214,28.66314]},"properties":{"osm_id":10757665320,"tipo":"cruce","nombre":""}},{"type":"Feature","geometry":{"type":"Point","coordinates":[-106.120297,28.659622]},"properties":{"osm_id":11350128758,"tipo":"semaforo","nombre":""}},{"type":"Feature","geometry":{"type":"Point","coordinates":[-106.09164,28.662484]},"properties":{"osm_id":11527069095,"tipo":"semaforo","nombre":""}},{"type":"Feature","geometry":{"type":"Point","coordinates":[-106.088073,28.663809]},"properties":{"osm_id":11527069101,"tipo":"semaforo","nombre":""}},{"type":"Feature","geometry":{"type":"Point","coordinates":[-106.139803,28.752175]},"properties":{"osm_id":11958957643,"tipo":"cruce","nombre":""}},{"type":"Feature","geometry":{"type":"Point","coordinates":[-106.140246,28.752025]},"properties":{"osm_id":11958957644,"tipo":"cruce","nombre":""}},{"type":"Feature","geometry":{"type":"Point","coordinates":[-106.14087,28.752394]},"properties":{"osm_id":11958957645,"tipo":"cruce","nombre":""}},{"type":"Feature","geometry":{"type":"Point","coordinates":[-106.140739,28.751833]},"properties":{"osm_id":11958957646,"tipo":"cruce","nombre":""}},{"type":"Feature","geometry":{"type":"Point","coordinates":[-106.139893,28.752586]},"properties":{"osm_id":11958957647,"tipo":"cruce","nombre":""}},{"type":"Feature","geometry":{"type":"Point","coordinates":[-106.139133,28.752305]},"properties":{"osm_id":11958957648,"tipo":"cruce","nombre":""}},{"type":"Feature","geometry":{"type":"Point","coordinates":[-106.07266,28.633523]},"properties":{"osm_id":12029740097,"tipo":"cruce","nombre":""}},{"type":"Feature","geometry":{"type":"Point","coordinates":[-106.071775,28.635307]},"properties":{"osm_id":12029749209,"tipo":"cruce","nombre":""}},{"type":"Feature","geometry":{"type":"Point","coordinates":[-106.072087,28.634673]},"properties":{"osm_id":12029749210,"tipo":"cruce","nombre":""}},{"type":"Feature","geometry":{"type":"Point","coordinates":[-106.072468,28.63389]},"properties":{"osm_id":12029749211,"tipo":"cruce","nombre":""}},{"type":"Feature","geometry":{"type":"Point","coordinates":[-106.072579,28.637889]},"properties":{"osm_id":12029749212,"tipo":"cruce","nombre":""}},{"type":"Feature","geometry":{"type":"Point","coordinates":[-106.182884,28.56746]},"properties":{"osm_id":12537075966,"tipo":"cruce","nombre":""}},{"type":"Feature","geometry":{"type":"Point","coordinates":[-106.083327,28.648888]},"properties":{"osm_id":12546671068,"tipo":"cruce","nombre":""}},{"type":"Feature","geometry":{"type":"Point","coordinates":[-106.089738,28.654938]},"properties":{"osm_id":12601271637,"tipo":"cruce","nombre":""}},{"type":"Feature","geometry":{"type":"Point","coordinates":[-106.089819,28.654874]},"properties":{"osm_id":12601271638,"tipo":"cruce","nombre":""}},{"type":"Feature","geometry":{"type":"Point","coordinates":[-106.089868,28.654835]},"properties":{"osm_id":12601271639,"tipo":"cruce","nombre":""}},{"type":"Feature","geometry":{"type":"Point","coordinates":[-106.065022,28.647137]},"properties":{"osm_id":12888338858,"tipo":"escuela","nombre":"CESCIJUC CHIHUAHUA"}},{"type":"Feature","geometry":{"type":"Point","coordinates":[-106.120404,28.707433]},"properties":{"osm_id":12890512250,"tipo":"cruce","nombre":""}},{"type":"Feature","geometry":{"type":"Point","coordinates":[-106.120979,28.708707]},"properties":{"osm_id":12890512260,"tipo":"cruce","nombre":""}},{"type":"Feature","geometry":{"type":"Point","coordinates":[-106.148227,28.722444]},"properties":{"osm_id":12950673574,"tipo":"semaforo","nombre":""}},{"type":"Feature","geometry":{"type":"Point","coordinates":[-106.148579,28.722698]},"properties":{"osm_id":12950673576,"tipo":"semaforo","nombre":""}},{"type":"Feature","geometry":{"type":"Point","coordinates":[-106.108158,28.608603]},"properties":{"osm_id":13364987762,"tipo":"escuela","nombre":""}},{"type":"Feature","geometry":{"type":"Point","coordinates":[-106.051649,28.621413]},"properties":{"osm_id":13384048561,"tipo":"semaforo","nombre":""}},{"type":"Feature","geometry":{"type":"Point","coordinates":[-106.0515,28.621661]},"properties":{"osm_id":13384048562,"tipo":"semaforo","nombre":""}},{"type":"Feature","geometry":{"type":"Point","coordinates":[-106.051499,28.62138]},"properties":{"osm_id":13384048563,"tipo":"semaforo","nombre":""}},{"type":"Feature","geometry":{"type":"Point","coordinates":[-106.051688,28.621452]},"properties":{"osm_id":13384048573,"tipo":"semaforo","nombre":""}},{"type":"Feature","geometry":{"type":"Point","coordinates":[-106.057768,28.619074]},"properties":{"osm_id":13384048590,"tipo":"semaforo","nombre":""}},{"type":"Feature","geometry":{"type":"Point","coordinates":[-106.054323,28.620281]},"properties":{"osm_id":13384048597,"tipo":"cruce","nombre":""}},{"type":"Feature","geometry":{"type":"Point","coordinates":[-106.054363,28.620343]},"properties":{"osm_id":13384048598,"tipo":"cruce","nombre":""}},{"type":"Feature","geometry":{"type":"Point","coordinates":[-106.054422,28.620435]},"properties":{"osm_id":13384048599,"tipo":"cruce","nombre":""}},{"type":"Feature","geometry":{"type":"Point","coordinates":[-106.05439,28.620385]},"properties":{"osm_id":13384048600,"tipo":"cruce","nombre":""}},{"type":"Feature","geometry":{"type":"Point","coordinates":[-106.054492,28.620485]},"properties":{"osm_id":13384048601,"tipo":"cruce","nombre":""}},{"type":"Feature","geometry":{"type":"Point","coordinates":[-106.05038,28.621925]},"properties":{"osm_id":13384048610,"tipo":"cruce","nombre":""}},{"type":"Feature","geometry":{"type":"Point","coordinates":[-106.050432,28.622031]},"properties":{"osm_id":13384048611,"tipo":"cruce","nombre":""}},{"type":"Feature","geometry":{"type":"Point","coordinates":[-106.050408,28.621983]},"properties":{"osm_id":13384048612,"tipo":"cruce","nombre":""}},{"type":"Feature","geometry":{"type":"Point","coordinates":[-106.050458,28.622082]},"properties":{"osm_id":13384048613,"tipo":"cruce","nombre":""}},{"type":"Feature","geometry":{"type":"Point","coordinates":[-106.057812,28.61901]},"properties":{"osm_id":13384048631,"tipo":"semaforo","nombre":""}},{"type":"Feature","geometry":{"type":"Point","coordinates":[-106.057768,28.618931]},"properties":{"osm_id":13384048632,"tipo":"semaforo","nombre":""}},{"type":"Feature","geometry":{"type":"Point","coordinates":[-106.053398,28.620928]},"properties":{"osm_id":13384048633,"tipo":"semaforo","nombre":""}},{"type":"Feature","geometry":{"type":"Point","coordinates":[-106.053542,28.620938]},"properties":{"osm_id":13384048634,"tipo":"semaforo","nombre":""}},{"type":"Feature","geometry":{"type":"Point","coordinates":[-106.053382,28.620752]},"properties":{"osm_id":13384048635,"tipo":"semaforo","nombre":""}},{"type":"Feature","geometry":{"type":"Point","coordinates":[-106.053358,28.620874]},"properties":{"osm_id":13384048636,"tipo":"semaforo","nombre":""}},{"type":"Feature","geometry":{"type":"Point","coordinates":[-106.053413,28.620787]},"properties":{"osm_id":13384048637,"tipo":"semaforo","nombre":""}},{"type":"Feature","geometry":{"type":"Point","coordinates":[-106.051496,28.621597]},"properties":{"osm_id":13384048638,"tipo":"semaforo","nombre":""}},{"type":"Feature","geometry":{"type":"Point","coordinates":[-106.045883,28.622192]},"properties":{"osm_id":13384048646,"tipo":"semaforo","nombre":""}},{"type":"Feature","geometry":{"type":"Point","coordinates":[-106.045735,28.622184]},"properties":{"osm_id":13384048647,"tipo":"semaforo","nombre":""}},{"type":"Feature","geometry":{"type":"Point","coordinates":[-106.045759,28.62227]},"properties":{"osm_id":13384048648,"tipo":"semaforo","nombre":""}},{"type":"Feature","geometry":{"type":"Point","coordinates":[-106.045543,28.622517]},"properties":{"osm_id":13384048649,"tipo":"semaforo","nombre":""}},{"type":"Feature","geometry":{"type":"Point","coordinates":[-106.045333,28.622513]},"properties":{"osm_id":13384048650,"tipo":"semaforo","nombre":""}},{"type":"Feature","geometry":{"type":"Point","coordinates":[-106.045494,28.622459]},"properties":{"osm_id":13384048651,"tipo":"semaforo","nombre":""}},{"type":"Feature","geometry":{"type":"Point","coordinates":[-106.079999,28.617506]},"properties":{"osm_id":13384109485,"tipo":"cruce","nombre":""}},{"type":"Feature","geometry":{"type":"Point","coordinates":[-106.080039,28.617576]},"properties":{"osm_id":13384109486,"tipo":"cruce","nombre":""}},{"type":"Feature","geometry":{"type":"Point","coordinates":[-106.082127,28.616507]},"properties":{"osm_id":13384109487,"tipo":"semaforo","nombre":""}},{"type":"Feature","geometry":{"type":"Point","coordinates":[-106.082281,28.616343]},"properties":{"osm_id":13384109488,"tipo":"semaforo","nombre":""}},{"type":"Feature","geometry":{"type":"Point","coordinates":[-106.082233,28.616527]},"properties":{"osm_id":13384109489,"tipo":"semaforo","nombre":""}},{"type":"Feature","geometry":{"type":"Point","coordinates":[-106.082262,28.616353]},"properties":{"osm_id":13384109492,"tipo":"cruce","nombre":""}},{"type":"Feature","geometry":{"type":"Point","coordinates":[-106.082304,28.616418]},"properties":{"osm_id":13384109493,"tipo":"cruce","nombre":""}},{"type":"Feature","geometry":{"type":"Point","coordinates":[-106.084239,28.615337]},"properties":{"osm_id":13384109498,"tipo":"cruce","nombre":""}},{"type":"Feature","geometry":{"type":"Point","coordinates":[-106.084285,28.61541]},"properties":{"osm_id":13384109499,"tipo":"cruce","nombre":""}},{"type":"Feature","geometry":{"type":"Point","coordinates":[-106.084094,28.615583]},"properties":{"osm_id":13384167332,"tipo":"cruce","nombre":""}},{"type":"Feature","geometry":{"type":"Point","coordinates":[-106.128884,28.703855]},"properties":{"osm_id":13384221056,"tipo":"parada","nombre":""}},{"type":"Feature","geometry":{"type":"Point","coordinates":[-106.121812,28.706239]},"properties":{"osm_id":13384266763,"tipo":"semaforo","nombre":""}},{"type":"Feature","geometry":{"type":"Point","coordinates":[-106.122047,28.706268]},"properties":{"osm_id":13384266764,"tipo":"semaforo","nombre":""}},{"type":"Feature","geometry":{"type":"Point","coordinates":[-106.121829,28.706004]},"properties":{"osm_id":13384266765,"tipo":"semaforo","nombre":""}},{"type":"Feature","geometry":{"type":"Point","coordinates":[-106.12201,28.706013]},"properties":{"osm_id":13384266766,"tipo":"semaforo","nombre":""}},{"type":"Feature","geometry":{"type":"Point","coordinates":[-106.068776,28.644427]},"properties":{"osm_id":13385608402,"tipo":"hospital","nombre":"Alfa Step Ambulatoria"}},{"type":"Feature","geometry":{"type":"Point","coordinates":[-106.088621,28.618662]},"properties":{"osm_id":13385613801,"tipo":"hospital","nombre":"Sanatorio Palmore, A.C."}},{"type":"Feature","geometry":{"type":"Point","coordinates":[-106.15052,28.711311]},"properties":{"osm_id":13386435494,"tipo":"cruce","nombre":""}},{"type":"Feature","geometry":{"type":"Point","coordinates":[-106.150652,28.711353]},"properties":{"osm_id":13386435495,"tipo":"cruce","nombre":""}},{"type":"Feature","geometry":{"type":"Point","coordinates":[-106.150829,28.711332]},"properties":{"osm_id":13386435496,"tipo":"cruce","nombre":""}},{"type":"Feature","geometry":{"type":"Point","coordinates":[-106.151033,28.711236]},"properties":{"osm_id":13386435497,"tipo":"cruce","nombre":""}},{"type":"Feature","geometry":{"type":"Point","coordinates":[-106.151064,28.711125]},"properties":{"osm_id":13386435498,"tipo":"cruce","nombre":""}},{"type":"Feature","geometry":{"type":"Point","coordinates":[-106.150426,28.711195]},"properties":{"osm_id":13386435500,"tipo":"cruce","nombre":""}},{"type":"Feature","geometry":{"type":"Point","coordinates":[-106.150356,28.71125]},"properties":{"osm_id":13386444301,"tipo":"cruce","nombre":""}},{"type":"Feature","geometry":{"type":"Point","coordinates":[-106.145649,28.717072]},"properties":{"osm_id":13386444405,"tipo":"alto","nombre":""}},{"type":"Feature","geometry":{"type":"Point","coordinates":[-106.145578,28.717065]},"properties":{"osm_id":13386444406,"tipo":"alto","nombre":""}},{"type":"Feature","geometry":{"type":"Point","coordinates":[-106.146036,28.718383]},"properties":{"osm_id":13386444506,"tipo":"cruce","nombre":""}},{"type":"Feature","geometry":{"type":"Point","coordinates":[-106.11287,28.728975]},"properties":{"osm_id":13386826372,"tipo":"semaforo","nombre":""}},{"type":"Feature","geometry":{"type":"Point","coordinates":[-106.113267,28.729273]},"properties":{"osm_id":13386826373,"tipo":"semaforo","nombre":""}},{"type":"Feature","geometry":{"type":"Point","coordinates":[-106.112867,28.72923]},"properties":{"osm_id":13386826377,"tipo":"semaforo","nombre":""}},{"type":"Feature","geometry":{"type":"Point","coordinates":[-106.112903,28.729363]},"properties":{"osm_id":13386826378,"tipo":"semaforo","nombre":""}},{"type":"Feature","geometry":{"type":"Point","coordinates":[-106.126585,28.723894]},"properties":{"osm_id":13386837809,"tipo":"semaforo","nombre":""}},{"type":"Feature","geometry":{"type":"Point","coordinates":[-106.126362,28.724103]},"properties":{"osm_id":13386837810,"tipo":"semaforo","nombre":""}},{"type":"Feature","geometry":{"type":"Point","coordinates":[-106.126633,28.724098]},"properties":{"osm_id":13386837811,"tipo":"semaforo","nombre":""}},{"type":"Feature","geometry":{"type":"Point","coordinates":[-106.126419,28.723865]},"properties":{"osm_id":13386837812,"tipo":"semaforo","nombre":""}},{"type":"Feature","geometry":{"type":"Point","coordinates":[-106.117719,28.727271]},"properties":{"osm_id":13386837815,"tipo":"cruce","nombre":""}},{"type":"Feature","geometry":{"type":"Point","coordinates":[-106.117745,28.727389]},"properties":{"osm_id":13386837816,"tipo":"cruce","nombre":""}},{"type":"Feature","geometry":{"type":"Point","coordinates":[-106.117773,28.727517]},"properties":{"osm_id":13386837817,"tipo":"cruce","nombre":""}},{"type":"Feature","geometry":{"type":"Point","coordinates":[-106.115372,28.728171]},"properties":{"osm_id":13386837822,"tipo":"cruce","nombre":""}},{"type":"Feature","geometry":{"type":"Point","coordinates":[-106.115422,28.728273]},"properties":{"osm_id":13386837823,"tipo":"cruce","nombre":""}},{"type":"Feature","geometry":{"type":"Point","coordinates":[-106.115482,28.728392]},"properties":{"osm_id":13386837824,"tipo":"cruce","nombre":""}},{"type":"Feature","geometry":{"type":"Point","coordinates":[-106.148261,28.729455]},"properties":{"osm_id":13387027569,"tipo":"semaforo","nombre":""}},{"type":"Feature","geometry":{"type":"Point","coordinates":[-106.148426,28.729692]},"properties":{"osm_id":13387027570,"tipo":"semaforo","nombre":""}},{"type":"Feature","geometry":{"type":"Point","coordinates":[-106.148014,28.729536]},"properties":{"osm_id":13387027571,"tipo":"semaforo","nombre":""}},{"type":"Feature","geometry":{"type":"Point","coordinates":[-106.148013,28.729847]},"properties":{"osm_id":13387027572,"tipo":"semaforo","nombre":""}},{"type":"Feature","geometry":{"type":"Point","coordinates":[-106.13805,28.742772]},"properties":{"osm_id":13387151447,"tipo":"semaforo","nombre":""}},{"type":"Feature","geometry":{"type":"Point","coordinates":[-106.138092,28.742926]},"properties":{"osm_id":13387151448,"tipo":"semaforo","nombre":""}},{"type":"Feature","geometry":{"type":"Point","coordinates":[-106.138425,28.742865]},"properties":{"osm_id":13387151449,"tipo":"semaforo","nombre":""}},{"type":"Feature","geometry":{"type":"Point","coordinates":[-106.138017,28.742394]},"properties":{"osm_id":13387151450,"tipo":"semaforo","nombre":""}},{"type":"Feature","geometry":{"type":"Point","coordinates":[-106.138216,28.742357]},"properties":{"osm_id":13387151451,"tipo":"semaforo","nombre":""}},{"type":"Feature","geometry":{"type":"Point","coordinates":[-106.138289,28.74249]},"properties":{"osm_id":13387151452,"tipo":"semaforo","nombre":""}},{"type":"Feature","geometry":{"type":"Point","coordinates":[-106.115493,28.625618]},"properties":{"osm_id":13389508819,"tipo":"semaforo","nombre":""}},{"type":"Feature","geometry":{"type":"Point","coordinates":[-106.115571,28.625657]},"properties":{"osm_id":13389508820,"tipo":"semaforo","nombre":""}},{"type":"Feature","geometry":{"type":"Point","coordinates":[-106.115523,28.625497]},"properties":{"osm_id":13389508823,"tipo":"semaforo","nombre":""}},{"type":"Feature","geometry":{"type":"Point","coordinates":[-106.114973,28.625907]},"properties":{"osm_id":13389508824,"tipo":"semaforo","nombre":""}},{"type":"Feature","geometry":{"type":"Point","coordinates":[-106.115094,28.625739]},"properties":{"osm_id":13389508825,"tipo":"semaforo","nombre":""}},{"type":"Feature","geometry":{"type":"Point","coordinates":[-106.114997,28.625701]},"properties":{"osm_id":13389508826,"tipo":"semaforo","nombre":""}},{"type":"Feature","geometry":{"type":"Point","coordinates":[-106.114923,28.62576]},"properties":{"osm_id":13389508827,"tipo":"semaforo","nombre":""}},{"type":"Feature","geometry":{"type":"Point","coordinates":[-106.126916,28.751566]},"properties":{"osm_id":13389534946,"tipo":"cruce","nombre":""}},{"type":"Feature","geometry":{"type":"Point","coordinates":[-106.126964,28.75168]},"properties":{"osm_id":13389534947,"tipo":"cruce","nombre":""}},{"type":"Feature","geometry":{"type":"Point","coordinates":[-106.125887,28.751898]},"properties":{"osm_id":13389534948,"tipo":"cruce","nombre":""}},{"type":"Feature","geometry":{"type":"Point","coordinates":[-106.125931,28.752007]},"properties":{"osm_id":13389534949,"tipo":"cruce","nombre":""}},{"type":"Feature","geometry":{"type":"Point","coordinates":[-106.111166,28.621527]},"properties":{"osm_id":13391514475,"tipo":"semaforo","nombre":""}},{"type":"Feature","geometry":{"type":"Point","coordinates":[-106.111331,28.621699]},"properties":{"osm_id":13391514476,"tipo":"semaforo","nombre":""}},{"type":"Feature","geometry":{"type":"Point","coordinates":[-106.110705,28.62196]},"properties":{"osm_id":13391514477,"tipo":"semaforo","nombre":""}},{"type":"Feature","geometry":{"type":"Point","coordinates":[-106.110589,28.621837]},"properties":{"osm_id":13391514478,"tipo":"semaforo","nombre":""}},{"type":"Feature","geometry":{"type":"Point","coordinates":[-106.110673,28.621776]},"properties":{"osm_id":13391514479,"tipo":"semaforo","nombre":""}},{"type":"Feature","geometry":{"type":"Point","coordinates":[-106.118323,28.605755]},"properties":{"osm_id":13391550041,"tipo":"semaforo","nombre":""}},{"type":"Feature","geometry":{"type":"Point","coordinates":[-106.118302,28.606104]},"properties":{"osm_id":13391550042,"tipo":"semaforo","nombre":""}},{"type":"Feature","geometry":{"type":"Point","coordinates":[-106.118596,28.606092]},"properties":{"osm_id":13391550043,"tipo":"semaforo","nombre":""}},{"type":"Feature","geometry":{"type":"Point","coordinates":[-106.118574,28.60577]},"properties":{"osm_id":13391550044,"tipo":"semaforo","nombre":""}},{"type":"Feature","geometry":{"type":"Point","coordinates":[-106.155048,28.594028]},"properties":{"osm_id":13391550156,"tipo":"cruce","nombre":""}},{"type":"Feature","geometry":{"type":"Point","coordinates":[-106.154997,28.59395]},"properties":{"osm_id":13391550163,"tipo":"cruce","nombre":""}},{"type":"Feature","geometry":{"type":"Point","coordinates":[-106.155157,28.594047]},"properties":{"osm_id":13391550164,"tipo":"cruce","nombre":""}},{"type":"Feature","geometry":{"type":"Point","coordinates":[-106.155273,28.593997]},"properties":{"osm_id":13391550165,"tipo":"cruce","nombre":""}},{"type":"Feature","geometry":{"type":"Point","coordinates":[-105.998368,28.672844]},"properties":{"osm_id":13394247572,"tipo":"semaforo","nombre":""}},{"type":"Feature","geometry":{"type":"Point","coordinates":[-105.998493,28.672816]},"properties":{"osm_id":13394247573,"tipo":"semaforo","nombre":""}},{"type":"Feature","geometry":{"type":"Point","coordinates":[-105.998221,28.672539]},"properties":{"osm_id":13394247574,"tipo":"semaforo","nombre":""}},{"type":"Feature","geometry":{"type":"Point","coordinates":[-105.998379,28.672434]},"properties":{"osm_id":13394247575,"tipo":"semaforo","nombre":""}},{"type":"Feature","geometry":{"type":"Point","coordinates":[-106.039826,28.685885]},"properties":{"osm_id":13397968506,"tipo":"cruce","nombre":""}},{"type":"Feature","geometry":{"type":"Point","coordinates":[-106.040111,28.686]},"properties":{"osm_id":13397968507,"tipo":"cruce","nombre":""}},{"type":"Feature","geometry":{"type":"Point","coordinates":[-106.040109,28.686184]},"properties":{"osm_id":13397968508,"tipo":"cruce","nombre":""}},{"type":"Feature","geometry":{"type":"Point","coordinates":[-106.040162,28.686068]},"properties":{"osm_id":13397968509,"tipo":"cruce","nombre":""}},{"type":"Feature","geometry":{"type":"Point","coordinates":[-106.039679,28.686094]},"properties":{"osm_id":13397968510,"tipo":"cruce","nombre":""}},{"type":"Feature","geometry":{"type":"Point","coordinates":[-106.039978,28.686208]},"properties":{"osm_id":13397968511,"tipo":"cruce","nombre":""}},{"type":"Feature","geometry":{"type":"Point","coordinates":[-106.03963,28.685862]},"properties":{"osm_id":13397968512,"tipo":"cruce","nombre":""}},{"type":"Feature","geometry":{"type":"Point","coordinates":[-106.03957,28.685966]},"properties":{"osm_id":13397968513,"tipo":"cruce","nombre":""}},{"type":"Feature","geometry":{"type":"Point","coordinates":[-106.038426,28.679596]},"properties":{"osm_id":13397968632,"tipo":"cruce","nombre":""}},{"type":"Feature","geometry":{"type":"Point","coordinates":[-106.038476,28.679472]},"properties":{"osm_id":13397968633,"tipo":"cruce","nombre":""}},{"type":"Feature","geometry":{"type":"Point","coordinates":[-106.038377,28.679366]},"properties":{"osm_id":13397968634,"tipo":"cruce","nombre":""}},{"type":"Feature","geometry":{"type":"Point","coordinates":[-106.031456,28.684465]},"properties":{"osm_id":13397968679,"tipo":"cruce","nombre":""}},{"type":"Feature","geometry":{"type":"Point","coordinates":[-106.133362,28.647489]},"properties":{"osm_id":13416329134,"tipo":"semaforo","nombre":""}},{"type":"Feature","geometry":{"type":"Point","coordinates":[-106.133537,28.647662]},"properties":{"osm_id":13416329135,"tipo":"semaforo","nombre":""}},{"type":"Feature","geometry":{"type":"Point","coordinates":[-106.133763,28.647322]},"properties":{"osm_id":13416329136,"tipo":"semaforo","nombre":""}},{"type":"Feature","geometry":{"type":"Point","coordinates":[-106.138295,28.64856]},"properties":{"osm_id":13416329139,"tipo":"cruce","nombre":""}},{"type":"Feature","geometry":{"type":"Point","coordinates":[-106.138344,28.648795]},"properties":{"osm_id":13416329140,"tipo":"cruce","nombre":""}},{"type":"Feature","geometry":{"type":"Point","coordinates":[-106.138456,28.648877]},"properties":{"osm_id":13416329141,"tipo":"cruce","nombre":""}},{"type":"Feature","geometry":{"type":"Point","coordinates":[-106.138797,28.648794]},"properties":{"osm_id":13416329143,"tipo":"cruce","nombre":""}},{"type":"Feature","geometry":{"type":"Point","coordinates":[-106.133435,28.647581]},"properties":{"osm_id":13419019282,"tipo":"cruce","nombre":""}},{"type":"Feature","geometry":{"type":"Point","coordinates":[-106.133552,28.647603]},"properties":{"osm_id":13419019283,"tipo":"cruce","nombre":""}},{"type":"Feature","geometry":{"type":"Point","coordinates":[-106.133443,28.647263]},"properties":{"osm_id":13419019284,"tipo":"cruce","nombre":""}},{"type":"Feature","geometry":{"type":"Point","coordinates":[-106.133398,28.647495]},"properties":{"osm_id":13419019285,"tipo":"cruce","nombre":""}},{"type":"Feature","geometry":{"type":"Point","coordinates":[-106.133633,28.647549]},"properties":{"osm_id":13419019286,"tipo":"cruce","nombre":""}},{"type":"Feature","geometry":{"type":"Point","coordinates":[-106.133719,28.647313]},"properties":{"osm_id":13419019287,"tipo":"cruce","nombre":""}},{"type":"Feature","geometry":{"type":"Point","coordinates":[-106.133524,28.647184]},"properties":{"osm_id":13419019288,"tipo":"cruce","nombre":""}},{"type":"Feature","geometry":{"type":"Point","coordinates":[-106.133668,28.647212]},"properties":{"osm_id":13419019289,"tipo":"cruce","nombre":""}},{"type":"Feature","geometry":{"type":"Point","coordinates":[-106.128464,28.64742]},"properties":{"osm_id":13419019294,"tipo":"cruce","nombre":""}},{"type":"Feature","geometry":{"type":"Point","coordinates":[-106.128507,28.64746]},"properties":{"osm_id":13419019295,"tipo":"cruce","nombre":""}},{"type":"Feature","geometry":{"type":"Point","coordinates":[-106.128652,28.647828]},"properties":{"osm_id":13419019296,"tipo":"cruce","nombre":""}},{"type":"Feature","geometry":{"type":"Point","coordinates":[-106.129109,28.647354]},"properties":{"osm_id":13419019297,"tipo":"semaforo","nombre":""}},{"type":"Feature","geometry":{"type":"Point","coordinates":[-106.128597,28.647377]},"properties":{"osm_id":13419019298,"tipo":"semaforo","nombre":""}},{"type":"Feature","geometry":{"type":"Point","coordinates":[-106.12871,28.647427]},"properties":{"osm_id":13419019299,"tipo":"semaforo","nombre":""}},{"type":"Feature","geometry":{"type":"Point","coordinates":[-106.129171,28.647726]},"properties":{"osm_id":13419019300,"tipo":"semaforo","nombre":""}},{"type":"Feature","geometry":{"type":"Point","coordinates":[-106.129082,28.647672]},"properties":{"osm_id":13419042601,"tipo":"semaforo","nombre":""}},{"type":"Feature","geometry":{"type":"Point","coordinates":[-106.117074,28.647252]},"properties":{"osm_id":13419042626,"tipo":"semaforo","nombre":""}},{"type":"Feature","geometry":{"type":"Point","coordinates":[-106.117253,28.647617]},"properties":{"osm_id":13419042627,"tipo":"semaforo","nombre":""}},{"type":"Feature","geometry":{"type":"Point","coordinates":[-106.117094,28.647592]},"properties":{"osm_id":13419042628,"tipo":"semaforo","nombre":""}},{"type":"Feature","geometry":{"type":"Point","coordinates":[-106.116686,28.646197]},"properties":{"osm_id":13419042632,"tipo":"semaforo","nombre":""}},{"type":"Feature","geometry":{"type":"Point","coordinates":[-106.116984,28.646062]},"properties":{"osm_id":13419042633,"tipo":"semaforo","nombre":""}},{"type":"Feature","geometry":{"type":"Point","coordinates":[-106.11686,28.645998]},"properties":{"osm_id":13419042634,"tipo":"semaforo","nombre":""}},{"type":"Feature","geometry":{"type":"Point","coordinates":[-106.116783,28.646233]},"properties":{"osm_id":13419042635,"tipo":"semaforo","nombre":""}},{"type":"Feature","geometry":{"type":"Point","coordinates":[-106.091263,28.666397]},"properties":{"osm_id":13429169779,"tipo":"parada","nombre":""}},{"type":"Feature","geometry":{"type":"Point","coordinates":[-106.098164,28.63225]},"properties":{"osm_id":13429196312,"tipo":"parada","nombre":""}},{"type":"Feature","geometry":{"type":"Point","coordinates":[-106.098985,28.652887]},"properties":{"osm_id":13541450561,"tipo":"escuela","nombre":"COBACH 3"}},{"type":"Feature","geometry":{"type":"Point","coordinates":[-106.098988,28.652711]},"properties":{"osm_id":13541561150,"tipo":"escuela","nombre":"cobach 3"}},{"type":"Feature","geometry":{"type":"Point","coordinates":[-106.115387,28.678719]},"properties":{"osm_id":13542070373,"tipo":"escuela","nombre":"secundaria no. 5"}},{"type":"Feature","geometry":{"type":"Point","coordinates":[-106.118975,28.659106]},"properties":{"osm_id":13542073091,"tipo":"escuela","nombre":"Secundaria Estatal 3044"}},{"type":"Feature","geometry":{"type":"Point","coordinates":[-106.018401,28.694689]},"properties":{"osm_id":13544428933,"tipo":"escuela","nombre":"Colegio de bachilleres plantel 12"}},{"type":"Feature","geometry":{"type":"Point","coordinates":[-106.098968,28.652182]},"properties":{"osm_id":13544594032,"tipo":"escuela","nombre":"colegio de bachilleres#3"}},{"type":"Feature","geometry":{"type":"Point","coordinates":[-106.112461,28.663003]},"properties":{"osm_id":13544659459,"tipo":"escuela","nombre":"Plantel estudiantil cobach 4"}},{"type":"Feature","geometry":{"type":"Point","coordinates":[-106.108437,28.661147]},"properties":{"osm_id":13547004302,"tipo":"escuela","nombre":"Escuela Primaria Federalizada José Vasconcelos Calderón"}},{"type":"Feature","geometry":{"type":"Point","coordinates":[-106.0992,28.652424]},"properties":{"osm_id":13568613702,"tipo":"escuela","nombre":"cobach 3"}},{"type":"Feature","geometry":{"type":"Point","coordinates":[-106.099166,28.652357]},"properties":{"osm_id":13575202332,"tipo":"escuela","nombre":"bachilleres 3"}},{"type":"Feature","geometry":{"type":"Point","coordinates":[-106.080975,28.632594]},"properties":{"osm_id":13575238058,"tipo":"escuela","nombre":"cobach 1"}},{"type":"Feature","geometry":{"type":"Point","coordinates":[-106.062798,28.623016]},"properties":{"osm_id":13575256926,"tipo":"escuela","nombre":"cobach 2"}},{"type":"Feature","geometry":{"type":"Point","coordinates":[-106.112586,28.663391]},"properties":{"osm_id":13578463133,"tipo":"escuela","nombre":"COBACH PLANTEL4"}},{"type":"Feature","geometry":{"type":"Point","coordinates":[-106.099081,28.65199]},"properties":{"osm_id":13578756414,"tipo":"escuela","nombre":"COBACH PLANTEL3"}},{"type":"Feature","geometry":{"type":"Point","coordinates":[-106.132342,28.709142]},"properties":{"osm_id":13581224140,"tipo":"escuela","nombre":"Escuela primaria chihuahua"}},{"type":"Feature","geometry":{"type":"Point","coordinates":[-106.13272,28.708655]},"properties":{"osm_id":13581256788,"tipo":"escuela","nombre":"Escuela secundaria tecnica #72"}},{"type":"Feature","geometry":{"type":"Point","coordinates":[-106.120255,28.725265]},"properties":{"osm_id":13581402242,"tipo":"escuela","nombre":"Escuela primaria Jesus Reyes Heroles"}},{"type":"Feature","geometry":{"type":"Point","coordinates":[-106.037789,28.608037]},"properties":{"osm_id":13585865156,"tipo":"tope","nombre":""}},{"type":"Feature","geometry":{"type":"Point","coordinates":[-106.035039,28.585618]},"properties":{"osm_id":13585877624,"tipo":"hospital","nombre":"KINDER  CARMEN LEDEZMA"}},{"type":"Feature","geometry":{"type":"Point","coordinates":[-106.056623,28.627034]},"properties":{"osm_id":13593879145,"tipo":"hospital","nombre":"secundaria federal 1"}},{"type":"Feature","geometry":{"type":"Point","coordinates":[-106.01826,28.611655]},"properties":{"osm_id":13594111936,"tipo":"escuela","nombre":"Escuela John F. Kennedy"}},{"type":"Feature","geometry":{"type":"Point","coordinates":[-106.139492,28.683173]},"properties":{"osm_id":13594174227,"tipo":"escuela","nombre":"Escuela Cumbres"}},{"type":"Feature","geometry":{"type":"Point","coordinates":[-106.084351,28.594813]},"properties":{"osm_id":13594207659,"tipo":"escuela","nombre":"escuela de manejo"}},{"type":"Feature","geometry":{"type":"Point","coordinates":[-106.12802,28.697958]},"properties":{"osm_id":13596785123,"tipo":"tope","nombre":""}},{"type":"Feature","geometry":{"type":"Point","coordinates":[-106.125972,28.697063]},"properties":{"osm_id":13599851127,"tipo":"escuela","nombre":"Insurgentes2723"}},{"type":"Feature","geometry":{"type":"Point","coordinates":[-106.139555,28.683108]},"properties":{"osm_id":13603961150,"tipo":"escuela","nombre":"Escuela X"}},{"type":"Feature","geometry":{"type":"Point","coordinates":[-105.965397,28.661038]},"properties":{"osm_id":13606067245,"tipo":"escuela","nombre":"Escuela secundaria federal #15"}},{"type":"Feature","geometry":{"type":"Point","coordinates":[-106.082256,28.637631]},"properties":{"osm_id":13670227640,"tipo":"escuela","nombre":"Colegio Patria"}},{"type":"Feature","geometry":{"type":"Point","coordinates":[-106.065966,28.639097]},"properties":{"osm_id":13670288268,"tipo":"escuela","nombre":""}},{"type":"Feature","geometry":{"type":"Point","coordinates":[-106.065482,28.640931]},"properties":{"osm_id":13670296629,"tipo":"escuela","nombre":""}},{"type":"Feature","geometry":{"type":"Point","coordinates":[-106.056183,28.622176]},"properties":{"osm_id":13670299988,"tipo":"escuela","nombre":""}},{"type":"Feature","geometry":{"type":"Point","coordinates":[-106.062949,28.626062]},"properties":{"osm_id":13670322111,"tipo":"escuela","nombre":""}},{"type":"Feature","geometry":{"type":"Point","coordinates":[-106.062596,28.625398]},"properties":{"osm_id":13670322112,"tipo":"escuela","nombre":""}},{"type":"Feature","geometry":{"type":"Point","coordinates":[-106.123525,28.673716]},"properties":{"osm_id":13671890487,"tipo":"escuela","nombre":""}},{"type":"Feature","geometry":{"type":"Point","coordinates":[-106.108332,28.675607]},"properties":{"osm_id":13671906916,"tipo":"escuela","nombre":""}},{"type":"Feature","geometry":{"type":"Point","coordinates":[-106.094553,28.599524]},"properties":{"osm_id":13672254815,"tipo":"escuela","nombre":""}},{"type":"Feature","geometry":{"type":"Point","coordinates":[-106.093437,28.600086]},"properties":{"osm_id":13672254816,"tipo":"escuela","nombre":""}},{"type":"Feature","geometry":{"type":"Point","coordinates":[-106.097224,28.596058]},"properties":{"osm_id":13672318659,"tipo":"escuela","nombre":""}},{"type":"Feature","geometry":{"type":"Point","coordinates":[-106.08011,28.627406]},"properties":{"osm_id":13672743057,"tipo":"escuela","nombre":""}},{"type":"Feature","geometry":{"type":"Point","coordinates":[-106.117197,28.666731]},"properties":{"osm_id":13672799102,"tipo":"escuela","nombre":""}},{"type":"Feature","geometry":{"type":"Point","coordinates":[-106.076695,28.648651]},"properties":{"osm_id":13675240580,"tipo":"alto","nombre":""}},{"type":"Feature","geometry":{"type":"Point","coordinates":[-106.12258,28.675409]},"properties":{"osm_id":13675774881,"tipo":"escuela","nombre":""}},{"type":"Feature","geometry":{"type":"Point","coordinates":[-106.114949,28.666804]},"properties":{"osm_id":13676225892,"tipo":"escuela","nombre":""}},{"type":"Feature","geometry":{"type":"Point","coordinates":[-106.116504,28.660879]},"properties":{"osm_id":13676266069,"tipo":"escuela","nombre":""}},{"type":"Feature","geometry":{"type":"Point","coordinates":[-106.073414,28.649163]},"properties":{"osm_id":13676337972,"tipo":"escuela","nombre":""}},{"type":"Feature","geometry":{"type":"Point","coordinates":[-106.092768,28.70206]},"properties":{"osm_id":13679221340,"tipo":"escuela","nombre":""}},{"type":"Feature","geometry":{"type":"Point","coordinates":[-106.07838,28.636059]},"properties":{"osm_id":13679531457,"tipo":"cruce","nombre":""}},{"type":"Feature","geometry":{"type":"Point","coordinates":[-105.996969,28.60031]},"properties":{"osm_id":13679687673,"tipo":"escuela","nombre":""}},{"type":"Feature","geometry":{"type":"Point","coordinates":[-106.045866,28.638531]},"properties":{"osm_id":13679711718,"tipo":"escuela","nombre":""}},{"type":"Feature","geometry":{"type":"Point","coordinates":[-106.02861,28.57539]},"properties":{"osm_id":13680154970,"tipo":"escuela","nombre":""}},{"type":"Feature","geometry":{"type":"Point","coordinates":[-106.08354,28.595683]},"properties":{"osm_id":13680306176,"tipo":"escuela","nombre":""}},{"type":"Feature","geometry":{"type":"Point","coordinates":[-105.995452,28.602631]},"properties":{"osm_id":13680350287,"tipo":"escuela","nombre":""}},{"type":"Feature","geometry":{"type":"Point","coordinates":[-106.102806,28.603983]},"properties":{"osm_id":13680376021,"tipo":"escuela","nombre":""}},{"type":"Feature","geometry":{"type":"Point","coordinates":[-106.005109,28.614821]},"properties":{"osm_id":13680442038,"tipo":"escuela","nombre":""}},{"type":"Feature","geometry":{"type":"Point","coordinates":[-106.06893,28.614446]},"properties":{"osm_id":13680491264,"tipo":"escuela","nombre":""}},{"type":"Feature","geometry":{"type":"Point","coordinates":[-106.036648,28.637481]},"properties":{"osm_id":13714767091,"tipo":"escuela","nombre":""}},{"type":"Feature","geometry":{"type":"Point","coordinates":[-105.984282,28.648294]},"properties":{"osm_id":13716886878,"tipo":"escuela","nombre":""}},{"type":"Feature","geometry":{"type":"Point","coordinates":[-106.001857,28.649957]},"properties":{"osm_id":13717285391,"tipo":"escuela","nombre":""}},{"type":"Feature","geometry":{"type":"Point","coordinates":[-106.017317,28.667294]},"properties":{"osm_id":13717289964,"tipo":"escuela","nombre":""}},{"type":"Feature","geometry":{"type":"Point","coordinates":[-106.128695,28.748689]},"properties":{"osm_id":13719278108,"tipo":"cruce","nombre":""}},{"type":"Feature","geometry":{"type":"Point","coordinates":[-106.12869,28.748788]},"properties":{"osm_id":13719278109,"tipo":"cruce","nombre":""}},{"type":"Feature","geometry":{"type":"Point","coordinates":[-106.128796,28.748641]},"properties":{"osm_id":13719278110,"tipo":"cruce","nombre":""}},{"type":"Feature","geometry":{"type":"Point","coordinates":[-106.128788,28.748826]},"properties":{"osm_id":13719278111,"tipo":"cruce","nombre":""}},{"type":"Feature","geometry":{"type":"Point","coordinates":[-106.128909,28.748688]},"properties":{"osm_id":13719278112,"tipo":"cruce","nombre":""}},{"type":"Feature","geometry":{"type":"Point","coordinates":[-106.128882,28.748783]},"properties":{"osm_id":13719278113,"tipo":"cruce","nombre":""}},{"type":"Feature","geometry":{"type":"Point","coordinates":[-106.148616,28.644747]},"properties":{"osm_id":13721958729,"tipo":"escuela","nombre":""}},{"type":"Feature","geometry":{"type":"Point","coordinates":[-106.091681,28.714729]},"properties":{"osm_id":13730387686,"tipo":"escuela","nombre":""}},{"type":"Feature","geometry":{"type":"Point","coordinates":[-106.153553,28.650188]},"properties":{"osm_id":13735488062,"tipo":"escuela","nombre":""}},{"type":"Feature","geometry":{"type":"Point","coordinates":[-106.087189,28.69578]},"properties":{"osm_id":13772774129,"tipo":"escuela","nombre":""}},{"type":"Feature","geometry":{"type":"Point","coordinates":[-106.126544,28.689612]},"properties":{"osm_id":13772791491,"tipo":"escuela","nombre":""}},{"type":"Feature","geometry":{"type":"Point","coordinates":[-106.104771,28.742931]},"properties":{"osm_id":13772858057,"tipo":"escuela","nombre":""}},{"type":"Feature","geometry":{"type":"Point","coordinates":[-106.105197,28.743226]},"properties":{"osm_id":13772858058,"tipo":"escuela","nombre":""}},{"type":"Feature","geometry":{"type":"Point","coordinates":[-106.031963,28.592453]},"properties":{"osm_id":13775493629,"tipo":"escuela","nombre":""}},{"type":"Feature","geometry":{"type":"Point","coordinates":[-106.037931,28.580223]},"properties":{"osm_id":13775619852,"tipo":"escuela","nombre":""}},{"type":"Feature","geometry":{"type":"Point","coordinates":[-106.036181,28.579422]},"properties":{"osm_id":13775619861,"tipo":"escuela","nombre":""}},{"type":"Feature","geometry":{"type":"Point","coordinates":[-106.013211,28.661546]},"properties":{"osm_id":13775844228,"tipo":"escuela","nombre":""}},{"type":"Feature","geometry":{"type":"Point","coordinates":[-106.011455,28.609768]},"properties":{"osm_id":13777571967,"tipo":"escuela","nombre":""}},{"type":"Feature","geometry":{"type":"Point","coordinates":[-106.036454,28.611827]},"properties":{"osm_id":13777571968,"tipo":"escuela","nombre":""}},{"type":"Feature","geometry":{"type":"Point","coordinates":[-106.056653,28.655254]},"properties":{"osm_id":13777571969,"tipo":"escuela","nombre":""}},{"type":"Feature","geometry":{"type":"Point","coordinates":[-106.061177,28.650744]},"properties":{"osm_id":13777660834,"tipo":"escuela","nombre":""}},{"type":"Feature","geometry":{"type":"Point","coordinates":[-106.041932,28.626772]},"properties":{"osm_id":13777752888,"tipo":"escuela","nombre":""}},{"type":"Feature","geometry":{"type":"Point","coordinates":[-106.043659,28.620267]},"properties":{"osm_id":13778005067,"tipo":"escuela","nombre":""}},{"type":"Feature","geometry":{"type":"Point","coordinates":[-106.017564,28.593814]},"properties":{"osm_id":13778183308,"tipo":"escuela","nombre":""}},{"type":"Feature","geometry":{"type":"Point","coordinates":[-106.016574,28.647472]},"properties":{"osm_id":13782592728,"tipo":"escuela","nombre":""}},{"type":"Feature","geometry":{"type":"Point","coordinates":[-105.95545,28.660328]},"properties":{"osm_id":13784021404,"tipo":"escuela","nombre":""}},{"type":"Feature","geometry":{"type":"Point","coordinates":[-106.102136,28.58158]},"properties":{"osm_id":13785096635,"tipo":"escuela","nombre":""}},{"type":"Feature","geometry":{"type":"Point","coordinates":[-106.151236,28.601556]},"properties":{"osm_id":13785302068,"tipo":"cruce","nombre":""}},{"type":"Feature","geometry":{"type":"Point","coordinates":[-106.153196,28.600682]},"properties":{"osm_id":13785302069,"tipo":"cruce","nombre":""}},{"type":"Feature","geometry":{"type":"Point","coordinates":[-106.083716,28.636614]},"properties":{"osm_id":13785326508,"tipo":"cruce","nombre":""}},{"type":"Feature","geometry":{"type":"Point","coordinates":[-106.113269,28.598108]},"properties":{"osm_id":13785517289,"tipo":"escuela","nombre":""}},{"type":"Feature","geometry":{"type":"Point","coordinates":[-106.112445,28.60011]},"properties":{"osm_id":13787330126,"tipo":"escuela","nombre":""}},{"type":"Feature","geometry":{"type":"Point","coordinates":[-106.096538,28.711093]},"properties":{"osm_id":13789540076,"tipo":"escuela","nombre":""}},{"type":"Feature","geometry":{"type":"Point","coordinates":[-106.139983,28.580858]},"properties":{"osm_id":13799937405,"tipo":"escuela","nombre":""}},{"type":"Feature","geometry":{"type":"Point","coordinates":[-105.983377,28.668708]},"properties":{"osm_id":13801913232,"tipo":"escuela","nombre":""}},{"type":"Feature","geometry":{"type":"Point","coordinates":[-105.98437,28.668033]},"properties":{"osm_id":13801913233,"tipo":"escuela","nombre":""}},{"type":"Feature","geometry":{"type":"Point","coordinates":[-106.014111,28.665538]},"properties":{"osm_id":13801948124,"tipo":"escuela","nombre":""}},{"type":"Feature","geometry":{"type":"Point","coordinates":[-106.145045,28.730265]},"properties":{"osm_id":13802274004,"tipo":"escuela","nombre":""}},{"type":"Feature","geometry":{"type":"Point","coordinates":[-106.113248,28.742872]},"properties":{"osm_id":13802274023,"tipo":"escuela","nombre":""}},{"type":"Feature","geometry":{"type":"Point","coordinates":[-106.14334,28.74296]},"properties":{"osm_id":13802274042,"tipo":"escuela","nombre":""}},{"type":"Feature","geometry":{"type":"Point","coordinates":[-106.101,28.686236]},"properties":{"osm_id":13803861680,"tipo":"escuela","nombre":""}},{"type":"Feature","geometry":{"type":"Point","coordinates":[-106.071926,28.665199]},"properties":{"osm_id":13803875245,"tipo":"escuela","nombre":""}},{"type":"Feature","geometry":{"type":"Point","coordinates":[-106.074729,28.67284]},"properties":{"osm_id":13803875246,"tipo":"escuela","nombre":""}},{"type":"Feature","geometry":{"type":"Point","coordinates":[-106.158355,28.596163]},"properties":{"osm_id":13805069660,"tipo":"cruce","nombre":""}},{"type":"Feature","geometry":{"type":"Point","coordinates":[-106.157522,28.597461]},"properties":{"osm_id":13805069661,"tipo":"cruce","nombre":""}},{"type":"Feature","geometry":{"type":"Point","coordinates":[-106.156881,28.598388]},"properties":{"osm_id":13805069662,"tipo":"cruce","nombre":""}},{"type":"Feature","geometry":{"type":"Point","coordinates":[-106.157437,28.597585]},"properties":{"osm_id":13805069663,"tipo":"cruce","nombre":""}},{"type":"Feature","geometry":{"type":"Point","coordinates":[-106.070167,28.607459]},"properties":{"osm_id":13825986769,"tipo":"escuela","nombre":""}},{"type":"Feature","geometry":{"type":"Point","coordinates":[-106.077764,28.59975]},"properties":{"osm_id":13825986778,"tipo":"escuela","nombre":""}},{"type":"Feature","geometry":{"type":"Point","coordinates":[-106.093423,28.592762]},"properties":{"osm_id":13825997966,"tipo":"escuela","nombre":""}},{"type":"Feature","geometry":{"type":"Point","coordinates":[-106.077594,28.643539]},"properties":{"osm_id":13859356758,"tipo":"cruce","nombre":""}},{"type":"Feature","geometry":{"type":"Point","coordinates":[-106.151803,28.701471]},"properties":{"osm_id":13889720455,"tipo":"escuela","nombre":""}},{"type":"Feature","geometry":{"type":"Point","coordinates":[-106.172708,28.639367]},"properties":{"osm_id":13910277230,"tipo":"escuela","nombre":""}},{"type":"Feature","geometry":{"type":"Point","coordinates":[-106.112203,28.663302]},"properties":{"osm_id":13958844021,"tipo":"escuela","nombre":""}},{"type":"Feature","geometry":{"type":"Point","coordinates":[-106.11233,28.662915]},"properties":{"osm_id":13965693592,"tipo":"escuela","nombre":"Baños estudiantiles: zona de supervisión limitada"}},{"type":"Feature","geometry":{"type":"Point","coordinates":[-106.11206,28.6629]},"properties":{"osm_id":13965759578,"tipo":"escuela","nombre":"Punto crítico de seguridad estudiantil (bachi plantel 4)"}},{"type":"Feature","geometry":{"type":"Point","coordinates":[-106.132006,28.649684]},"properties":{"osm_id":14047928010,"tipo":"escuela","nombre":"Maple Bear, Canadian School"}},{"type":"Feature","geometry":{"type":"Point","coordinates":[-105.958793,28.664093]},"properties":{"osm_id":14105202751,"tipo":"cruce","nombre":""}},{"type":"Feature","geometry":{"type":"Point","coordinates":[-106.080772,28.679352]},"properties":{"osm_id":14165033735,"tipo":"alto","nombre":""}},{"type":"Feature","geometry":{"type":"Point","coordinates":[-106.124009,28.630484]},"properties":{"osm_id":10168489244,"tipo":"hospital","nombre":"Hospital Ángeles Chihuahua"}},{"type":"Feature","geometry":{"type":"Point","coordinates":[-106.107208,28.622746]},"properties":{"osm_id":10175324720,"tipo":"escuela","nombre":"Instituto La Salle"}},{"type":"Feature","geometry":{"type":"Point","coordinates":[-106.069729,28.64959]},"properties":{"osm_id":10184839233,"tipo":"hospital","nombre":"Hospital General \"Dr. Salvador Zubiran\""}},{"type":"Feature","geometry":{"type":"Point","coordinates":[-106.095002,28.668934]},"properties":{"osm_id":10287951579,"tipo":"hospital","nombre":"Unidad de Medicina Familiar No:44"}},{"type":"Feature","geometry":{"type":"Point","coordinates":[-106.095681,28.663839]},"properties":{"osm_id":10287951789,"tipo":"escuela","nombre":"Primaria Francisco Gonzalez Bocanegra"}},{"type":"Feature","geometry":{"type":"Point","coordinates":[-106.11736,28.639077]},"properties":{"osm_id":10302507920,"tipo":"escuela","nombre":"Colegio Everest Alpes"}},{"type":"Feature","geometry":{"type":"Point","coordinates":[-106.104053,28.641349]},"properties":{"osm_id":10302558070,"tipo":"escuela","nombre":"Proyecto Montana"}},{"type":"Feature","geometry":{"type":"Point","coordinates":[-106.125061,28.630831]},"properties":{"osm_id":10302810668,"tipo":"hospital","nombre":"Centro Oncológico de Chihuahua"}},{"type":"Feature","geometry":{"type":"Point","coordinates":[-106.11899,28.617265]},"properties":{"osm_id":10302889878,"tipo":"escuela","nombre":"ESPABI"}},{"type":"Feature","geometry":{"type":"Point","coordinates":[-106.116454,28.617399]},"properties":{"osm_id":10303103542,"tipo":"escuela","nombre":"Colegio Bilingüe Madison"}},{"type":"Feature","geometry":{"type":"Point","coordinates":[-106.129691,28.633338]},"properties":{"osm_id":10303439063,"tipo":"escuela","nombre":"Centro de Educación Innovativa Elizabeth Seton"}},{"type":"Feature","geometry":{"type":"Point","coordinates":[-106.131949,28.60427]},"properties":{"osm_id":10303894528,"tipo":"escuela","nombre":"Instituto Hamilton"}},{"type":"Feature","geometry":{"type":"Point","coordinates":[-106.127135,28.647049]},"properties":{"osm_id":10303905312,"tipo":"escuela","nombre":"CONALEP Chihuahua I"}},{"type":"Feature","geometry":{"type":"Point","coordinates":[-106.125083,28.642833]},"properties":{"osm_id":10304322152,"tipo":"escuela","nombre":"UNIDEP Plantel Chihuahua"}},{"type":"Feature","geometry":{"type":"Point","coordinates":[-106.128908,28.644952]},"properties":{"osm_id":10304345677,"tipo":"escuela","nombre":"Colegio Montessori de Chihuahua"}},{"type":"Feature","geometry":{"type":"Point","coordinates":[-106.121121,28.6549]},"properties":{"osm_id":10304639221,"tipo":"escuela","nombre":"Escuela Primaria Nezahualcóyotl"}},{"type":"Feature","geometry":{"type":"Point","coordinates":[-106.130478,28.663705]},"properties":{"osm_id":10304731257,"tipo":"hospital","nombre":"Hospital Star Médica Chihuahua"}},{"type":"Feature","geometry":{"type":"Point","coordinates":[-106.132777,28.649639]},"properties":{"osm_id":10304741867,"tipo":"escuela","nombre":"Centro Montessori del Norte"}},{"type":"Feature","geometry":{"type":"Point","coordinates":[-106.096902,28.636909]},"properties":{"osm_id":10305125389,"tipo":"escuela","nombre":"Esfer Salesianos"}},{"type":"Feature","geometry":{"type":"Point","coordinates":[-106.094394,28.632786]},"properties":{"osm_id":10305173223,"tipo":"escuela","nombre":"Escuela Primaria Rosaura Bravo"}},{"type":"Feature","geometry":{"type":"Point","coordinates":[-106.10129,28.643619]},"properties":{"osm_id":10305212602,"tipo":"escuela","nombre":"Escuela Primaria Gabriela Mistral"}},{"type":"Feature","geometry":{"type":"Point","coordinates":[-106.090396,28.638713]},"properties":{"osm_id":10305214556,"tipo":"escuela","nombre":"Secundaria Marie Curie"}},{"type":"Feature","geometry":{"type":"Point","coordinates":[-106.085314,28.641286]},"properties":{"osm_id":10305226701,"tipo":"hospital","nombre":"Clínica IMSS #33"}},{"type":"Feature","geometry":{"type":"Point","coordinates":[-106.081489,28.641825]},"properties":{"osm_id":10305227859,"tipo":"escuela","nombre":"Escuela Primaria José Dolores Palomino"}},{"type":"Feature","geometry":{"type":"Point","coordinates":[-106.082831,28.630253]},"properties":{"osm_id":10305666064,"tipo":"escuela","nombre":"Preescolar Albino Mireles"}},{"type":"Feature","geometry":{"type":"Point","coordinates":[-106.094532,28.650591]},"properties":{"osm_id":10306061028,"tipo":"escuela","nombre":"Esfer Salesianos"}},{"type":"Feature","geometry":{"type":"Point","coordinates":[-106.095651,28.653828]},"properties":{"osm_id":10306085993,"tipo":"escuela","nombre":"Primaria Luis Urías Belderraín"}},{"type":"Feature","geometry":{"type":"Point","coordinates":[-106.096605,28.655563]},"properties":{"osm_id":10306086003,"tipo":"escuela","nombre":"Secundaria Técnica #2 (antes ETIC 100)"}},{"type":"Feature","geometry":{"type":"Point","coordinates":[-106.099615,28.652309]},"properties":{"osm_id":10306092742,"tipo":"escuela","nombre":"Colegio de Bachilleres del Estado de Chihuahua Plantel 3"}},{"type":"Feature","geometry":{"type":"Point","coordinates":[-106.07697,28.656909]},"properties":{"osm_id":10306637920,"tipo":"hospital","nombre":"Hospital de Ginecología y Obstreticía #15 IMSS"}},{"type":"Feature","geometry":{"type":"Point","coordinates":[-106.079184,28.658505]},"properties":{"osm_id":10306642622,"tipo":"escuela","nombre":"Colegio de Bachilleres #8"}},{"type":"Feature","geometry":{"type":"Point","coordinates":[-106.081422,28.659351]},"properties":{"osm_id":10306781329,"tipo":"escuela","nombre":"Primaria Carmen Romano De Lopéz Portillo"}},{"type":"Feature","geometry":{"type":"Point","coordinates":[-106.081236,28.659918]},"properties":{"osm_id":10306895227,"tipo":"escuela","nombre":"Centro de Atención Múltiple Paula Aún de Aguirre"}},{"type":"Feature","geometry":{"type":"Point","coordinates":[-106.097302,28.666411]},"properties":{"osm_id":10307023374,"tipo":"escuela","nombre":"Primaria Benito Juárez"}},{"type":"Feature","geometry":{"type":"Point","coordinates":[-106.091996,28.662022]},"properties":{"osm_id":10307090874,"tipo":"escuela","nombre":"Primaria Rafael Ramírez Castañeda"}},{"type":"Feature","geometry":{"type":"Point","coordinates":[-106.096568,28.659985]},"properties":{"osm_id":10307091940,"tipo":"hospital","nombre":"Hospital General ISSSTE C. Presidente Lázaro Cárdenas"}},{"type":"Feature","geometry":{"type":"Point","coordinates":[-106.070362,28.626386]},"properties":{"osm_id":10307199810,"tipo":"escuela","nombre":"Primaria José María Mercado"}},{"type":"Feature","geometry":{"type":"Point","coordinates":[-106.081252,28.632349]},"properties":{"osm_id":10310408366,"tipo":"escuela","nombre":"Colegio de Bachilleres del Estado de Chihuahua Plantel 1"}},{"type":"Feature","geometry":{"type":"Point","coordinates":[-106.151419,28.698463]},"properties":{"osm_id":10317576600,"tipo":"escuela","nombre":"Esfer Salesianos"}},{"type":"Feature","geometry":{"type":"Point","coordinates":[-106.018728,28.611894]},"properties":{"osm_id":10329590723,"tipo":"escuela","nombre":"Escuela Primaria John F. Kennedy"}},{"type":"Feature","geometry":{"type":"Point","coordinates":[-106.03962,28.609211]},"properties":{"osm_id":10329719858,"tipo":"escuela","nombre":"Escuela Primaría Oficial 24 de Febrero"}},{"type":"Feature","geometry":{"type":"Point","coordinates":[-106.011407,28.668919]},"properties":{"osm_id":10330280725,"tipo":"escuela","nombre":"CETIS Número 86"}},{"type":"Feature","geometry":{"type":"Point","coordinates":[-106.020723,28.663629]},"properties":{"osm_id":10330430029,"tipo":"escuela","nombre":"CAM #24"}},{"type":"Feature","geometry":{"type":"Point","coordinates":[-106.021163,28.664517]},"properties":{"osm_id":10330430034,"tipo":"escuela","nombre":"Escuela Secundaria Técnica #40"}},{"type":"Feature","geometry":{"type":"Point","coordinates":[-106.05068,28.639491]},"properties":{"osm_id":10330449705,"tipo":"escuela","nombre":"Escuela Primaria Independencia"}},{"type":"Feature","geometry":{"type":"Point","coordinates":[-106.110019,28.586326]},"properties":{"osm_id":10330587335,"tipo":"escuela","nombre":"Centro de Capacitación 102"}},{"type":"Feature","geometry":{"type":"Point","coordinates":[-106.156288,28.573166]},"properties":{"osm_id":10330600362,"tipo":"escuela","nombre":""}},{"type":"Feature","geometry":{"type":"Point","coordinates":[-106.156004,28.573419]},"properties":{"osm_id":10330600363,"tipo":"escuela","nombre":"CBTIS 158"}},{"type":"Feature","geometry":{"type":"Point","coordinates":[-106.155909,28.573134]},"properties":{"osm_id":10330600366,"tipo":"escuela","nombre":""}},{"type":"Feature","geometry":{"type":"Point","coordinates":[-106.155982,28.573797]},"properties":{"osm_id":10330600368,"tipo":"escuela","nombre":""}},{"type":"Feature","geometry":{"type":"Point","coordinates":[-106.156249,28.572845]},"properties":{"osm_id":10330600369,"tipo":"escuela","nombre":""}},{"type":"Feature","geometry":{"type":"Point","coordinates":[-106.156306,28.573563]},"properties":{"osm_id":10330600371,"tipo":"escuela","nombre":""}},{"type":"Feature","geometry":{"type":"Point","coordinates":[-106.155924,28.573427]},"properties":{"osm_id":10330600374,"tipo":"escuela","nombre":""}},{"type":"Feature","geometry":{"type":"Point","coordinates":[-106.155804,28.57282]},"properties":{"osm_id":10330600376,"tipo":"escuela","nombre":""}},{"type":"Feature","geometry":{"type":"Point","coordinates":[-106.064498,28.643847]},"properties":{"osm_id":10347305905,"tipo":"hospital","nombre":"Hospital Central"}},{"type":"Feature","geometry":{"type":"Point","coordinates":[-105.987468,28.670869]},"properties":{"osm_id":10348775219,"tipo":"escuela","nombre":"Preescolar Maria E. Alvarez"}},{"type":"Feature","geometry":{"type":"Point","coordinates":[-105.986913,28.670209]},"properties":{"osm_id":10348775220,"tipo":"escuela","nombre":"Escuela Secundaria Federal 12"}},{"type":"Feature","geometry":{"type":"Point","coordinates":[-105.985567,28.675243]},"properties":{"osm_id":10348775231,"tipo":"escuela","nombre":"Escuela Primeria Profesor Juan Alanis 2390"}},{"type":"Feature","geometry":{"type":"Point","coordinates":[-105.985805,28.675282]},"properties":{"osm_id":10348775234,"tipo":"escuela","nombre":""}},{"type":"Feature","geometry":{"type":"Point","coordinates":[-105.985375,28.675492]},"properties":{"osm_id":10348775235,"tipo":"escuela","nombre":""}},{"type":"Feature","geometry":{"type":"Point","coordinates":[-105.985348,28.675272]},"properties":{"osm_id":10348775236,"tipo":"escuela","nombre":""}},{"type":"Feature","geometry":{"type":"Point","coordinates":[-105.987751,28.670066]},"properties":{"osm_id":10348775238,"tipo":"escuela","nombre":"Escuela primeria camino Real"}},{"type":"Feature","geometry":{"type":"Point","coordinates":[-105.985564,28.675365]},"properties":{"osm_id":10348775239,"tipo":"escuela","nombre":""}},{"type":"Feature","geometry":{"type":"Point","coordinates":[-105.985769,28.676028]},"properties":{"osm_id":10348775240,"tipo":"escuela","nombre":"Jaerdin des Niñoes Fransisco Villa 8112"}},{"type":"Feature","geometry":{"type":"Point","coordinates":[-105.98226,28.664999]},"properties":{"osm_id":10348789791,"tipo":"escuela","nombre":""}},{"type":"Feature","geometry":{"type":"Point","coordinates":[-105.982219,28.665173]},"properties":{"osm_id":10348789796,"tipo":"escuela","nombre":""}},{"type":"Feature","geometry":{"type":"Point","coordinates":[-105.981885,28.664997]},"properties":{"osm_id":10348789802,"tipo":"escuela","nombre":""}},{"type":"Feature","geometry":{"type":"Point","coordinates":[-105.982004,28.665164]},"properties":{"osm_id":10348789806,"tipo":"escuela","nombre":""}},{"type":"Feature","geometry":{"type":"Point","coordinates":[-105.981948,28.664988]},"properties":{"osm_id":10348789809,"tipo":"escuela","nombre":"Escuela Primeria Niños Artillero"}},{"type":"Feature","geometry":{"type":"Point","coordinates":[-105.976422,28.667591]},"properties":{"osm_id":10348798343,"tipo":"escuela","nombre":"Escuela Primaria Federal Escuadrón 201 DPR 2625F"}},{"type":"Feature","geometry":{"type":"Point","coordinates":[-105.977311,28.667517]},"properties":{"osm_id":10348798359,"tipo":"escuela","nombre":"Escuela Primaria Maria Brisia R.de Ayala"}},{"type":"Feature","geometry":{"type":"Point","coordinates":[-105.96531,28.656266]},"properties":{"osm_id":10349629112,"tipo":"escuela","nombre":""}},{"type":"Feature","geometry":{"type":"Point","coordinates":[-105.966093,28.656145]},"properties":{"osm_id":10349629113,"tipo":"escuela","nombre":""}},{"type":"Feature","geometry":{"type":"Point","coordinates":[-105.965353,28.6563]},"properties":{"osm_id":10349629120,"tipo":"escuela","nombre":"Escuela Preescolar Ebany"}},{"type":"Feature","geometry":{"type":"Point","coordinates":[-105.965381,28.65659]},"properties":{"osm_id":10349629123,"tipo":"escuela","nombre":""}},{"type":"Feature","geometry":{"type":"Point","coordinates":[-105.965357,28.656417]},"properties":{"osm_id":10349629124,"tipo":"escuela","nombre":""}},{"type":"Feature","geometry":{"type":"Point","coordinates":[-105.965935,28.656156]},"properties":{"osm_id":10349629128,"tipo":"escuela","nombre":"Escuela Primeria Frida Kahlo"}},{"type":"Feature","geometry":{"type":"Point","coordinates":[-105.965806,28.656151]},"properties":{"osm_id":10349629129,"tipo":"escuela","nombre":""}},{"type":"Feature","geometry":{"type":"Point","coordinates":[-105.96587,28.656378]},"properties":{"osm_id":10349629130,"tipo":"escuela","nombre":""}},{"type":"Feature","geometry":{"type":"Point","coordinates":[-105.966153,28.656379]},"properties":{"osm_id":10349629134,"tipo":"escuela","nombre":""}},{"type":"Feature","geometry":{"type":"Point","coordinates":[-106.100623,28.677974]},"properties":{"osm_id":10359450243,"tipo":"escuela","nombre":"Escuela Secundaria Federal #2 Moises Saenz Garza"}},{"type":"Feature","geometry":{"type":"Point","coordinates":[-106.029051,28.614973]},"properties":{"osm_id":10369444759,"tipo":"escuela","nombre":"CBTis 122"}},{"type":"Feature","geometry":{"type":"Point","coordinates":[-106.134662,28.682323]},"properties":{"osm_id":10375257351,"tipo":"escuela","nombre":"Primaria Federalizada Francisco Javier Torres Arellano"}},{"type":"Feature","geometry":{"type":"Point","coordinates":[-106.122329,28.666389]},"properties":{"osm_id":10375269882,"tipo":"escuela","nombre":"Escuela Secundaria Tecnica Numero 46"}},{"type":"Feature","geometry":{"type":"Point","coordinates":[-106.130758,28.681961]},"properties":{"osm_id":10375396505,"tipo":"escuela","nombre":""}},{"type":"Feature","geometry":{"type":"Point","coordinates":[-106.095577,28.695981]},"properties":{"osm_id":10375396506,"tipo":"escuela","nombre":""}},{"type":"Feature","geometry":{"type":"Point","coordinates":[-106.107831,28.687277]},"properties":{"osm_id":10375398469,"tipo":"escuela","nombre":"Escuela Primaria Ricardo Flores Magón"}},{"type":"Feature","geometry":{"type":"Point","coordinates":[-106.117383,28.683592]},"properties":{"osm_id":10375409127,"tipo":"escuela","nombre":"Escuela Primaria Fereralizada Liberacion"}},{"type":"Feature","geometry":{"type":"Point","coordinates":[-106.113754,28.681047]},"properties":{"osm_id":10375411512,"tipo":"escuela","nombre":"Escuela Primaria CTM"}},{"type":"Feature","geometry":{"type":"Point","coordinates":[-106.115213,28.692583]},"properties":{"osm_id":10375420461,"tipo":"escuela","nombre":"Centro Bachillerato Alexander Graham Bell"}},{"type":"Feature","geometry":{"type":"Point","coordinates":[-106.110428,28.692684]},"properties":{"osm_id":10375420466,"tipo":"escuela","nombre":"Escuela Primaria Felipe Ángeles"}},{"type":"Feature","geometry":{"type":"Point","coordinates":[-106.1048,28.689445]},"properties":{"osm_id":10375420468,"tipo":"escuela","nombre":"Eacuela Primaria Francisco Villa"}},{"type":"Feature","geometry":{"type":"Point","coordinates":[-106.113624,28.69362]},"properties":{"osm_id":10375420469,"tipo":"escuela","nombre":"Primera Revolución"}},{"type":"Feature","geometry":{"type":"Point","coordinates":[-106.104252,28.688323]},"properties":{"osm_id":10375420470,"tipo":"escuela","nombre":"Secundaria y Preparatoria Centro Escolar Profesor Genaro Vásquez Rojas"}},{"type":"Feature","geometry":{"type":"Point","coordinates":[-106.110718,28.694704]},"properties":{"osm_id":10375420499,"tipo":"escuela","nombre":"Conalep Chihuahua 2"}},{"type":"Feature","geometry":{"type":"Point","coordinates":[-106.101879,28.704047]},"properties":{"osm_id":10375445571,"tipo":"escuela","nombre":"Escuela Veintitres de Noviembre"}},{"type":"Feature","geometry":{"type":"Point","coordinates":[-106.113095,28.706816]},"properties":{"osm_id":10375445572,"tipo":"escuela","nombre":"Escuela Primaria Juan Guereca Aguilar"}},{"type":"Feature","geometry":{"type":"Point","coordinates":[-106.110831,28.69899]},"properties":{"osm_id":10375445573,"tipo":"escuela","nombre":""}},{"type":"Feature","geometry":{"type":"Point","coordinates":[-106.114279,28.697852]},"properties":{"osm_id":10375445575,"tipo":"escuela","nombre":"Escuela Secundaria Federal"}},{"type":"Feature","geometry":{"type":"Point","coordinates":[-106.106497,28.695974]},"properties":{"osm_id":10375445577,"tipo":"escuela","nombre":"Escuela Leona Vicario"}},{"type":"Feature","geometry":{"type":"Point","coordinates":[-106.142239,28.699081]},"properties":{"osm_id":10375788431,"tipo":"escuela","nombre":""}},{"type":"Feature","geometry":{"type":"Point","coordinates":[-106.147925,28.695859]},"properties":{"osm_id":10375789779,"tipo":"escuela","nombre":"Escuela Primaria Fedreal Campo Bello Turno Vespertino"}},{"type":"Feature","geometry":{"type":"Point","coordinates":[-106.13301,28.68566]},"properties":{"osm_id":10375790444,"tipo":"escuela","nombre":""}},{"type":"Feature","geometry":{"type":"Point","coordinates":[-106.146544,28.719317]},"properties":{"osm_id":10375967216,"tipo":"escuela","nombre":"Primaria Octavio Paz"}},{"type":"Feature","geometry":{"type":"Point","coordinates":[-106.15068,28.719373]},"properties":{"osm_id":10375967219,"tipo":"escuela","nombre":"Escuela Secundaria Federal 11"}},{"type":"Feature","geometry":{"type":"Point","coordinates":[-106.151033,28.735229]},"properties":{"osm_id":10376096050,"tipo":"escuela","nombre":"Escuela Tele Secundaria 6116"}},{"type":"Feature","geometry":{"type":"Point","coordinates":[-106.151422,28.73548]},"properties":{"osm_id":10376096051,"tipo":"escuela","nombre":"Escuela Primaria Nuevo Milenio"}},{"type":"Feature","geometry":{"type":"Point","coordinates":[-106.147998,28.733242]},"properties":{"osm_id":10376103157,"tipo":"escuela","nombre":"Escuela Primaria Estatal Jaime Torres Bodet Turno Matutino"}},{"type":"Feature","geometry":{"type":"Point","coordinates":[-106.137615,28.736811]},"properties":{"osm_id":10376171272,"tipo":"escuela","nombre":"Escuela Primaria 12 de Octubre"}},{"type":"Feature","geometry":{"type":"Point","coordinates":[-106.147698,28.707767]},"properties":{"osm_id":10376294814,"tipo":"escuela","nombre":"Colegio Mundo Bilingue"}},{"type":"Feature","geometry":{"type":"Point","coordinates":[-106.116861,28.647963]},"properties":{"osm_id":10407995326,"tipo":"escuela","nombre":""}},{"type":"Feature","geometry":{"type":"Point","coordinates":[-106.11998,28.747743]},"properties":{"osm_id":10448849575,"tipo":"escuela","nombre":"Escuela Primaria Ford 191 Matutino"}},{"type":"Feature","geometry":{"type":"Point","coordinates":[-106.118764,28.748173]},"properties":{"osm_id":10448850694,"tipo":"escuela","nombre":"Secundaria Estatal 3023"}},{"type":"Feature","geometry":{"type":"Point","coordinates":[-106.11389,28.735509]},"properties":{"osm_id":10448875078,"tipo":"escuela","nombre":"Escuela Primaria Manual Lopez Davila"}},{"type":"Feature","geometry":{"type":"Point","coordinates":[-106.129039,28.751427]},"properties":{"osm_id":10448973127,"tipo":"escuela","nombre":"Primeria Ernesto Elizandro"}},{"type":"Feature","geometry":{"type":"Point","coordinates":[-106.133458,28.746953]},"properties":{"osm_id":10449120817,"tipo":"escuela","nombre":""}},{"type":"Feature","geometry":{"type":"Point","coordinates":[-106.12413,28.747108]},"properties":{"osm_id":10449123836,"tipo":"escuela","nombre":""}},{"type":"Feature","geometry":{"type":"Point","coordinates":[-106.126268,28.746493]},"properties":{"osm_id":10449124057,"tipo":"escuela","nombre":"Preescolar Carmen Gutierrez Pere"}},{"type":"Feature","geometry":{"type":"Point","coordinates":[-106.125294,28.736912]},"properties":{"osm_id":10449126883,"tipo":"escuela","nombre":"Secundaria Federal 13 Batalla de Sacramento"}},{"type":"Feature","geometry":{"type":"Point","coordinates":[-106.122714,28.739518]},"properties":{"osm_id":10449128502,"tipo":"escuela","nombre":""}},{"type":"Feature","geometry":{"type":"Point","coordinates":[-106.094348,28.733352]},"properties":{"osm_id":10449431575,"tipo":"escuela","nombre":"Secundaria Estatal 3024 Turno Matutino"}},{"type":"Feature","geometry":{"type":"Point","coordinates":[-106.100447,28.732192]},"properties":{"osm_id":10449434264,"tipo":"escuela","nombre":"Escuela Primaria Rafael Ramírez"}},{"type":"Feature","geometry":{"type":"Point","coordinates":[-106.100802,28.721135]},"properties":{"osm_id":10449479621,"tipo":"escuela","nombre":"Escuela Silvestre Terrazas"}},{"type":"Feature","geometry":{"type":"Point","coordinates":[-106.132186,28.733248]},"properties":{"osm_id":10449561255,"tipo":"escuela","nombre":"Escuela Secundaria Tecnica 74 Turno Matutino"}},{"type":"Feature","geometry":{"type":"Point","coordinates":[-106.142721,28.728219]},"properties":{"osm_id":10449608403,"tipo":"escuela","nombre":"Escuela Primaria XX Aniversario"}},{"type":"Feature","geometry":{"type":"Point","coordinates":[-106.120191,28.725206]},"properties":{"osm_id":10449729199,"tipo":"escuela","nombre":""}},{"type":"Feature","geometry":{"type":"Point","coordinates":[-106.119154,28.723112]},"properties":{"osm_id":10449729200,"tipo":"escuela","nombre":""}},{"type":"Feature","geometry":{"type":"Point","coordinates":[-106.117495,28.727936]},"properties":{"osm_id":10449746738,"tipo":"escuela","nombre":""}},{"type":"Feature","geometry":{"type":"Point","coordinates":[-106.10879,28.723638]},"properties":{"osm_id":10450099845,"tipo":"escuela","nombre":"Escuela Primaria Héroes de la Revolución"}},{"type":"Feature","geometry":{"type":"Point","coordinates":[-106.109129,28.727735]},"properties":{"osm_id":10450101720,"tipo":"escuela","nombre":"Escuela Primaria Federal Jesús Orozco Mendoza"}},{"type":"Feature","geometry":{"type":"Point","coordinates":[-105.980617,28.759901]},"properties":{"osm_id":10451773368,"tipo":"escuela","nombre":"Escuela Primaria Heroes Mexicanos"}},{"type":"Feature","geometry":{"type":"Point","coordinates":[-106.028692,28.609816]},"properties":{"osm_id":10451908582,"tipo":"escuela","nombre":"Preparatoria Maestros Mexicanos 8422"}},{"type":"Feature","geometry":{"type":"Point","coordinates":[-106.028645,28.611301]},"properties":{"osm_id":10451908584,"tipo":"escuela","nombre":"Escuela Secundaria Estatal 3013"}},{"type":"Feature","geometry":{"type":"Point","coordinates":[-106.03573,28.606085]},"properties":{"osm_id":10451979183,"tipo":"escuela","nombre":"Escuela Primaria 15 de Mayo Federalizada"}},{"type":"Feature","geometry":{"type":"Point","coordinates":[-106.039743,28.598734]},"properties":{"osm_id":10452043372,"tipo":"escuela","nombre":"Escuela Secundaria Estatal Guadalupe Victoria 3064"}},{"type":"Feature","geometry":{"type":"Point","coordinates":[-106.030216,28.644872]},"properties":{"osm_id":10452146884,"tipo":"escuela","nombre":"Secundaria Estatal Por Corperción 8366 Melchor Ocampo"}},{"type":"Feature","geometry":{"type":"Point","coordinates":[-106.094504,28.690853]},"properties":{"osm_id":10463263619,"tipo":"escuela","nombre":""}},{"type":"Feature","geometry":{"type":"Point","coordinates":[-106.142177,28.749526]},"properties":{"osm_id":10469295194,"tipo":"escuela","nombre":"Secundaria Tecnica 96"}},{"type":"Feature","geometry":{"type":"Point","coordinates":[-106.075179,28.629303]},"properties":{"osm_id":10540434392,"tipo":"hospital","nombre":"Christus Mugerza Hospital del Parque"}},{"type":"Feature","geometry":{"type":"Point","coordinates":[-106.075756,28.629725]},"properties":{"osm_id":10540434393,"tipo":"escuela","nombre":"Colegio Palmore"}},{"type":"Feature","geometry":{"type":"Point","coordinates":[-106.008059,28.602164]},"properties":{"osm_id":10589314658,"tipo":"escuela","nombre":"Escuela Primaria Estatal Lic. Gustavo Petriccioli"}},{"type":"Feature","geometry":{"type":"Point","coordinates":[-106.160631,28.733701]},"properties":{"osm_id":10589957598,"tipo":"escuela","nombre":"Cobach 10"}},{"type":"Feature","geometry":{"type":"Point","coordinates":[-106.119332,28.658799]},"properties":{"osm_id":10590599116,"tipo":"escuela","nombre":""}},{"type":"Feature","geometry":{"type":"Point","coordinates":[-106.098376,28.598057]},"properties":{"osm_id":10593456351,"tipo":"escuela","nombre":"Secundaria Técnica #29"}},{"type":"Feature","geometry":{"type":"Point","coordinates":[-106.032875,28.683909]},"properties":{"osm_id":10596001273,"tipo":"escuela","nombre":"Escuela Real de Minas"}},{"type":"Feature","geometry":{"type":"Point","coordinates":[-106.032168,28.683754]},"properties":{"osm_id":10596001277,"tipo":"escuela","nombre":""}},{"type":"Feature","geometry":{"type":"Point","coordinates":[-106.009987,28.589165]},"properties":{"osm_id":10616492754,"tipo":"escuela","nombre":"Escuela Benemérito de Las Américas"}},{"type":"Feature","geometry":{"type":"Point","coordinates":[-106.010286,28.587591]},"properties":{"osm_id":10616654203,"tipo":"escuela","nombre":"Escuela Secundaria Federal Num. 16"}},{"type":"Feature","geometry":{"type":"Point","coordinates":[-106.009439,28.587493]},"properties":{"osm_id":10617207030,"tipo":"escuela","nombre":"CECYTECH EMSAD 27 Toribio Ortega"}},{"type":"Feature","geometry":{"type":"Point","coordinates":[-106.008691,28.613411]},"properties":{"osm_id":10617231800,"tipo":"escuela","nombre":"Articulo 123"}},{"type":"Feature","geometry":{"type":"Point","coordinates":[-106.013003,28.604264]},"properties":{"osm_id":10617508659,"tipo":"escuela","nombre":"Escuela Primaria Josefa Ortiz de Domínguez"}},{"type":"Feature","geometry":{"type":"Point","coordinates":[-106.01303,28.603382]},"properties":{"osm_id":10617508670,"tipo":"escuela","nombre":"Secundaria Federal #7"}},{"type":"Feature","geometry":{"type":"Point","coordinates":[-106.036693,28.600078]},"properties":{"osm_id":10648330001,"tipo":"escuela","nombre":"Primaria José Vasconcelos"}},{"type":"Feature","geometry":{"type":"Point","coordinates":[-106.03069,28.628059]},"properties":{"osm_id":10689040331,"tipo":"hospital","nombre":"Hospital Infantil de Especialidades de Chihuahua"}},{"type":"Feature","geometry":{"type":"Point","coordinates":[-106.105063,28.615196]},"properties":{"osm_id":10695845168,"tipo":"tope","nombre":""}},{"type":"Feature","geometry":{"type":"Point","coordinates":[-106.043062,28.635101]},"properties":{"osm_id":10695888511,"tipo":"escuela","nombre":"Escuela de Policía"}},{"type":"Feature","geometry":{"type":"Point","coordinates":[-106.062759,28.623097]},"properties":{"osm_id":10695972673,"tipo":"escuela","nombre":"Colegio de Bachilleres Plantel 2"}},{"type":"Feature","geometry":{"type":"Point","coordinates":[-106.061713,28.622514]},"properties":{"osm_id":10695972681,"tipo":"escuela","nombre":"Escuela Primaria 18 de Marzo"}},{"type":"Feature","geometry":{"type":"Point","coordinates":[-106.115529,28.742065]},"properties":{"osm_id":10696969230,"tipo":"escuela","nombre":""}},{"type":"Feature","geometry":{"type":"Point","coordinates":[-106.115156,28.741273]},"properties":{"osm_id":10696969231,"tipo":"escuela","nombre":""}},{"type":"Feature","geometry":{"type":"Point","coordinates":[-106.111474,28.709292]},"properties":{"osm_id":10697247730,"tipo":"escuela","nombre":"CRODE Chihuahua"}},{"type":"Feature","geometry":{"type":"Point","coordinates":[-106.087079,28.698845]},"properties":{"osm_id":10697247736,"tipo":"escuela","nombre":"Escuela Secundaria Federal No. 6"}},{"type":"Feature","geometry":{"type":"Point","coordinates":[-106.083913,28.690104]},"properties":{"osm_id":10697247752,"tipo":"escuela","nombre":"Esc. Prim. Fed. José Martínez Estrada"}},{"type":"Feature","geometry":{"type":"Point","coordinates":[-106.083173,28.687971]},"properties":{"osm_id":10697247769,"tipo":"hospital","nombre":"Unidad de Medicina Familiar Nº 2"}},{"type":"Feature","geometry":{"type":"Point","coordinates":[-106.089555,28.613716]},"properties":{"osm_id":10700950328,"tipo":"escuela","nombre":"Secundaria Estatal Número 3011"}},{"type":"Feature","geometry":{"type":"Point","coordinates":[-106.073584,28.621986]},"properties":{"osm_id":10700950340,"tipo":"escuela","nombre":"Escuela Primaria Estatal \"Mariano Irigoyen\" No. 2136"}},{"type":"Feature","geometry":{"type":"Point","coordinates":[-106.072345,28.64771]},"properties":{"osm_id":10700979750,"tipo":"hospital","nombre":"Pensiones Civiles del Estado"}},{"type":"Feature","geometry":{"type":"Point","coordinates":[-106.030665,28.613642]},"properties":{"osm_id":10701121636,"tipo":"escuela","nombre":"Escuela Primaria Federal Dr. Pablo Gómez Ramírez"}},{"type":"Feature","geometry":{"type":"Point","coordinates":[-106.130387,28.692758]},"properties":{"osm_id":10731812701,"tipo":"escuela","nombre":"Escuela Secundaria Técnica #57"}},{"type":"Feature","geometry":{"type":"Point","coordinates":[-106.110725,28.677704]},"properties":{"osm_id":10732426897,"tipo":"escuela","nombre":"Escuela Niños Héroes"}},{"type":"Feature","geometry":{"type":"Point","coordinates":[-106.111501,28.728487]},"properties":{"osm_id":10734257131,"tipo":"escuela","nombre":"CECyT 6 Chihuahua"}},{"type":"Feature","geometry":{"type":"Point","coordinates":[-106.105217,28.615306]},"properties":{"osm_id":10849767827,"tipo":"tope","nombre":""}},{"type":"Feature","geometry":{"type":"Point","coordinates":[-106.1049,28.615076]},"properties":{"osm_id":10849767828,"tipo":"tope","nombre":""}},{"type":"Feature","geometry":{"type":"Point","coordinates":[-106.141082,28.591609]},"properties":{"osm_id":10900468292,"tipo":"escuela","nombre":"American School Chihuahua"}},{"type":"Feature","geometry":{"type":"Point","coordinates":[-106.099084,28.610547]},"properties":{"osm_id":11093431696,"tipo":"escuela","nombre":"Secundaria Federal #3 Jaime Torres Bodet"}},{"type":"Feature","geometry":{"type":"Point","coordinates":[-106.098282,28.612419]},"properties":{"osm_id":11093955777,"tipo":"escuela","nombre":"Escuela primaria Tierra y Libertad"}},{"type":"Feature","geometry":{"type":"Point","coordinates":[-106.098718,28.617507]},"properties":{"osm_id":11093999067,"tipo":"escuela","nombre":"Escuela primaria Adolfo López Mateos"}},{"type":"Feature","geometry":{"type":"Point","coordinates":[-106.090541,28.612654]},"properties":{"osm_id":11127317024,"tipo":"escuela","nombre":"Seminario Arquidiosesano de Chihuahua San José"}},{"type":"Feature","geometry":{"type":"Point","coordinates":[-106.109222,28.58517]},"properties":{"osm_id":11302294011,"tipo":"escuela","nombre":"Escuela Secundaria Técnica 77"}},{"type":"Feature","geometry":{"type":"Point","coordinates":[-106.098496,28.669528]},"properties":{"osm_id":11348099585,"tipo":"escuela","nombre":"Esc. primaria Margarita Masa de juerez #2238"}},{"type":"Feature","geometry":{"type":"Point","coordinates":[-106.103001,28.651241]},"properties":{"osm_id":11420676575,"tipo":"escuela","nombre":"Cendi No. 1"}},{"type":"Feature","geometry":{"type":"Point","coordinates":[-106.140413,28.684569]},"properties":{"osm_id":11420795146,"tipo":"escuela","nombre":"Colegio Cumbres Secundaria"}},{"type":"Feature","geometry":{"type":"Point","coordinates":[-106.149713,28.686201]},"properties":{"osm_id":11420809478,"tipo":"escuela","nombre":"Colegio Belen Plantel 2"}},{"type":"Feature","geometry":{"type":"Point","coordinates":[-106.10065,28.727083]},"properties":{"osm_id":11444804143,"tipo":"escuela","nombre":"Escuela Primaria"}},{"type":"Feature","geometry":{"type":"Point","coordinates":[-106.061521,28.610585]},"properties":{"osm_id":11459359381,"tipo":"escuela","nombre":"Escuela Secundaria Tecnica Numero 32"}},{"type":"Feature","geometry":{"type":"Point","coordinates":[-106.057144,28.613066]},"properties":{"osm_id":11459359383,"tipo":"escuela","nombre":""}},{"type":"Feature","geometry":{"type":"Point","coordinates":[-106.055386,28.607578]},"properties":{"osm_id":11459359384,"tipo":"escuela","nombre":""}},{"type":"Feature","geometry":{"type":"Point","coordinates":[-106.061537,28.607287]},"properties":{"osm_id":11459359386,"tipo":"escuela","nombre":"Escuela Primaria Luis Donaldo Colosio Murrieta"}},{"type":"Feature","geometry":{"type":"Point","coordinates":[-106.047609,28.608103]},"properties":{"osm_id":11459359391,"tipo":"escuela","nombre":"Escuela Agustin Melgar Numero 2330"}},{"type":"Feature","geometry":{"type":"Point","coordinates":[-106.063244,28.618222]},"properties":{"osm_id":11459359394,"tipo":"escuela","nombre":"Escuela Juan Jacobo Rousseau"}},{"type":"Feature","geometry":{"type":"Point","coordinates":[-106.091366,28.607402]},"properties":{"osm_id":11459359401,"tipo":"escuela","nombre":"Escuela Primaria Margarita Maza De Juarez"}},{"type":"Feature","geometry":{"type":"Point","coordinates":[-106.086326,28.612247]},"properties":{"osm_id":11459359402,"tipo":"escuela","nombre":"Escuela Industria Forestal 2179"}},{"type":"Feature","geometry":{"type":"Point","coordinates":[-106.081997,28.612517]},"properties":{"osm_id":11459359404,"tipo":"escuela","nombre":"Escuelas De Educacion Primaria Del Sector Publico"}},{"type":"Feature","geometry":{"type":"Point","coordinates":[-106.073892,28.611751]},"properties":{"osm_id":11459359405,"tipo":"escuela","nombre":""}},{"type":"Feature","geometry":{"type":"Point","coordinates":[-106.073001,28.612602]},"properties":{"osm_id":11459359407,"tipo":"escuela","nombre":"Escuela Primaria Francisco R Almada No 2357"}},{"type":"Feature","geometry":{"type":"Point","coordinates":[-106.078809,28.60443]},"properties":{"osm_id":11459359409,"tipo":"escuela","nombre":"Escuela Primaria Club de Leones 2215"}},{"type":"Feature","geometry":{"type":"Point","coordinates":[-106.042835,28.625612]},"properties":{"osm_id":11459369284,"tipo":"escuela","nombre":"Escuela Primaria Expropiacion Petrolera"}},{"type":"Feature","geometry":{"type":"Point","coordinates":[-106.057156,28.626812]},"properties":{"osm_id":11459369285,"tipo":"escuela","nombre":"Secundaria Federal No1"}},{"type":"Feature","geometry":{"type":"Point","coordinates":[-106.057001,28.625025]},"properties":{"osm_id":11459369291,"tipo":"escuela","nombre":"Escuela Adolfo Lopez Mateos"}},{"type":"Feature","geometry":{"type":"Point","coordinates":[-106.081887,28.616391]},"properties":{"osm_id":11459382832,"tipo":"escuela","nombre":"Escuela Rotaria 2 Nayo Revilla"}},{"type":"Feature","geometry":{"type":"Point","coordinates":[-106.135954,28.672428]},"properties":{"osm_id":11459409127,"tipo":"escuela","nombre":"Escuela Primaria Federal Prof Adolfo Barranco Fuentes"}},{"type":"Feature","geometry":{"type":"Point","coordinates":[-106.141151,28.685839]},"properties":{"osm_id":11459409137,"tipo":"escuela","nombre":"Escuela Primaria Solidaridad No 2701 Turno Matutino"}},{"type":"Feature","geometry":{"type":"Point","coordinates":[-106.123284,28.728073]},"properties":{"osm_id":11459597723,"tipo":"escuela","nombre":""}},{"type":"Feature","geometry":{"type":"Point","coordinates":[-106.134297,28.740347]},"properties":{"osm_id":11459631024,"tipo":"escuela","nombre":""}},{"type":"Feature","geometry":{"type":"Point","coordinates":[-106.137738,28.744832]},"properties":{"osm_id":11459631029,"tipo":"escuela","nombre":""}},{"type":"Feature","geometry":{"type":"Point","coordinates":[-106.139696,28.744522]},"properties":{"osm_id":11459631034,"tipo":"escuela","nombre":""}},{"type":"Feature","geometry":{"type":"Point","coordinates":[-106.141372,28.747777]},"properties":{"osm_id":11459631051,"tipo":"escuela","nombre":"Primaria Madre Patria"}},{"type":"Feature","geometry":{"type":"Point","coordinates":[-106.125757,28.630157]},"properties":{"osm_id":11459879679,"tipo":"hospital","nombre":"Torre II Hospital Angeles Chihuahua"}},{"type":"Feature","geometry":{"type":"Point","coordinates":[-106.128216,28.730897]},"properties":{"osm_id":11459923945,"tipo":"escuela","nombre":""}},{"type":"Feature","geometry":{"type":"Point","coordinates":[-105.964449,28.66123]},"properties":{"osm_id":11460395467,"tipo":"escuela","nombre":"Escuela Pimaria Federal Victor Hugo Rascon Banda"}},{"type":"Feature","geometry":{"type":"Point","coordinates":[-105.965487,28.661083]},"properties":{"osm_id":11460395472,"tipo":"escuela","nombre":"Escuela Secundaria Federal No 15"}},{"type":"Feature","geometry":{"type":"Point","coordinates":[-106.039409,28.687189]},"properties":{"osm_id":11460785076,"tipo":"escuela","nombre":"Escuela Primaria Federal Martin Ortiz Larriva"}},{"type":"Feature","geometry":{"type":"Point","coordinates":[-106.03055,28.683647]},"properties":{"osm_id":11460785127,"tipo":"escuela","nombre":""}},{"type":"Feature","geometry":{"type":"Point","coordinates":[-105.956125,28.632663]},"properties":{"osm_id":11462953199,"tipo":"escuela","nombre":"Escuela Telesecundaria Federal Elisa Griensen"}},{"type":"Feature","geometry":{"type":"Point","coordinates":[-105.955441,28.634399]},"properties":{"osm_id":11462953201,"tipo":"escuela","nombre":"Escuela Primaria Personal Salud 2020"}},{"type":"Feature","geometry":{"type":"Point","coordinates":[-105.953292,28.627493]},"properties":{"osm_id":11462953202,"tipo":"escuela","nombre":""}},{"type":"Feature","geometry":{"type":"Point","coordinates":[-106.09566,28.676194]},"properties":{"osm_id":11480717507,"tipo":"escuela","nombre":"Escuela Primaria División del Norte"}},{"type":"Feature","geometry":{"type":"Point","coordinates":[-106.13258,28.708854]},"properties":{"osm_id":11480747900,"tipo":"escuela","nombre":"escuelas"}},{"type":"Feature","geometry":{"type":"Point","coordinates":[-105.992881,28.605359]},"properties":{"osm_id":11509806289,"tipo":"escuela","nombre":""}},{"type":"Feature","geometry":{"type":"Point","coordinates":[-105.999319,28.60824]},"properties":{"osm_id":11509806293,"tipo":"escuela","nombre":""}},{"type":"Feature","geometry":{"type":"Point","coordinates":[-106.129131,28.670615]},"properties":{"osm_id":11510402555,"tipo":"escuela","nombre":""}},{"type":"Feature","geometry":{"type":"Point","coordinates":[-106.079222,28.650242]},"properties":{"osm_id":11518520299,"tipo":"escuela","nombre":"Eloy S. Vallina"}},{"type":"Feature","geometry":{"type":"Point","coordinates":[-106.07452,28.64855]},"properties":{"osm_id":11518522372,"tipo":"escuela","nombre":""}},{"type":"Feature","geometry":{"type":"Point","coordinates":[-106.078644,28.643286]},"properties":{"osm_id":11518988341,"tipo":"hospital","nombre":"Hospital Morelos IMSS"}},{"type":"Feature","geometry":{"type":"Point","coordinates":[-106.03841,28.652584]},"properties":{"osm_id":11523055987,"tipo":"escuela","nombre":""}},{"type":"Feature","geometry":{"type":"Point","coordinates":[-106.152357,28.725851]},"properties":{"osm_id":11523759610,"tipo":"escuela","nombre":"Escuela Preparatoria Maestros Mexicanos"}},{"type":"Feature","geometry":{"type":"Point","coordinates":[-106.105668,28.654221]},"properties":{"osm_id":11523849713,"tipo":"escuela","nombre":""}},{"type":"Feature","geometry":{"type":"Point","coordinates":[-106.108037,28.684323]},"properties":{"osm_id":11525898158,"tipo":"escuela","nombre":""}}]}