{"type":"FeatureCollection","features":[{"type":"Feature","id":0,"geometry":{"type":"LineString","coordinates":[[-106.09517,28.62282],[-106.09542,28.62275],[-106.09557,28.62285],[-106.09559,28.62301],[-106.09552,28.62315],[-106.09538,28.62319]]},"properties":{"id":0,"nombre":"","clase":"trunk"}},{"type":"Feature","id":1,"geometry":{"type":"LineString","coordinates":[[-106.1322,28.70293],[-106.13211,28.70344],[-106.132,28.70364],[-106.13184,28.70376],[-106.13166,28.70383],[-106.13147,28.70386],[-106.13128,28.70383],[-106.13102,28.70373],[-106.13083,28.70362],[-106.13071,28.70351],[-106.13063,28.7034],[-106.13058,28.70329],[-106.13055,28.70307],[-106.13057,28.70292],[-106.13061,28.70279],[-106.13072,28.70264],[-106.13089,28.70242]]},"properties":{"id":1,"nombre":"","clase":"trunk"}},{"type":"Feature","id":2,"geometry":{"type":"LineString","coordinates":[[-106.13045,28.66756],[-106.13056,28.66784],[-106.13067,28.66805],[-106.13088,28.66842]]},"properties":{"id":2,"nombre":"","clase":"trunk"}},{"type":"Feature","id":3,"geometry":{"type":"LineString","coordinates":[[-106.12259,28.63605],[-106.12261,28.63616],[-106.12264,28.63624],[-106.1228,28.63652]]},"properties":{"id":3,"nombre":"","clase":"trunk"}},{"type":"Feature","id":4,"geometry":{"type":"LineString","coordinates":[[-106.05455,28.65845],[-106.05519,28.65836],[-106.05544,28.65837],[-106.05592,28.65848],[-106.05637,28.65858],[-106.05704,28.65857],[-106.05725,28.65856],[-106.05781,28.65855],[-106.05835,28.65862],[-106.05904,28.65888]]},"properties":{"id":4,"nombre":"","clase":"trunk"}},{"type":"Feature","id":5,"geometry":{"type":"LineString","coordinates":[[-106.03215,28.65827],[-106.03198,28.65895],[-106.03189,28.65917],[-106.03176,28.65935],[-106.03162,28.65947]]},"properties":{"id":5,"nombre":"","clase":"trunk"}},{"type":"Feature","id":6,"geometry":{"type":"LineString","coordinates":[[-105.99585,28.67686],[-105.99361,28.68003],[-105.9932,28.68061],[-105.99184,28.68252]]},"properties":{"id":6,"nombre":"","clase":"secondary"}},{"type":"Feature","id":7,"geometry":{"type":"LineString","coordinates":[[-106.02966,28.62553],[-106.02963,28.6257],[-106.02951,28.62583],[-106.02933,28.62588],[-106.02923,28.62587]]},"properties":{"id":7,"nombre":"","clase":"trunk"}},{"type":"Feature","id":8,"geometry":{"type":"LineString","coordinates":[[-106.02997,28.62638],[-106.03023,28.62663],[-106.03082,28.62705],[-106.031,28.62707]]},"properties":{"id":8,"nombre":"","clase":"trunk"}},{"type":"Feature","id":9,"geometry":{"type":"LineString","coordinates":[[-106.1172,28.67872],[-106.11729,28.67869],[-106.11731,28.67862],[-106.11731,28.67858]]},"properties":{"id":9,"nombre":"","clase":"primary"}},{"type":"Feature","id":10,"geometry":{"type":"LineString","coordinates":[[-106.11755,28.67867],[-106.11742,28.67874],[-106.11736,28.6788],[-106.11733,28.67893]]},"properties":{"id":10,"nombre":"","clase":"primary"}},{"type":"Feature","id":11,"geometry":{"type":"LineString","coordinates":[[-106.09646,28.66097],[-106.09646,28.66084],[-106.09649,28.66074],[-106.09653,28.66068]]},"properties":{"id":11,"nombre":"","clase":"primary"}},{"type":"Feature","id":12,"geometry":{"type":"LineString","coordinates":[[-106.13184,28.70133],[-106.13186,28.70267],[-106.13187,28.70302],[-106.13192,28.7032],[-106.13203,28.70341],[-106.13219,28.70358],[-106.1324,28.70374],[-106.13264,28.70386],[-106.13295,28.70392],[-106.13323,28.70393],[-106.13347,28.70388],[-106.13369,28.70379],[-106.13389,28.70367],[-106.13419,28.70342],[-106.13446,28.70324],[-106.13479,28.70304],[-106.13574,28.70263]]},"properties":{"id":12,"nombre":"","clase":"trunk"}},{"type":"Feature","id":13,"geometry":{"type":"LineString","coordinates":[[-106.12342,28.63735],[-106.12348,28.63714],[-106.12343,28.63674],[-106.12338,28.63654]]},"properties":{"id":13,"nombre":"","clase":"trunk"}},{"type":"Feature","id":14,"geometry":{"type":"LineString","coordinates":[[-106.12883,28.65909],[-106.12878,28.65932],[-106.12881,28.65974],[-106.12896,28.66078],[-106.12898,28.66108],[-106.12896,28.66117]]},"properties":{"id":14,"nombre":"","clase":"trunk"}},{"type":"Feature","id":15,"geometry":{"type":"LineString","coordinates":[[-106.1134,28.62318],[-106.11332,28.62307],[-106.11319,28.62295],[-106.11305,28.62281],[-106.11292,28.62268]]},"properties":{"id":15,"nombre":"","clase":"trunk"}},{"type":"Feature","id":16,"geometry":{"type":"LineString","coordinates":[[-106.10652,28.61141],[-106.10631,28.61104],[-106.10619,28.61071],[-106.10623,28.61051],[-106.1063,28.61041],[-106.10647,28.61032],[-106.10673,28.61026],[-106.10699,28.61021]]},"properties":{"id":16,"nombre":"","clase":"trunk"}},{"type":"Feature","id":17,"geometry":{"type":"LineString","coordinates":[[-106.10895,28.61345],[-106.10894,28.61332],[-106.10886,28.61317],[-106.10855,28.6128],[-106.10837,28.61267],[-106.10829,28.61257]]},"properties":{"id":17,"nombre":"","clase":"trunk"}},{"type":"Feature","id":18,"geometry":{"type":"LineString","coordinates":[[-106.12006,28.62989],[-106.12005,28.62975],[-106.11984,28.62935],[-106.11951,28.62889]]},"properties":{"id":18,"nombre":"","clase":"trunk"}},{"type":"Feature","id":19,"geometry":{"type":"LineString","coordinates":[[-106.12014,28.65206],[-106.12008,28.65192],[-106.11993,28.65184],[-106.11978,28.65184],[-106.11962,28.65195],[-106.11958,28.6521],[-106.11967,28.65227],[-106.11973,28.6523],[-106.11987,28.65233],[-106.12004,28.65227],[-106.12014,28.65214],[-106.12014,28.65206]]},"properties":{"id":19,"nombre":"","clase":"secondary"}},{"type":"Feature","id":20,"geometry":{"type":"LineString","coordinates":[[-106.07124,28.67513],[-106.07115,28.67469],[-106.07108,28.67428],[-106.07103,28.67385],[-106.07099,28.67372],[-106.0709,28.67359]]},"properties":{"id":20,"nombre":"","clase":"trunk"}},{"type":"Feature","id":21,"geometry":{"type":"LineString","coordinates":[[-106.1228,28.64718],[-106.12276,28.64727]]},"properties":{"id":21,"nombre":"","clase":"secondary"}},{"type":"Feature","id":22,"geometry":{"type":"LineString","coordinates":[[-106.10373,28.64481],[-106.10409,28.64493],[-106.10424,28.64501],[-106.10434,28.64509],[-106.10444,28.64525],[-106.10451,28.64534],[-106.10458,28.64539],[-106.10468,28.64542],[-106.10484,28.64543],[-106.10505,28.64541],[-106.10531,28.64532],[-106.10557,28.64518],[-106.10598,28.64489],[-106.10616,28.64479],[-106.10629,28.64474],[-106.10646,28.64472],[-106.10665,28.64473],[-106.10674,28.64475]]},"properties":{"id":22,"nombre":"","clase":"primary"}},{"type":"Feature","id":23,"geometry":{"type":"LineString","coordinates":[[-106.10193,28.64464],[-106.10186,28.64456],[-106.10173,28.64447],[-106.10155,28.64434],[-106.10138,28.64419],[-106.10092,28.64379],[-106.10072,28.64359],[-106.10067,28.64351],[-106.10064,28.64339],[-106.10059,28.64318]]},"properties":{"id":23,"nombre":"","clase":"primary"}},{"type":"Feature","id":24,"geometry":{"type":"LineString","coordinates":[[-106.06371,28.65881],[-106.06419,28.65904],[-106.06438,28.65902],[-106.06405,28.65889],[-106.06379,28.65876]]},"properties":{"id":24,"nombre":"","clase":"primary"}},{"type":"Feature","id":25,"geometry":{"type":"LineString","coordinates":[[-106.06371,28.65881],[-106.0634,28.65885],[-106.06316,28.65888],[-106.06291,28.65905],[-106.06286,28.65915],[-106.06287,28.6594],[-106.06289,28.65957]]},"properties":{"id":25,"nombre":"","clase":"trunk"}},{"type":"Feature","id":26,"geometry":{"type":"LineString","coordinates":[[-106.03041,28.62626],[-106.03022,28.62614],[-106.03008,28.62609],[-106.02985,28.62607]]},"properties":{"id":26,"nombre":"","clase":"trunk"}},{"type":"Feature","id":27,"geometry":{"type":"LineString","coordinates":[[-106.02842,28.62113],[-106.02851,28.62103],[-106.02861,28.62094],[-106.0288,28.62085],[-106.02922,28.62076]]},"properties":{"id":27,"nombre":"","clase":"primary"}},{"type":"Feature","id":28,"geometry":{"type":"LineString","coordinates":[[-106.02837,28.6208],[-106.02831,28.62075],[-106.02825,28.62076],[-106.0282,28.6208]]},"properties":{"id":28,"nombre":"","clase":"primary"}},{"type":"Feature","id":29,"geometry":{"type":"LineString","coordinates":[[-106.09412,28.6232],[-106.09395,28.6232],[-106.09382,28.6231],[-106.09381,28.62296],[-106.09392,28.62283],[-106.09402,28.6228]]},"properties":{"id":29,"nombre":"","clase":"trunk"}},{"type":"Feature","id":30,"geometry":{"type":"LineString","coordinates":[[-106.09565,28.62192],[-106.09521,28.62201],[-106.09497,28.62199],[-106.09472,28.62192]]},"properties":{"id":30,"nombre":"","clase":"trunk"}},{"type":"Feature","id":31,"geometry":{"type":"LineString","coordinates":[[-106.08411,28.63918],[-106.08447,28.63914],[-106.08461,28.63924],[-106.08463,28.63942],[-106.08454,28.63954],[-106.08433,28.63959],[-106.08418,28.63958]]},"properties":{"id":31,"nombre":"","clase":"trunk"}},{"type":"Feature","id":32,"geometry":{"type":"LineString","coordinates":[[-106.08332,28.63888],[-106.08331,28.63861],[-106.0834,28.63847],[-106.08358,28.63842],[-106.08375,28.6385],[-106.08382,28.63872],[-106.08382,28.63887]]},"properties":{"id":32,"nombre":"","clase":"trunk"}},{"type":"Feature","id":33,"geometry":{"type":"LineString","coordinates":[[-106.09013,28.64201],[-106.09022,28.64202],[-106.09029,28.642],[-106.09036,28.64199],[-106.09056,28.64193]]},"properties":{"id":33,"nombre":"","clase":"primary"}},{"type":"Feature","id":34,"geometry":{"type":"LineString","coordinates":[[-106.04833,28.60207],[-106.04872,28.60209],[-106.04941,28.60203],[-106.05103,28.60195],[-106.05153,28.60193],[-106.05188,28.60191],[-106.0535,28.60185],[-106.05394,28.60182],[-106.05436,28.60175]]},"properties":{"id":34,"nombre":"","clase":"trunk"}},{"type":"Feature","id":35,"geometry":{"type":"LineString","coordinates":[[-106.10588,28.58389],[-106.1056,28.58377],[-106.10541,28.58372],[-106.10496,28.58365],[-106.10425,28.58371],[-106.10368,28.58388]]},"properties":{"id":35,"nombre":"","clase":"secondary"}},{"type":"Feature","id":36,"geometry":{"type":"LineString","coordinates":[[-106.02239,28.63062],[-106.02224,28.63056]]},"properties":{"id":36,"nombre":"","clase":"primary"}},{"type":"Feature","id":37,"geometry":{"type":"LineString","coordinates":[[-106.07553,28.61593],[-106.07566,28.61603],[-106.07571,28.61609],[-106.07573,28.61613]]},"properties":{"id":37,"nombre":"","clase":"primary"}},{"type":"Feature","id":38,"geometry":{"type":"LineString","coordinates":[[-106.08616,28.62783],[-106.08613,28.62799],[-106.08606,28.62813],[-106.0859,28.62836]]},"properties":{"id":38,"nombre":"","clase":"secondary"}},{"type":"Feature","id":39,"geometry":{"type":"LineString","coordinates":[[-106.12088,28.66126],[-106.12092,28.66128],[-106.12098,28.66133],[-106.12103,28.66135],[-106.12106,28.66135]]},"properties":{"id":39,"nombre":"","clase":"primary"}},{"type":"Feature","id":40,"geometry":{"type":"LineString","coordinates":[[-106.11557,28.66589],[-106.11555,28.66585]]},"properties":{"id":40,"nombre":"","clase":"secondary"}},{"type":"Feature","id":41,"geometry":{"type":"LineString","coordinates":[[-106.11749,28.73291],[-106.11699,28.73262],[-106.11611,28.73229],[-106.11565,28.73216],[-106.115,28.73205],[-106.11457,28.73204],[-106.114,28.73203],[-106.11364,28.73199],[-106.11297,28.73182],[-106.11129,28.73126]]},"properties":{"id":41,"nombre":"","clase":"trunk"}},{"type":"Feature","id":42,"geometry":{"type":"LineString","coordinates":[[-106.10984,28.7309],[-106.10969,28.73083],[-106.10949,28.73081],[-106.10895,28.73086],[-106.10837,28.73099],[-106.10744,28.73127],[-106.10724,28.73137],[-106.10717,28.73145],[-106.10717,28.73168],[-106.1073,28.73186],[-106.10746,28.73194],[-106.10765,28.7319],[-106.10837,28.73161],[-106.10903,28.73142],[-106.10974,28.7314],[-106.11037,28.73152],[-106.11107,28.73169]]},"properties":{"id":42,"nombre":"","clase":"trunk"}},{"type":"Feature","id":43,"geometry":{"type":"LineString","coordinates":[[-106.14478,28.72472],[-106.14499,28.72509],[-106.14562,28.72614],[-106.14575,28.7263],[-106.14591,28.72643]]},"properties":{"id":43,"nombre":"","clase":"trunk"}},{"type":"Feature","id":44,"geometry":{"type":"LineString","coordinates":[[-106.14231,28.70288],[-106.14198,28.70251],[-106.14195,28.70246],[-106.14194,28.7024],[-106.14194,28.70234],[-106.14194,28.70231]]},"properties":{"id":44,"nombre":"","clase":"primary"}},{"type":"Feature","id":45,"geometry":{"type":"LineString","coordinates":[[-106.14557,28.72511],[-106.14531,28.7247],[-106.14522,28.72456]]},"properties":{"id":45,"nombre":"","clase":"trunk"}},{"type":"Feature","id":46,"geometry":{"type":"LineString","coordinates":[[-106.14557,28.72511],[-106.14552,28.72474],[-106.14559,28.72453],[-106.14584,28.72426]]},"properties":{"id":46,"nombre":"","clase":"trunk"}},{"type":"Feature","id":47,"geometry":{"type":"LineString","coordinates":[[-106.14495,28.72411],[-106.14458,28.72355],[-106.14445,28.72333],[-106.14406,28.72275],[-106.14394,28.72262],[-106.14377,28.72255]]},"properties":{"id":47,"nombre":"","clase":"primary"}},{"type":"Feature","id":48,"geometry":{"type":"LineString","coordinates":[[-106.14423,28.72372],[-106.14447,28.72415],[-106.14453,28.72426]]},"properties":{"id":48,"nombre":"","clase":"primary"}},{"type":"Feature","id":49,"geometry":{"type":"LineString","coordinates":[[-106.14423,28.72372],[-106.1442,28.72386],[-106.14412,28.72403],[-106.14399,28.72415],[-106.14378,28.72424],[-106.1436,28.72431]]},"properties":{"id":49,"nombre":"","clase":"trunk"}},{"type":"Feature","id":50,"geometry":{"type":"LineString","coordinates":[[-106.14414,28.72478],[-106.14449,28.72482],[-106.14465,28.72487],[-106.14479,28.72494],[-106.14499,28.72509]]},"properties":{"id":50,"nombre":"","clase":"trunk"}},{"type":"Feature","id":51,"geometry":{"type":"LineString","coordinates":[[-106.14688,28.72775],[-106.14664,28.7271],[-106.14654,28.72679],[-106.14623,28.72616],[-106.14557,28.72511]]},"properties":{"id":51,"nombre":"","clase":"trunk"}},{"type":"Feature","id":52,"geometry":{"type":"LineString","coordinates":[[-106.14264,28.70389],[-106.14288,28.70409],[-106.14296,28.70411],[-106.14306,28.70408],[-106.14312,28.70402],[-106.14315,28.70394],[-106.14314,28.7038]]},"properties":{"id":52,"nombre":"","clase":"primary"}},{"type":"Feature","id":53,"geometry":{"type":"LineString","coordinates":[[-106.11454,28.73257],[-106.11502,28.73259],[-106.11537,28.73265],[-106.11592,28.73282],[-106.11718,28.73334],[-106.11761,28.73349],[-106.11804,28.73353],[-106.11872,28.73345],[-106.11899,28.73346],[-106.11963,28.73334],[-106.12036,28.73303],[-106.12103,28.73255],[-106.12171,28.73193]]},"properties":{"id":53,"nombre":"","clase":"trunk"}},{"type":"Feature","id":54,"geometry":{"type":"LineString","coordinates":[[-106.12796,28.70376],[-106.12774,28.70378],[-106.12758,28.70381],[-106.12735,28.70388],[-106.1272,28.7039],[-106.12695,28.70388],[-106.12667,28.70385],[-106.1262,28.70374],[-106.12561,28.70353],[-106.12518,28.70308],[-106.12444,28.70232],[-106.12436,28.70228],[-106.1243,28.70227]]},"properties":{"id":54,"nombre":"","clase":"primary"}},{"type":"Feature","id":55,"geometry":{"type":"LineString","coordinates":[[-106.12432,28.70527],[-106.12487,28.70523],[-106.12591,28.70534],[-106.12678,28.70546],[-106.12713,28.70557],[-106.12776,28.70625],[-106.1286,28.70714],[-106.12868,28.70721],[-106.12876,28.70726],[-106.12891,28.70732]]},"properties":{"id":55,"nombre":"","clase":"primary"}},{"type":"Feature","id":56,"geometry":{"type":"LineString","coordinates":[[-106.12785,28.70587],[-106.1267,28.70467],[-106.12659,28.70469],[-106.12646,28.70481],[-106.12645,28.70487],[-106.12671,28.70512],[-106.12713,28.70557]]},"properties":{"id":56,"nombre":"","clase":"primary"}},{"type":"Feature","id":57,"geometry":{"type":"LineString","coordinates":[[-106.12665,28.70496],[-106.12659,28.70513],[-106.12649,28.70523],[-106.12633,28.70528],[-106.12609,28.70524],[-106.12595,28.70512],[-106.1259,28.70498],[-106.12593,28.70481],[-106.12598,28.70467]]},"properties":{"id":57,"nombre":"","clase":"primary"}},{"type":"Feature","id":58,"geometry":{"type":"LineString","coordinates":[[-106.12418,28.70238],[-106.12419,28.70248],[-106.12425,28.70258],[-106.12476,28.7031],[-106.12493,28.70327],[-106.1259,28.70431],[-106.126,28.70434],[-106.12612,28.70431],[-106.12621,28.70421],[-106.1262,28.7041],[-106.12561,28.70353]]},"properties":{"id":58,"nombre":"","clase":"primary"}},{"type":"Feature","id":59,"geometry":{"type":"LineString","coordinates":[[-106.12841,28.70657],[-106.12838,28.70645],[-106.12832,28.70637],[-106.128,28.70603],[-106.12785,28.70587]]},"properties":{"id":59,"nombre":"","clase":"primary"}},{"type":"Feature","id":60,"geometry":{"type":"LineString","coordinates":[[-106.11958,28.65202],[-106.11947,28.65202],[-106.1194,28.65201],[-106.11933,28.652],[-106.11927,28.65198]]},"properties":{"id":60,"nombre":"","clase":"secondary"}},{"type":"Feature","id":61,"geometry":{"type":"LineString","coordinates":[[-106.06198,28.65928],[-106.06178,28.65931],[-106.06162,28.65934],[-106.06139,28.65939]]},"properties":{"id":61,"nombre":"","clase":"trunk"}},{"type":"Feature","id":62,"geometry":{"type":"LineString","coordinates":[[-106.04709,28.65304],[-106.04746,28.65343],[-106.04765,28.65374],[-106.04781,28.65415],[-106.04801,28.65451],[-106.04815,28.65462],[-106.04835,28.65468],[-106.04856,28.65467],[-106.04874,28.6546],[-106.04885,28.65453],[-106.04919,28.65411],[-106.04949,28.65372],[-106.04963,28.65353]]},"properties":{"id":62,"nombre":"","clase":"trunk"}},{"type":"Feature","id":63,"geometry":{"type":"LineString","coordinates":[[-106.05069,28.6546],[-106.05064,28.65453],[-106.05055,28.65446],[-106.05011,28.65422],[-106.04979,28.65403],[-106.0497,28.6539],[-106.04965,28.65376],[-106.04963,28.65353]]},"properties":{"id":63,"nombre":"","clase":"trunk"}},{"type":"Feature","id":64,"geometry":{"type":"LineString","coordinates":[[-105.96228,28.593],[-105.96214,28.59268],[-105.96214,28.59252],[-105.96219,28.5924],[-105.96228,28.59231],[-105.96243,28.59222],[-105.96258,28.59218],[-105.96277,28.5922],[-105.96291,28.59226],[-105.96304,28.59235],[-105.96317,28.5925],[-105.96331,28.59274],[-105.96339,28.59298],[-105.9634,28.59325],[-105.96337,28.59367],[-105.9633,28.59408],[-105.96321,28.59445],[-105.96305,28.59465],[-105.96288,28.59474],[-105.96271,28.59475],[-105.96252,28.5947],[-105.96239,28.59459],[-105.96232,28.59443],[-105.96232,28.5943],[-105.96237,28.59415],[-105.96245,28.59405],[-105.96263,28.59396],[-105.96282,28.59396],[-105.96303,28.59401],[-105.96323,28.59409]]},"properties":{"id":64,"nombre":"","clase":"trunk"}},{"type":"Feature","id":65,"geometry":{"type":"LineString","coordinates":[[-105.96563,28.59469],[-105.96489,28.59437],[-105.96435,28.59399],[-105.96404,28.5937],[-105.96377,28.59334],[-105.96344,28.59277],[-105.9632,28.59182],[-105.96301,28.59112],[-105.96289,28.59069],[-105.96276,28.59034],[-105.96265,28.59012],[-105.96234,28.58965],[-105.96129,28.58851],[-105.96099,28.58814],[-105.96076,28.58775],[-105.96055,28.5873]]},"properties":{"id":65,"nombre":"","clase":"trunk"}},{"type":"Feature","id":66,"geometry":{"type":"LineString","coordinates":[[-105.96321,28.59445],[-105.96293,28.59577],[-105.96283,28.5963],[-105.96281,28.59656],[-105.96282,28.5968],[-105.96291,28.59738]]},"properties":{"id":66,"nombre":"","clase":"trunk"}},{"type":"Feature","id":67,"geometry":{"type":"LineString","coordinates":[[-105.96291,28.59645],[-105.96301,28.59604],[-105.96309,28.59579],[-105.96324,28.5955],[-105.96338,28.59532],[-105.96359,28.59513],[-105.96386,28.59497],[-105.96417,28.59484],[-105.96448,28.59478],[-105.96485,28.59476],[-105.9653,28.59478]]},"properties":{"id":67,"nombre":"","clase":"trunk"}},{"type":"Feature","id":68,"geometry":{"type":"LineString","coordinates":[[-105.96291,28.59645],[-105.96294,28.59615],[-105.96306,28.59562],[-105.96344,28.59383],[-105.96348,28.59355],[-105.96348,28.59318],[-105.96344,28.59277]]},"properties":{"id":68,"nombre":"","clase":"trunk"}},{"type":"Feature","id":69,"geometry":{"type":"LineString","coordinates":[[-105.96107,28.59016],[-105.96108,28.59066],[-105.96099,28.59091],[-105.9608,28.59109],[-105.96001,28.59132],[-105.95895,28.59162]]},"properties":{"id":69,"nombre":"","clase":"trunk"}},{"type":"Feature","id":70,"geometry":{"type":"LineString","coordinates":[[-106.10631,28.61104],[-106.10627,28.61107],[-106.10621,28.61109],[-106.10614,28.6111],[-106.10598,28.61111]]},"properties":{"id":70,"nombre":"","clase":"secondary"}},{"type":"Feature","id":71,"geometry":{"type":"LineString","coordinates":[[-106.08467,28.64001],[-106.08464,28.63975],[-106.0847,28.63952],[-106.08499,28.63894],[-106.08509,28.63854],[-106.08515,28.63817],[-106.08516,28.63779]]},"properties":{"id":71,"nombre":"","clase":"trunk"}},{"type":"Feature","id":72,"geometry":{"type":"LineString","coordinates":[[-106.13069,28.69624],[-106.13087,28.69596]]},"properties":{"id":72,"nombre":"","clase":"trunk"}},{"type":"Feature","id":73,"geometry":{"type":"LineString","coordinates":[[-106.14189,28.70225],[-106.14182,28.70228],[-106.14168,28.70228],[-106.14145,28.70224],[-106.141,28.70213]]},"properties":{"id":73,"nombre":"","clase":"primary"}},{"type":"Feature","id":74,"geometry":{"type":"LineString","coordinates":[[-106.13584,28.7032],[-106.13582,28.70297],[-106.13581,28.70282],[-106.13586,28.70271],[-106.1359,28.70266],[-106.13603,28.70258]]},"properties":{"id":74,"nombre":"","clase":"primary"}},{"type":"Feature","id":75,"geometry":{"type":"LineString","coordinates":[[-106.10171,28.67587],[-106.10171,28.67576],[-106.10161,28.67552]]},"properties":{"id":75,"nombre":"","clase":"primary"}},{"type":"Feature","id":76,"geometry":{"type":"LineString","coordinates":[[-106.09578,28.62339],[-106.09568,28.62312],[-106.09569,28.62288],[-106.09577,28.62246],[-106.09594,28.6223],[-106.09608,28.62221]]},"properties":{"id":76,"nombre":"","clase":"trunk"}},{"type":"Feature","id":77,"geometry":{"type":"LineString","coordinates":[[-106.13766,28.6979],[-106.13757,28.69765],[-106.13757,28.69747],[-106.13762,28.69728]]},"properties":{"id":77,"nombre":"","clase":"secondary"}},{"type":"Feature","id":78,"geometry":{"type":"LineString","coordinates":[[-106.06594,28.65189],[-106.06597,28.652],[-106.06603,28.65214],[-106.06617,28.65238],[-106.06625,28.65254],[-106.06623,28.65262],[-106.06614,28.65275]]},"properties":{"id":78,"nombre":"","clase":"trunk"}},{"type":"Feature","id":79,"geometry":{"type":"LineString","coordinates":[[-106.10277,28.60228],[-106.10291,28.60221],[-106.10302,28.60213],[-106.10307,28.60205],[-106.10311,28.60185],[-106.10309,28.60175],[-106.10305,28.60169],[-106.10294,28.60165],[-106.10286,28.60163],[-106.10274,28.60165],[-106.10266,28.60168],[-106.10252,28.60178],[-106.10243,28.60197],[-106.10241,28.60205],[-106.10243,28.60218],[-106.1024,28.60237],[-106.10229,28.60275]]},"properties":{"id":79,"nombre":"","clase":"secondary"}},{"type":"Feature","id":80,"geometry":{"type":"LineString","coordinates":[[-106.10604,28.60962],[-106.10482,28.61009],[-106.10452,28.61017],[-106.10432,28.61017]]},"properties":{"id":80,"nombre":"","clase":"trunk"}},{"type":"Feature","id":81,"geometry":{"type":"LineString","coordinates":[[-106.10604,28.60962],[-106.10569,28.60987],[-106.10545,28.6101],[-106.10502,28.61071],[-106.10487,28.61102],[-106.10456,28.61204]]},"properties":{"id":81,"nombre":"","clase":"trunk"}},{"type":"Feature","id":82,"geometry":{"type":"LineString","coordinates":[[-106.11023,28.60985],[-106.11047,28.60971],[-106.1105,28.60961],[-106.11048,28.60952],[-106.11035,28.6094]]},"properties":{"id":82,"nombre":"","clase":"trunk"}},{"type":"Feature","id":83,"geometry":{"type":"LineString","coordinates":[[-106.10416,28.61038],[-106.10421,28.6105],[-106.10456,28.61204]]},"properties":{"id":83,"nombre":"","clase":"trunk"}},{"type":"Feature","id":84,"geometry":{"type":"LineString","coordinates":[[-106.10481,28.6105],[-106.10477,28.61036],[-106.10481,28.61021],[-106.10499,28.61013],[-106.10517,28.6102],[-106.10525,28.61031],[-106.10525,28.61037]]},"properties":{"id":84,"nombre":"","clase":"trunk"}},{"type":"Feature","id":85,"geometry":{"type":"LineString","coordinates":[[-106.10577,28.61057],[-106.1059,28.61058],[-106.106,28.61062],[-106.10608,28.61073],[-106.10609,28.61082],[-106.10603,28.61093],[-106.10593,28.61099],[-106.10574,28.61099]]},"properties":{"id":85,"nombre":"","clase":"trunk"}},{"type":"Feature","id":86,"geometry":{"type":"LineString","coordinates":[[-106.10446,28.61057],[-106.10481,28.61068]]},"properties":{"id":86,"nombre":"","clase":"trunk"}},{"type":"Feature","id":87,"geometry":{"type":"LineString","coordinates":[[-106.10484,28.6111],[-106.10461,28.61113],[-106.10444,28.61102],[-106.10445,28.61084],[-106.10459,28.61072],[-106.10469,28.6107]]},"properties":{"id":87,"nombre":"","clase":"trunk"}},{"type":"Feature","id":88,"geometry":{"type":"LineString","coordinates":[[-106.10569,28.61124],[-106.10574,28.61143],[-106.10567,28.61155],[-106.10551,28.6116],[-106.10533,28.61151],[-106.10528,28.61136]]},"properties":{"id":88,"nombre":"","clase":"trunk"}},{"type":"Feature","id":89,"geometry":{"type":"LineString","coordinates":[[-106.09464,28.62209],[-106.09476,28.62203],[-106.09491,28.62207],[-106.095,28.62221],[-106.09498,28.62239],[-106.09492,28.62251]]},"properties":{"id":89,"nombre":"","clase":"trunk"}},{"type":"Feature","id":90,"geometry":{"type":"LineString","coordinates":[[-106.09465,28.62333],[-106.09487,28.62326],[-106.09514,28.62325],[-106.09544,28.62334],[-106.09569,28.62343]]},"properties":{"id":90,"nombre":"","clase":"trunk"}},{"type":"Feature","id":91,"geometry":{"type":"LineString","coordinates":[[-106.10198,28.60519],[-106.10207,28.60532],[-106.10212,28.60541],[-106.10218,28.60546]]},"properties":{"id":91,"nombre":"","clase":"trunk"}},{"type":"Feature","id":92,"geometry":{"type":"LineString","coordinates":[[-106.1287,28.65918],[-106.12881,28.65938],[-106.12898,28.66055],[-106.12911,28.66161],[-106.12918,28.66177]]},"properties":{"id":92,"nombre":"","clase":"trunk"}},{"type":"Feature","id":93,"geometry":{"type":"LineString","coordinates":[[-106.1295,28.66184],[-106.12931,28.66148]]},"properties":{"id":93,"nombre":"","clase":"trunk"}},{"type":"Feature","id":94,"geometry":{"type":"LineString","coordinates":[[-106.12942,28.66463],[-106.1293,28.6648],[-106.12917,28.66492],[-106.12906,28.66499]]},"properties":{"id":94,"nombre":"","clase":"primary"}},{"type":"Feature","id":95,"geometry":{"type":"LineString","coordinates":[[-106.13035,28.6647],[-106.13011,28.66464],[-106.12994,28.66455],[-106.12984,28.66448]]},"properties":{"id":95,"nombre":"","clase":"secondary"}},{"type":"Feature","id":96,"geometry":{"type":"LineString","coordinates":[[-106.12915,28.66547],[-106.1293,28.6655],[-106.1294,28.66554],[-106.12949,28.66561],[-106.12956,28.6657],[-106.1296,28.66576]]},"properties":{"id":96,"nombre":"","clase":"primary"}},{"type":"Feature","id":97,"geometry":{"type":"LineString","coordinates":[[-106.12884,28.66553],[-106.1289,28.66544],[-106.12895,28.66535],[-106.12895,28.66527],[-106.12891,28.66516],[-106.12885,28.66511],[-106.12875,28.66506]]},"properties":{"id":97,"nombre":"","clase":"primary"}},{"type":"Feature","id":98,"geometry":{"type":"LineString","coordinates":[[-106.12999,28.66562],[-106.13005,28.66552],[-106.13014,28.66536],[-106.13035,28.66519]]},"properties":{"id":98,"nombre":"","clase":"secondary"}},{"type":"Feature","id":99,"geometry":{"type":"LineString","coordinates":[[-106.12999,28.66562],[-106.1299,28.66559],[-106.12979,28.66559],[-106.12971,28.6656],[-106.12962,28.66563],[-106.12958,28.66566]]},"properties":{"id":99,"nombre":"","clase":"secondary"}},{"type":"Feature","id":100,"geometry":{"type":"LineString","coordinates":[[-106.10749,28.68129],[-106.10767,28.68132],[-106.10774,28.68133]]},"properties":{"id":100,"nombre":"","clase":"primary"}},{"type":"Feature","id":101,"geometry":{"type":"LineString","coordinates":[[-106.10678,28.68133],[-106.10716,28.68129],[-106.10736,28.68127],[-106.10749,28.68129]]},"properties":{"id":101,"nombre":"","clase":"primary"}},{"type":"Feature","id":102,"geometry":{"type":"LineString","coordinates":[[-106.10814,28.68116],[-106.10809,28.681],[-106.10812,28.68089],[-106.10817,28.68082]]},"properties":{"id":102,"nombre":"","clase":"primary"}},{"type":"Feature","id":103,"geometry":{"type":"LineString","coordinates":[[-106.10215,28.67601],[-106.10206,28.67602],[-106.10181,28.67587],[-106.10171,28.67587]]},"properties":{"id":103,"nombre":"","clase":"primary"}},{"type":"Feature","id":104,"geometry":{"type":"LineString","coordinates":[[-106.1071,28.68071],[-106.10708,28.68085],[-106.10702,28.68099],[-106.10693,28.68112],[-106.10685,28.68121]]},"properties":{"id":104,"nombre":"","clase":"primary"}},{"type":"Feature","id":105,"geometry":{"type":"LineString","coordinates":[[-106.10025,28.64444],[-106.10046,28.64431],[-106.10055,28.64428],[-106.10063,28.64427],[-106.10071,28.6443],[-106.10083,28.64437],[-106.10133,28.64479],[-106.10147,28.64487],[-106.10159,28.64491],[-106.10176,28.64492],[-106.10223,28.6449],[-106.10255,28.64488],[-106.10269,28.64486]]},"properties":{"id":105,"nombre":"","clase":"primary"}},{"type":"Feature","id":106,"geometry":{"type":"LineString","coordinates":[[-106.10776,28.64499],[-106.10767,28.64504]]},"properties":{"id":106,"nombre":"","clase":"primary"}},{"type":"Feature","id":107,"geometry":{"type":"LineString","coordinates":[[-106.07144,28.64958],[-106.07157,28.64969],[-106.07232,28.65036],[-106.07259,28.65058],[-106.07267,28.6506]]},"properties":{"id":107,"nombre":"","clase":"primary"}},{"type":"Feature","id":108,"geometry":{"type":"LineString","coordinates":[[-106.07188,28.64964],[-106.07181,28.64951],[-106.07182,28.64945],[-106.07186,28.64931]]},"properties":{"id":108,"nombre":"","clase":"trunk"}},{"type":"Feature","id":109,"geometry":{"type":"LineString","coordinates":[[-106.10844,28.62022],[-106.10861,28.62039],[-106.10875,28.62052],[-106.10892,28.62066],[-106.10913,28.62085]]},"properties":{"id":109,"nombre":"","clase":"trunk"}},{"type":"Feature","id":110,"geometry":{"type":"LineString","coordinates":[[-106.10916,28.6203],[-106.10905,28.62028],[-106.10893,28.62026],[-106.10882,28.62022],[-106.10871,28.62019]]},"properties":{"id":110,"nombre":"","clase":"trunk"}},{"type":"Feature","id":111,"geometry":{"type":"LineString","coordinates":[[-106.11171,28.62194],[-106.11164,28.62179],[-106.11161,28.62167],[-106.11162,28.62154],[-106.11163,28.6214]]},"properties":{"id":111,"nombre":"","clase":"secondary"}},{"type":"Feature","id":112,"geometry":{"type":"LineString","coordinates":[[-106.11344,28.62358],[-106.11376,28.62385],[-106.114,28.62406],[-106.1141,28.62414]]},"properties":{"id":112,"nombre":"","clase":"trunk"}},{"type":"Feature","id":113,"geometry":{"type":"LineString","coordinates":[[-106.11563,28.62574],[-106.11564,28.62564],[-106.11565,28.62558],[-106.1157,28.6255]]},"properties":{"id":113,"nombre":"","clase":"secondary"}},{"type":"Feature","id":114,"geometry":{"type":"LineString","coordinates":[[-105.99351,28.60282],[-105.99317,28.60238],[-105.99304,28.60213],[-105.99299,28.60188],[-105.99298,28.60153],[-105.99306,28.60122]]},"properties":{"id":114,"nombre":"","clase":"trunk"}},{"type":"Feature","id":115,"geometry":{"type":"LineString","coordinates":[[-106.07736,28.64356],[-106.07745,28.6436],[-106.07763,28.64369]]},"properties":{"id":115,"nombre":"","clase":"trunk"}},{"type":"Feature","id":116,"geometry":{"type":"LineString","coordinates":[[-106.06797,28.66166],[-106.06754,28.66126],[-106.06709,28.66087],[-106.06643,28.6604],[-106.06484,28.65964],[-106.06405,28.65932],[-106.06345,28.65927],[-106.06198,28.65928]]},"properties":{"id":116,"nombre":"","clase":"secondary"}},{"type":"Feature","id":117,"geometry":{"type":"LineString","coordinates":[[-106.06884,28.66267],[-106.06868,28.66241],[-106.06855,28.66224],[-106.06797,28.66166]]},"properties":{"id":117,"nombre":"","clase":"secondary"}},{"type":"Feature","id":118,"geometry":{"type":"LineString","coordinates":[[-106.08516,28.68901],[-106.08485,28.68897],[-106.08464,28.6889],[-106.08439,28.68873],[-106.08425,28.68856]]},"properties":{"id":118,"nombre":"","clase":"primary"}},{"type":"Feature","id":119,"geometry":{"type":"LineString","coordinates":[[-106.06298,28.65895],[-106.06249,28.65913],[-106.06198,28.65928]]},"properties":{"id":119,"nombre":"","clase":"trunk"}},{"type":"Feature","id":120,"geometry":{"type":"LineString","coordinates":[[-106.1075,28.61239],[-106.10757,28.61263]]},"properties":{"id":120,"nombre":"","clase":"secondary"}},{"type":"Feature","id":121,"geometry":{"type":"LineString","coordinates":[[-106.10822,28.61558],[-106.10826,28.6158],[-106.1084,28.61613]]},"properties":{"id":121,"nombre":"","clase":"trunk"}},{"type":"Feature","id":122,"geometry":{"type":"LineString","coordinates":[[-106.11647,28.60702],[-106.11639,28.60688]]},"properties":{"id":122,"nombre":"","clase":"primary"}},{"type":"Feature","id":123,"geometry":{"type":"LineString","coordinates":[[-106.12367,28.62926],[-106.12379,28.62933],[-106.12393,28.62937],[-106.124,28.62937]]},"properties":{"id":123,"nombre":"","clase":"secondary"}},{"type":"Feature","id":124,"geometry":{"type":"LineString","coordinates":[[-106.13111,28.64714],[-106.13095,28.64712],[-106.13076,28.64713],[-106.13043,28.64717],[-106.12936,28.64731],[-106.12911,28.64735],[-106.12871,28.64743],[-106.12851,28.64746],[-106.1278,28.64758],[-106.1268,28.64774],[-106.12651,28.64779],[-106.12629,28.64787]]},"properties":{"id":124,"nombre":"","clase":"primary"}},{"type":"Feature","id":125,"geometry":{"type":"LineString","coordinates":[[-106.1343,28.6475],[-106.1342,28.64757],[-106.13418,28.64768],[-106.13421,28.64774]]},"properties":{"id":125,"nombre":"","clase":"primary"}},{"type":"Feature","id":126,"geometry":{"type":"LineString","coordinates":[[-106.11273,28.60885],[-106.11268,28.60882],[-106.11261,28.60879],[-106.11252,28.60877]]},"properties":{"id":126,"nombre":"","clase":"primary"}},{"type":"Feature","id":127,"geometry":{"type":"LineString","coordinates":[[-106.02816,28.62099],[-106.02815,28.62129],[-106.02829,28.62181],[-106.02856,28.62268],[-106.02868,28.62286],[-106.02866,28.62309],[-106.0286,28.62319],[-106.02843,28.62335]]},"properties":{"id":127,"nombre":"","clase":"primary"}},{"type":"Feature","id":128,"geometry":{"type":"LineString","coordinates":[[-106.09346,28.64177],[-106.09439,28.64178],[-106.09506,28.64178],[-106.09534,28.64174]]},"properties":{"id":128,"nombre":"","clase":"primary"}},{"type":"Feature","id":129,"geometry":{"type":"LineString","coordinates":[[-106.13186,28.70267],[-106.1318,28.70282],[-106.13174,28.70288],[-106.13166,28.70293],[-106.13027,28.70322],[-106.12952,28.70339],[-106.12947,28.70344],[-106.12946,28.7035],[-106.12947,28.70357],[-106.12949,28.70362]]},"properties":{"id":129,"nombre":"","clase":"trunk"}},{"type":"Feature","id":130,"geometry":{"type":"LineString","coordinates":[[-106.13515,28.70286],[-106.13541,28.70289],[-106.13556,28.70293],[-106.13567,28.703],[-106.13577,28.70309],[-106.13584,28.7032]]},"properties":{"id":130,"nombre":"","clase":"trunk"}},{"type":"Feature","id":131,"geometry":{"type":"LineString","coordinates":[[-106.13944,28.71798],[-106.1393,28.71809]]},"properties":{"id":131,"nombre":"","clase":"primary"}},{"type":"Feature","id":132,"geometry":{"type":"LineString","coordinates":[[-106.1174,28.62727],[-106.11675,28.62702]]},"properties":{"id":132,"nombre":"","clase":"trunk"}},{"type":"Feature","id":133,"geometry":{"type":"LineString","coordinates":[[-106.12057,28.63189],[-106.1207,28.63195],[-106.12082,28.63194],[-106.12094,28.63183],[-106.12099,28.63172]]},"properties":{"id":133,"nombre":"","clase":"secondary"}},{"type":"Feature","id":134,"geometry":{"type":"LineString","coordinates":[[-106.12378,28.6423],[-106.1242,28.6428]]},"properties":{"id":134,"nombre":"","clase":"trunk"}},{"type":"Feature","id":135,"geometry":{"type":"LineString","coordinates":[[-106.12482,28.64389],[-106.12511,28.64456],[-106.12529,28.64494],[-106.1253,28.64501]]},"properties":{"id":135,"nombre":"","clase":"trunk"}},{"type":"Feature","id":136,"geometry":{"type":"LineString","coordinates":[[-106.12853,28.64723],[-106.12848,28.64739],[-106.12845,28.64744],[-106.12839,28.64748]]},"properties":{"id":136,"nombre":"","clase":"primary"}},{"type":"Feature","id":137,"geometry":{"type":"LineString","coordinates":[[-106.12889,28.6566],[-106.12902,28.65663]]},"properties":{"id":137,"nombre":"","clase":"secondary"}},{"type":"Feature","id":138,"geometry":{"type":"LineString","coordinates":[[-106.12864,28.65855],[-106.12856,28.65869],[-106.12844,28.6588],[-106.12833,28.65887]]},"properties":{"id":138,"nombre":"","clase":"secondary"}},{"type":"Feature","id":139,"geometry":{"type":"LineString","coordinates":[[-106.13195,28.69122],[-106.13177,28.69156]]},"properties":{"id":139,"nombre":"","clase":"trunk"}},{"type":"Feature","id":140,"geometry":{"type":"LineString","coordinates":[[-106.13142,28.69933],[-106.1313,28.69922]]},"properties":{"id":140,"nombre":"","clase":"trunk"}},{"type":"Feature","id":141,"geometry":{"type":"LineString","coordinates":[[-105.99659,28.67724],[-105.99638,28.67697],[-105.99631,28.67672],[-105.99632,28.67651],[-105.99636,28.67636]]},"properties":{"id":141,"nombre":"","clase":"primary"}},{"type":"Feature","id":142,"geometry":{"type":"LineString","coordinates":[[-105.99562,28.6775],[-105.99597,28.67695]]},"properties":{"id":142,"nombre":"","clase":"secondary"}},{"type":"Feature","id":143,"geometry":{"type":"LineString","coordinates":[[-105.99562,28.6775],[-105.99583,28.67736],[-105.996,28.67731],[-105.99635,28.67731],[-105.99649,28.67733]]},"properties":{"id":143,"nombre":"","clase":"primary"}},{"type":"Feature","id":144,"geometry":{"type":"LineString","coordinates":[[-106.01248,28.68822],[-106.01278,28.68865],[-106.0129,28.68892],[-106.01296,28.68914],[-106.01299,28.68944],[-106.01298,28.68972],[-106.01293,28.6899],[-106.01283,28.69007],[-106.01277,28.69021],[-106.0127,28.6904],[-106.0127,28.69057]]},"properties":{"id":144,"nombre":"","clase":"trunk"}},{"type":"Feature","id":145,"geometry":{"type":"LineString","coordinates":[[-106.07164,28.64898],[-106.07155,28.64898],[-106.07147,28.64897],[-106.07129,28.64895],[-106.07113,28.64893]]},"properties":{"id":145,"nombre":"","clase":"trunk"}},{"type":"Feature","id":146,"geometry":{"type":"LineString","coordinates":[[-106.13211,28.68861],[-106.13242,28.68876],[-106.13261,28.68881],[-106.1329,28.68887]]},"properties":{"id":146,"nombre":"","clase":"secondary"}},{"type":"Feature","id":147,"geometry":{"type":"LineString","coordinates":[[-106.1287,28.72299],[-106.12864,28.72301],[-106.12857,28.72307],[-106.12855,28.72311],[-106.12856,28.72317],[-106.1286,28.72323],[-106.12867,28.72326],[-106.12874,28.72326],[-106.12881,28.72323],[-106.12886,28.72316],[-106.12885,28.72308],[-106.12879,28.72301],[-106.1287,28.72299]]},"properties":{"id":147,"nombre":"","clase":"secondary"}},{"type":"Feature","id":148,"geometry":{"type":"LineString","coordinates":[[-106.10507,28.73217],[-106.10422,28.73247],[-106.10405,28.73254],[-106.10389,28.73263],[-106.1038,28.7327]]},"properties":{"id":148,"nombre":"","clase":"trunk"}},{"type":"Feature","id":149,"geometry":{"type":"LineString","coordinates":[[-106.13354,28.70757],[-106.13387,28.70778]]},"properties":{"id":149,"nombre":"","clase":"trunk"}},{"type":"Feature","id":150,"geometry":{"type":"LineString","coordinates":[[-106.13957,28.71383],[-106.13994,28.71407]]},"properties":{"id":150,"nombre":"","clase":"trunk"}},{"type":"Feature","id":151,"geometry":{"type":"LineString","coordinates":[[-106.13385,28.7273],[-106.13396,28.7272],[-106.13459,28.72701],[-106.13466,28.72696],[-106.13467,28.72689],[-106.13463,28.72676],[-106.1346,28.7267],[-106.13454,28.72668],[-106.13437,28.7267],[-106.13393,28.72682],[-106.13366,28.72687],[-106.13351,28.72688]]},"properties":{"id":151,"nombre":"","clase":"trunk"}},{"type":"Feature","id":152,"geometry":{"type":"LineString","coordinates":[[-106.15299,28.73764],[-106.1527,28.73779],[-106.15231,28.7379],[-106.15191,28.73807]]},"properties":{"id":152,"nombre":"","clase":"primary"}},{"type":"Feature","id":153,"geometry":{"type":"LineString","coordinates":[[-106.12407,28.74909],[-106.12414,28.749],[-106.12452,28.7488],[-106.12473,28.74866],[-106.12482,28.7486]]},"properties":{"id":153,"nombre":"","clase":"primary"}},{"type":"Feature","id":154,"geometry":{"type":"LineString","coordinates":[[-106.11184,28.732],[-106.11286,28.73234],[-106.11356,28.73252],[-106.11406,28.73257],[-106.11454,28.73257]]},"properties":{"id":154,"nombre":"","clase":"trunk"}},{"type":"Feature","id":155,"geometry":{"type":"LineString","coordinates":[[-106.16311,28.71341],[-106.16324,28.71344],[-106.1632,28.71339]]},"properties":{"id":155,"nombre":"","clase":"secondary"}},{"type":"Feature","id":156,"geometry":{"type":"LineString","coordinates":[[-106.16063,28.71378],[-106.16062,28.7139],[-106.16062,28.71399],[-106.16061,28.71416]]},"properties":{"id":156,"nombre":"","clase":"secondary"}},{"type":"Feature","id":157,"geometry":{"type":"LineString","coordinates":[[-106.02559,28.62507],[-106.02596,28.6248],[-106.02619,28.62467],[-106.02654,28.62459],[-106.0269,28.62462],[-106.02746,28.62482]]},"properties":{"id":157,"nombre":"","clase":"trunk"}},{"type":"Feature","id":158,"geometry":{"type":"LineString","coordinates":[[-106.16136,28.71414],[-106.1614,28.71396],[-106.16142,28.71385],[-106.16145,28.71374]]},"properties":{"id":158,"nombre":"","clase":"secondary"}},{"type":"Feature","id":159,"geometry":{"type":"LineString","coordinates":[[-106.02824,28.67231],[-106.0283,28.67196],[-106.02836,28.67172],[-106.02842,28.67158],[-106.02871,28.67121],[-106.02884,28.6711],[-106.02914,28.67094],[-106.02956,28.67074],[-106.02983,28.67056],[-106.02996,28.6704],[-106.03012,28.67016],[-106.03029,28.6698],[-106.03065,28.66919],[-106.03142,28.66791],[-106.03152,28.66781],[-106.03161,28.66774]]},"properties":{"id":159,"nombre":"","clase":"trunk"}},{"type":"Feature","id":160,"geometry":{"type":"LineString","coordinates":[[-106.03727,28.68525],[-106.03731,28.68514]]},"properties":{"id":160,"nombre":"","clase":"secondary"}},{"type":"Feature","id":161,"geometry":{"type":"LineString","coordinates":[[-106.12295,28.60158],[-106.12243,28.60241],[-106.12235,28.60264],[-106.12251,28.60282],[-106.1228,28.60278],[-106.12347,28.60214]]},"properties":{"id":161,"nombre":"","clase":"primary"}},{"type":"Feature","id":162,"geometry":{"type":"LineString","coordinates":[[-106.15865,28.58867],[-106.1585,28.5887]]},"properties":{"id":162,"nombre":"","clase":"secondary"}},{"type":"Feature","id":163,"geometry":{"type":"LineString","coordinates":[[-106.15668,28.59639],[-106.1567,28.59639],[-106.1568,28.59637]]},"properties":{"id":163,"nombre":"","clase":"secondary"}},{"type":"Feature","id":164,"geometry":{"type":"LineString","coordinates":[[-106.12862,28.64901],[-106.12867,28.64909]]},"properties":{"id":164,"nombre":"","clase":"secondary"}},{"type":"Feature","id":165,"geometry":{"type":"LineString","coordinates":[[-106.12191,28.60377],[-106.12233,28.60322],[-106.12237,28.60307],[-106.12227,28.60295],[-106.12205,28.60291],[-106.12153,28.60337]]},"properties":{"id":165,"nombre":"","clase":"primary"}},{"type":"Feature","id":166,"geometry":{"type":"LineString","coordinates":[[-106.1393,28.64834],[-106.13927,28.64845],[-106.13931,28.64854],[-106.13935,28.64858]]},"properties":{"id":166,"nombre":"","clase":"primary"}},{"type":"Feature","id":167,"geometry":{"type":"LineString","coordinates":[[-106.05645,28.65712],[-106.05638,28.65727],[-106.05603,28.65756],[-106.05573,28.65774],[-106.05547,28.65786],[-106.05537,28.65793],[-106.05515,28.65805],[-106.05493,28.65813],[-106.0547,28.65824],[-106.05456,28.65833]]},"properties":{"id":167,"nombre":"","clase":"trunk"}},{"type":"Feature","id":168,"geometry":{"type":"LineString","coordinates":[[-106.14378,28.70731],[-106.14365,28.70768],[-106.14351,28.7079],[-106.14329,28.7081],[-106.14312,28.70821]]},"properties":{"id":168,"nombre":"","clase":"primary"}},{"type":"Feature","id":169,"geometry":{"type":"LineString","coordinates":[[-106.15926,28.6581],[-106.15929,28.65822]]},"properties":{"id":169,"nombre":"","clase":"secondary"}},{"type":"Feature","id":170,"geometry":{"type":"LineString","coordinates":[[-105.97678,28.66816],[-105.97673,28.66824],[-105.97672,28.66833],[-105.97674,28.66843],[-105.97679,28.66852],[-105.97687,28.66859],[-105.97698,28.66863],[-105.97709,28.66865],[-105.97721,28.66864],[-105.9773,28.66859],[-105.97739,28.66853],[-105.97744,28.66844],[-105.97746,28.66835],[-105.97745,28.66825],[-105.97741,28.66816],[-105.97734,28.66809],[-105.97725,28.66803],[-105.97715,28.668],[-105.97707,28.668],[-105.97697,28.66802],[-105.97688,28.66806],[-105.9768,28.66812],[-105.97678,28.66816]]},"properties":{"id":170,"nombre":"","clase":"secondary"}},{"type":"Feature","id":171,"geometry":{"type":"LineString","coordinates":[[-105.97758,28.66895],[-105.9776,28.66874],[-105.97766,28.66864],[-105.97784,28.6685]]},"properties":{"id":171,"nombre":"","clase":"secondary"}},{"type":"Feature","id":172,"geometry":{"type":"LineString","coordinates":[[-105.98189,28.67475],[-105.98185,28.67476],[-105.98181,28.67479],[-105.98178,28.67482],[-105.98176,28.67487],[-105.98176,28.67492],[-105.98178,28.67496],[-105.9818,28.67498],[-105.98185,28.67501],[-105.9819,28.67502],[-105.98193,28.67502],[-105.98198,28.67501],[-105.98203,28.67498],[-105.98204,28.67496],[-105.98206,28.67492],[-105.98207,28.67488],[-105.98206,28.67483],[-105.98203,28.67479],[-105.98198,28.67477],[-105.98193,28.67475],[-105.98189,28.67475]]},"properties":{"id":172,"nombre":"","clase":"secondary"}},{"type":"Feature","id":173,"geometry":{"type":"LineString","coordinates":[[-105.9979,28.67237],[-105.998,28.67255],[-105.99803,28.67277],[-105.99799,28.67313]]},"properties":{"id":173,"nombre":"","clase":"primary"}},{"type":"Feature","id":174,"geometry":{"type":"LineString","coordinates":[[-106.02755,28.66886],[-106.02751,28.66927],[-106.02759,28.66949],[-106.02777,28.66968],[-106.02926,28.67022],[-106.02969,28.67032],[-106.02991,28.6703],[-106.03012,28.67016]]},"properties":{"id":174,"nombre":"","clase":"trunk"}},{"type":"Feature","id":175,"geometry":{"type":"LineString","coordinates":[[-106.02254,28.67931],[-106.02246,28.67933],[-106.02242,28.67939],[-106.02242,28.67943]]},"properties":{"id":175,"nombre":"","clase":"secondary"}},{"type":"Feature","id":176,"geometry":{"type":"LineString","coordinates":[[-106.02031,28.68078],[-106.02071,28.68052],[-106.02133,28.68012],[-106.02149,28.67999],[-106.02185,28.67957],[-106.02188,28.67948],[-106.02193,28.67942],[-106.02195,28.67935],[-106.02195,28.6793],[-106.02192,28.67922],[-106.02184,28.67916],[-106.02172,28.67914],[-106.02161,28.67918],[-106.02138,28.67942],[-106.02121,28.67953]]},"properties":{"id":176,"nombre":"","clase":"trunk"}},{"type":"Feature","id":177,"geometry":{"type":"LineString","coordinates":[[-106.03115,28.68412],[-106.03106,28.68415],[-106.03097,28.68423],[-106.03095,28.68435],[-106.03101,28.68447],[-106.03111,28.68452],[-106.03122,28.68452],[-106.03133,28.68447],[-106.0314,28.68437],[-106.03139,28.68425],[-106.03132,28.68417],[-106.03121,28.68413],[-106.03115,28.68412]]},"properties":{"id":177,"nombre":"","clase":"secondary"}},{"type":"Feature","id":178,"geometry":{"type":"LineString","coordinates":[[-106.09218,28.62361],[-106.09222,28.62374],[-106.09233,28.62414],[-106.09233,28.62421],[-106.09228,28.62429]]},"properties":{"id":178,"nombre":"","clase":"trunk"}},{"type":"Feature","id":179,"geometry":{"type":"LineString","coordinates":[[-105.97175,28.6273],[-105.97178,28.62773],[-105.97174,28.62794],[-105.97165,28.62813],[-105.97148,28.62835]]},"properties":{"id":179,"nombre":"","clase":"primary"}},{"type":"Feature","id":180,"geometry":{"type":"LineString","coordinates":[[-105.97622,28.64234],[-105.97487,28.63972],[-105.9735,28.63709]]},"properties":{"id":180,"nombre":"","clase":"secondary"}},{"type":"Feature","id":181,"geometry":{"type":"LineString","coordinates":[[-105.97622,28.64234],[-105.97676,28.64341],[-105.97691,28.64387],[-105.97699,28.64435],[-105.97703,28.64471],[-105.97711,28.64511],[-105.97722,28.64541],[-105.97741,28.64578],[-105.97801,28.64689],[-105.97836,28.64761]]},"properties":{"id":181,"nombre":"","clase":"secondary"}},{"type":"Feature","id":182,"geometry":{"type":"LineString","coordinates":[[-105.97204,28.62811],[-105.97195,28.6281],[-105.97182,28.62814],[-105.97142,28.6284],[-105.97104,28.62866],[-105.97074,28.6289],[-105.97056,28.62906],[-105.97026,28.62947],[-105.97011,28.62987],[-105.97008,28.63023],[-105.9701,28.63046],[-105.97018,28.63072],[-105.97038,28.63113],[-105.97283,28.63581],[-105.9735,28.63709]]},"properties":{"id":182,"nombre":"","clase":"secondary"}},{"type":"Feature","id":183,"geometry":{"type":"LineString","coordinates":[[-105.97204,28.62811],[-105.97207,28.62806],[-105.9721,28.62801],[-105.97211,28.62794]]},"properties":{"id":183,"nombre":"","clase":"primary"}},{"type":"Feature","id":184,"geometry":{"type":"LineString","coordinates":[[-105.97124,28.62861],[-105.97144,28.62853],[-105.97163,28.62851],[-105.9719,28.62856],[-105.97213,28.62871],[-105.97225,28.62888],[-105.97234,28.62901]]},"properties":{"id":184,"nombre":"","clase":"primary"}},{"type":"Feature","id":185,"geometry":{"type":"LineString","coordinates":[[-105.97124,28.62861],[-105.97154,28.62843],[-105.9719,28.62822],[-105.97198,28.62816],[-105.97204,28.62811]]},"properties":{"id":185,"nombre":"","clase":"secondary"}},{"type":"Feature","id":186,"geometry":{"type":"LineString","coordinates":[[-105.97074,28.6289],[-105.9708,28.62888],[-105.97094,28.62878],[-105.9711,28.62868],[-105.97124,28.62861]]},"properties":{"id":186,"nombre":"","clase":"secondary"}},{"type":"Feature","id":187,"geometry":{"type":"LineString","coordinates":[[-105.98002,28.65211],[-105.98,28.65194],[-105.98002,28.65174],[-105.98015,28.65133],[-105.98016,28.6511],[-105.98011,28.65093],[-105.97968,28.65013],[-105.97927,28.64933],[-105.97882,28.64848],[-105.97836,28.64761]]},"properties":{"id":187,"nombre":"","clase":"secondary"}},{"type":"Feature","id":188,"geometry":{"type":"LineString","coordinates":[[-105.98002,28.65211],[-105.98017,28.65313],[-105.98012,28.65331],[-105.97982,28.65391],[-105.97976,28.65414],[-105.97979,28.65442],[-105.98003,28.6554],[-105.98006,28.65557]]},"properties":{"id":188,"nombre":"","clase":"secondary"}},{"type":"Feature","id":189,"geometry":{"type":"LineString","coordinates":[[-105.97246,28.65772],[-105.97241,28.65755]]},"properties":{"id":189,"nombre":"","clase":"secondary"}},{"type":"Feature","id":190,"geometry":{"type":"LineString","coordinates":[[-105.97296,28.66087],[-105.97325,28.66178],[-105.97362,28.66241],[-105.97374,28.66237],[-105.97384,28.66231],[-105.97368,28.66164],[-105.97355,28.66114],[-105.97343,28.6607],[-105.97331,28.66027],[-105.97316,28.65983],[-105.97309,28.65961],[-105.97286,28.65891],[-105.97246,28.65772]]},"properties":{"id":190,"nombre":"","clase":"secondary"}},{"type":"Feature","id":191,"geometry":{"type":"LineString","coordinates":[[-105.97296,28.66087],[-105.97308,28.66083],[-105.97321,28.66079],[-105.97333,28.66074],[-105.97343,28.6607]]},"properties":{"id":191,"nombre":"","clase":"secondary"}},{"type":"Feature","id":192,"geometry":{"type":"LineString","coordinates":[[-105.97298,28.6613],[-105.97301,28.66129],[-105.97304,28.66129],[-105.97307,28.66129],[-105.97309,28.6613]]},"properties":{"id":192,"nombre":"","clase":"secondary"}},{"type":"Feature","id":193,"geometry":{"type":"LineString","coordinates":[[-106.1151,28.62498],[-106.11503,28.62479],[-106.11493,28.62463],[-106.1146,28.62418],[-106.11417,28.62362],[-106.11396,28.62341],[-106.11385,28.62332],[-106.11371,28.62324]]},"properties":{"id":193,"nombre":"","clase":"secondary"}},{"type":"Feature","id":194,"geometry":{"type":"LineString","coordinates":[[-106.11938,28.6294],[-106.11943,28.62943],[-106.1197,28.62976],[-106.11982,28.62983]]},"properties":{"id":194,"nombre":"","clase":"trunk"}},{"type":"Feature","id":195,"geometry":{"type":"LineString","coordinates":[[-106.03689,28.65749],[-106.03693,28.65734],[-106.03713,28.65699],[-106.03723,28.65678],[-106.03728,28.65659],[-106.03725,28.65639],[-106.03712,28.65623],[-106.03697,28.65616],[-106.0368,28.65615],[-106.03648,28.65619],[-106.03607,28.65624]]},"properties":{"id":195,"nombre":"","clase":"trunk"}},{"type":"Feature","id":196,"geometry":{"type":"LineString","coordinates":[[-106.12651,28.64793],[-106.12675,28.64793],[-106.12827,28.64778],[-106.12853,28.64778],[-106.12865,28.64783],[-106.12875,28.64791],[-106.12881,28.64801]]},"properties":{"id":196,"nombre":"","clase":"primary"}},{"type":"Feature","id":197,"geometry":{"type":"LineString","coordinates":[[-106.12926,28.64808],[-106.1293,28.64791],[-106.12939,28.64772],[-106.1295,28.64761],[-106.1307,28.64741],[-106.13117,28.64737],[-106.13127,28.64732]]},"properties":{"id":197,"nombre":"","clase":"primary"}},{"type":"Feature","id":198,"geometry":{"type":"LineString","coordinates":[[-106.12874,28.64704],[-106.12871,28.64688],[-106.12842,28.64657],[-106.12805,28.6463],[-106.12771,28.64621],[-106.12735,28.64623],[-106.12694,28.64637],[-106.12656,28.64671],[-106.12581,28.6474],[-106.12534,28.64766],[-106.12491,28.64778],[-106.12434,28.64783],[-106.12378,28.64782],[-106.12344,28.64785]]},"properties":{"id":198,"nombre":"","clase":"trunk"}},{"type":"Feature","id":199,"geometry":{"type":"LineString","coordinates":[[-106.12936,28.64731],[-106.12927,28.64746],[-106.12932,28.64758],[-106.12942,28.64762],[-106.1295,28.64761]]},"properties":{"id":199,"nombre":"","clase":"primary"}},{"type":"Feature","id":200,"geometry":{"type":"LineString","coordinates":[[-106.14378,28.65167],[-106.14368,28.65169],[-106.14358,28.65171],[-106.14351,28.65174]]},"properties":{"id":200,"nombre":"","clase":"secondary"}},{"type":"Feature","id":201,"geometry":{"type":"LineString","coordinates":[[-106.09895,28.64138],[-106.09951,28.64153],[-106.09987,28.64166],[-106.10021,28.64189],[-106.10036,28.64205]]},"properties":{"id":201,"nombre":"","clase":"primary"}},{"type":"Feature","id":202,"geometry":{"type":"LineString","coordinates":[[-106.11322,28.64706],[-106.11298,28.64719],[-106.11286,28.64725],[-106.11277,28.64729]]},"properties":{"id":202,"nombre":"","clase":"primary"}},{"type":"Feature","id":203,"geometry":{"type":"LineString","coordinates":[[-106.10807,28.64581],[-106.1082,28.6462],[-106.10842,28.6465],[-106.10872,28.64673],[-106.10903,28.64686],[-106.10977,28.64702],[-106.11077,28.6472]]},"properties":{"id":203,"nombre":"","clase":"primary"}},{"type":"Feature","id":204,"geometry":{"type":"LineString","coordinates":[[-106.09405,28.64163],[-106.09382,28.64163],[-106.09366,28.64165],[-106.0935,28.64167]]},"properties":{"id":204,"nombre":"","clase":"primary"}},{"type":"Feature","id":205,"geometry":{"type":"LineString","coordinates":[[-106.09405,28.64163],[-106.09391,28.64156],[-106.09382,28.64147],[-106.09377,28.64136],[-106.09375,28.64116]]},"properties":{"id":205,"nombre":"","clase":"primary"}},{"type":"Feature","id":206,"geometry":{"type":"LineString","coordinates":[[-106.08343,28.63223],[-106.0833,28.63208],[-106.08318,28.63202],[-106.08302,28.63203],[-106.08294,28.63206]]},"properties":{"id":206,"nombre":"","clase":"secondary"}},{"type":"Feature","id":207,"geometry":{"type":"LineString","coordinates":[[-106.08051,28.64076],[-106.08077,28.64079],[-106.08096,28.64083],[-106.08114,28.64087]]},"properties":{"id":207,"nombre":"","clase":"primary"}},{"type":"Feature","id":208,"geometry":{"type":"LineString","coordinates":[[-106.06721,28.65234],[-106.0673,28.65231],[-106.06741,28.65225],[-106.06756,28.65216]]},"properties":{"id":208,"nombre":"","clase":"trunk"}},{"type":"Feature","id":209,"geometry":{"type":"LineString","coordinates":[[-106.06864,28.65085],[-106.06859,28.65099],[-106.06862,28.6511],[-106.06873,28.65119],[-106.06892,28.65123],[-106.069,28.65124]]},"properties":{"id":209,"nombre":"","clase":"trunk"}},{"type":"Feature","id":210,"geometry":{"type":"LineString","coordinates":[[-106.14789,28.72314],[-106.14801,28.72302],[-106.14809,28.72292],[-106.14812,28.72284],[-106.14812,28.72277],[-106.14806,28.72268],[-106.14797,28.72264],[-106.14783,28.72265],[-106.14766,28.7227],[-106.14735,28.72282]]},"properties":{"id":210,"nombre":"","clase":"trunk"}},{"type":"Feature","id":211,"geometry":{"type":"LineString","coordinates":[[-106.14886,28.72201],[-106.14871,28.72222],[-106.1487,28.72234],[-106.14873,28.72241],[-106.14881,28.72246],[-106.14894,28.72246],[-106.1492,28.72243]]},"properties":{"id":211,"nombre":"","clase":"trunk"}},{"type":"Feature","id":212,"geometry":{"type":"LineString","coordinates":[[-106.14875,28.72214],[-106.14861,28.72224],[-106.14831,28.72241],[-106.14823,28.72244]]},"properties":{"id":212,"nombre":"","clase":"trunk"}},{"type":"Feature","id":213,"geometry":{"type":"LineString","coordinates":[[-106.14398,28.70833],[-106.14409,28.7085],[-106.14417,28.70856],[-106.14427,28.70858],[-106.14439,28.70853],[-106.14444,28.70849],[-106.14447,28.70845]]},"properties":{"id":213,"nombre":"","clase":"primary"}},{"type":"Feature","id":214,"geometry":{"type":"LineString","coordinates":[[-106.13864,28.70176],[-106.13859,28.70181],[-106.13857,28.70188],[-106.1386,28.70217]]},"properties":{"id":214,"nombre":"","clase":"primary"}},{"type":"Feature","id":215,"geometry":{"type":"LineString","coordinates":[[-106.13725,28.69749],[-106.13716,28.69757]]},"properties":{"id":215,"nombre":"","clase":"secondary"}},{"type":"Feature","id":216,"geometry":{"type":"LineString","coordinates":[[-106.13726,28.69766],[-106.13735,28.69758]]},"properties":{"id":216,"nombre":"","clase":"secondary"}},{"type":"Feature","id":217,"geometry":{"type":"LineString","coordinates":[[-106.14308,28.72434],[-106.14293,28.72443],[-106.14289,28.72456],[-106.1429,28.72468],[-106.14297,28.72479],[-106.14305,28.72484]]},"properties":{"id":217,"nombre":"","clase":"trunk"}},{"type":"Feature","id":218,"geometry":{"type":"LineString","coordinates":[[-106.14263,28.72487],[-106.14276,28.72477],[-106.14282,28.72464],[-106.14281,28.72453],[-106.1427,28.72441],[-106.14251,28.72437]]},"properties":{"id":218,"nombre":"","clase":"trunk"}},{"type":"Feature","id":219,"geometry":{"type":"LineString","coordinates":[[-106.13055,28.72802],[-106.13031,28.72817],[-106.12963,28.72846],[-106.12888,28.72877],[-106.12881,28.72883],[-106.1288,28.72888],[-106.1289,28.72907],[-106.12894,28.72909],[-106.12901,28.72908],[-106.12968,28.72883],[-106.13039,28.72855],[-106.13085,28.72844]]},"properties":{"id":219,"nombre":"","clase":"trunk"}},{"type":"Feature","id":220,"geometry":{"type":"LineString","coordinates":[[-106.12171,28.73193],[-106.12255,28.73109],[-106.12305,28.73073],[-106.12337,28.73057],[-106.12373,28.73047],[-106.12415,28.73038],[-106.12441,28.73033]]},"properties":{"id":220,"nombre":"","clase":"trunk"}},{"type":"Feature","id":221,"geometry":{"type":"LineString","coordinates":[[-106.11414,28.73171],[-106.11412,28.73185],[-106.11405,28.73197],[-106.11384,28.73202]]},"properties":{"id":221,"nombre":"","clase":"trunk"}},{"type":"Feature","id":222,"geometry":{"type":"LineString","coordinates":[[-106.11107,28.73169],[-106.11184,28.732]]},"properties":{"id":222,"nombre":"","clase":"trunk"}},{"type":"Feature","id":223,"geometry":{"type":"LineString","coordinates":[[-106.10606,28.7318],[-106.10555,28.73198],[-106.10507,28.73217]]},"properties":{"id":223,"nombre":"","clase":"trunk"}},{"type":"Feature","id":224,"geometry":{"type":"LineString","coordinates":[[-106.10649,28.73136],[-106.10642,28.73156],[-106.10632,28.73169],[-106.10606,28.7318]]},"properties":{"id":224,"nombre":"","clase":"trunk"}},{"type":"Feature","id":225,"geometry":{"type":"LineString","coordinates":[[-106.10445,28.73303],[-106.10583,28.73253],[-106.10668,28.73226],[-106.10686,28.7322]]},"properties":{"id":225,"nombre":"","clase":"trunk"}},{"type":"Feature","id":226,"geometry":{"type":"LineString","coordinates":[[-106.1038,28.73321],[-106.10396,28.73317],[-106.10409,28.73314],[-106.10424,28.7331],[-106.10445,28.73303]]},"properties":{"id":226,"nombre":"","clase":"trunk"}},{"type":"Feature","id":227,"geometry":{"type":"LineString","coordinates":[[-106.10668,28.73226],[-106.10679,28.7323],[-106.10686,28.73232],[-106.10693,28.73236]]},"properties":{"id":227,"nombre":"","clase":"trunk"}},{"type":"Feature","id":228,"geometry":{"type":"LineString","coordinates":[[-106.13143,28.70011],[-106.13141,28.70044]]},"properties":{"id":228,"nombre":"","clase":"trunk"}},{"type":"Feature","id":229,"geometry":{"type":"LineString","coordinates":[[-106.13055,28.69768],[-106.13074,28.69795]]},"properties":{"id":229,"nombre":"","clase":"trunk"}},{"type":"Feature","id":230,"geometry":{"type":"LineString","coordinates":[[-106.13212,28.69134],[-106.13231,28.69094]]},"properties":{"id":230,"nombre":"","clase":"trunk"}},{"type":"Feature","id":231,"geometry":{"type":"LineString","coordinates":[[-106.13573,28.68091],[-106.13572,28.68151]]},"properties":{"id":231,"nombre":"","clase":"trunk"}},{"type":"Feature","id":232,"geometry":{"type":"LineString","coordinates":[[-106.13607,28.68155],[-106.13593,28.68123]]},"properties":{"id":232,"nombre":"","clase":"trunk"}},{"type":"Feature","id":233,"geometry":{"type":"LineString","coordinates":[[-106.13363,28.67247],[-106.13406,28.67297]]},"properties":{"id":233,"nombre":"","clase":"trunk"}},{"type":"Feature","id":234,"geometry":{"type":"LineString","coordinates":[[-106.13417,28.67287],[-106.13398,28.67238]]},"properties":{"id":234,"nombre":"","clase":"trunk"}},{"type":"Feature","id":235,"geometry":{"type":"LineString","coordinates":[[-106.13205,28.67121],[-106.13235,28.67111],[-106.13249,28.6711],[-106.13266,28.67115],[-106.13282,28.67125]]},"properties":{"id":235,"nombre":"","clase":"primary"}},{"type":"Feature","id":236,"geometry":{"type":"LineString","coordinates":[[-106.13223,28.67041],[-106.13229,28.67063],[-106.13228,28.67079],[-106.13224,28.67091],[-106.13214,28.67105]]},"properties":{"id":236,"nombre":"","clase":"primary"}},{"type":"Feature","id":237,"geometry":{"type":"LineString","coordinates":[[-106.13121,28.66839],[-106.13104,28.66802],[-106.13093,28.66779],[-106.13083,28.66758]]},"properties":{"id":237,"nombre":"","clase":"trunk"}},{"type":"Feature","id":238,"geometry":{"type":"LineString","coordinates":[[-106.12925,28.64995],[-106.12948,28.65024]]},"properties":{"id":238,"nombre":"","clase":"trunk"}},{"type":"Feature","id":239,"geometry":{"type":"LineString","coordinates":[[-106.12404,28.64182],[-106.12397,28.64178],[-106.12357,28.6412],[-106.12344,28.64111]]},"properties":{"id":239,"nombre":"","clase":"trunk"}},{"type":"Feature","id":240,"geometry":{"type":"LineString","coordinates":[[-106.12131,28.63243],[-106.12113,28.6323],[-106.12096,28.63231],[-106.12087,28.63238],[-106.12086,28.63254],[-106.12085,28.63285]]},"properties":{"id":240,"nombre":"","clase":"secondary"}},{"type":"Feature","id":241,"geometry":{"type":"LineString","coordinates":[[-106.12278,28.63893],[-106.1226,28.63923]]},"properties":{"id":241,"nombre":"","clase":"secondary"}},{"type":"Feature","id":242,"geometry":{"type":"LineString","coordinates":[[-106.12172,28.63468],[-106.12196,28.63498]]},"properties":{"id":242,"nombre":"","clase":"trunk"}},{"type":"Feature","id":243,"geometry":{"type":"LineString","coordinates":[[-106.11571,28.62585],[-106.11554,28.62581],[-106.11539,28.62583],[-106.11528,28.62592],[-106.11524,28.62604]]},"properties":{"id":243,"nombre":"","clase":"secondary"}},{"type":"Feature","id":244,"geometry":{"type":"LineString","coordinates":[[-106.11492,28.6256],[-106.11506,28.62562],[-106.11519,28.62559],[-106.11528,28.62551],[-106.11533,28.62539],[-106.11534,28.62533]]},"properties":{"id":244,"nombre":"","clase":"secondary"}},{"type":"Feature","id":245,"geometry":{"type":"LineString","coordinates":[[-106.11139,28.62174],[-106.11129,28.62173],[-106.11121,28.62175],[-106.11109,28.62183],[-106.11103,28.62191],[-106.11103,28.62197],[-106.11112,28.62218]]},"properties":{"id":245,"nombre":"","clase":"secondary"}},{"type":"Feature","id":246,"geometry":{"type":"LineString","coordinates":[[-106.09277,28.63876],[-106.09267,28.63919],[-106.09266,28.63928],[-106.09266,28.6394]]},"properties":{"id":246,"nombre":"","clase":"secondary"}},{"type":"Feature","id":247,"geometry":{"type":"LineString","coordinates":[[-106.10255,28.60227],[-106.10266,28.60229],[-106.10271,28.60229],[-106.10277,28.60228]]},"properties":{"id":247,"nombre":"","clase":"secondary"}},{"type":"Feature","id":248,"geometry":{"type":"LineString","coordinates":[[-106.10243,28.60218],[-106.10248,28.60223],[-106.10255,28.60227]]},"properties":{"id":248,"nombre":"","clase":"secondary"}},{"type":"Feature","id":249,"geometry":{"type":"LineString","coordinates":[[-106.10514,28.59945],[-106.10476,28.59973],[-106.10416,28.60032],[-106.10384,28.60063],[-106.10322,28.60126]]},"properties":{"id":249,"nombre":"","clase":"trunk"}},{"type":"Feature","id":250,"geometry":{"type":"LineString","coordinates":[[-106.10322,28.60126],[-106.10298,28.6015],[-106.10297,28.60152],[-106.10293,28.60155],[-106.10288,28.60163]]},"properties":{"id":250,"nombre":"","clase":"secondary"}},{"type":"Feature","id":251,"geometry":{"type":"LineString","coordinates":[[-106.1103,28.5898],[-106.11034,28.58998],[-106.11036,28.59017],[-106.11048,28.59022]]},"properties":{"id":251,"nombre":"","clase":"trunk"}},{"type":"Feature","id":252,"geometry":{"type":"LineString","coordinates":[[-106.11073,28.58946],[-106.11059,28.58959],[-106.11044,28.58966],[-106.11032,28.58969]]},"properties":{"id":252,"nombre":"","clase":"trunk"}},{"type":"Feature","id":253,"geometry":{"type":"LineString","coordinates":[[-106.10203,28.58487],[-106.10204,28.58475],[-106.10201,28.58469],[-106.10191,28.58465]]},"properties":{"id":253,"nombre":"","clase":"trunk"}},{"type":"Feature","id":254,"geometry":{"type":"LineString","coordinates":[[-106.09375,28.63994],[-106.09393,28.64025],[-106.09397,28.64042],[-106.09398,28.64065]]},"properties":{"id":254,"nombre":"","clase":"secondary"}},{"type":"Feature","id":255,"geometry":{"type":"LineString","coordinates":[[-106.10117,28.65867],[-106.10124,28.65866],[-106.1013,28.65864],[-106.10134,28.65859]]},"properties":{"id":255,"nombre":"","clase":"primary"}},{"type":"Feature","id":256,"geometry":{"type":"LineString","coordinates":[[-106.09903,28.65312],[-106.09888,28.65307],[-106.09886,28.65306],[-106.09883,28.65304],[-106.09876,28.65298]]},"properties":{"id":256,"nombre":"","clase":"primary"}},{"type":"Feature","id":257,"geometry":{"type":"LineString","coordinates":[[-106.09096,28.65607],[-106.09099,28.65625],[-106.09099,28.65638],[-106.09097,28.65655]]},"properties":{"id":257,"nombre":"","clase":"primary"}},{"type":"Feature","id":258,"geometry":{"type":"LineString","coordinates":[[-106.07997,28.65678],[-106.0799,28.65663],[-106.0799,28.65649],[-106.07991,28.65643]]},"properties":{"id":258,"nombre":"","clase":"primary"}},{"type":"Feature","id":259,"geometry":{"type":"LineString","coordinates":[[-106.07945,28.65684],[-106.07954,28.65682],[-106.07963,28.6568],[-106.07973,28.65681],[-106.07982,28.65683]]},"properties":{"id":259,"nombre":"","clase":"primary"}},{"type":"Feature","id":260,"geometry":{"type":"LineString","coordinates":[[-106.09159,28.65646],[-106.09156,28.65633],[-106.09155,28.65622],[-106.09156,28.65604]]},"properties":{"id":260,"nombre":"","clase":"primary"}},{"type":"Feature","id":261,"geometry":{"type":"LineString","coordinates":[[-106.09136,28.65581],[-106.09126,28.65591],[-106.09119,28.65595],[-106.09109,28.65596],[-106.09101,28.65593]]},"properties":{"id":261,"nombre":"","clase":"primary"}},{"type":"Feature","id":262,"geometry":{"type":"LineString","coordinates":[[-106.09968,28.62468],[-106.09958,28.62459],[-106.09951,28.62453],[-106.09945,28.62446],[-106.09938,28.62432]]},"properties":{"id":262,"nombre":"","clase":"primary"}},{"type":"Feature","id":263,"geometry":{"type":"LineString","coordinates":[[-106.11245,28.64416],[-106.11239,28.644],[-106.11234,28.64382],[-106.11209,28.64393],[-106.11194,28.64397]]},"properties":{"id":263,"nombre":"","clase":"secondary"}},{"type":"Feature","id":264,"geometry":{"type":"LineString","coordinates":[[-106.11214,28.64433],[-106.11225,28.64426],[-106.11238,28.64421]]},"properties":{"id":264,"nombre":"","clase":"secondary"}},{"type":"Feature","id":265,"geometry":{"type":"LineString","coordinates":[[-106.11191,28.64405],[-106.11199,28.6441],[-106.11203,28.64416],[-106.11205,28.64421],[-106.11206,28.64429]]},"properties":{"id":265,"nombre":"","clase":"secondary"}},{"type":"Feature","id":266,"geometry":{"type":"LineString","coordinates":[[-105.96201,28.59107],[-105.96223,28.59111],[-105.96253,28.5912],[-105.96274,28.59131],[-105.96286,28.59141],[-105.96297,28.59154],[-105.96307,28.5917],[-105.96315,28.59192],[-105.96333,28.59266],[-105.96336,28.59284]]},"properties":{"id":266,"nombre":"","clase":"trunk"}},{"type":"Feature","id":267,"geometry":{"type":"LineString","coordinates":[[-105.96237,28.59115],[-105.96258,28.59129],[-105.96269,28.59144],[-105.96272,28.59157],[-105.96267,28.59176],[-105.96257,28.5919],[-105.96242,28.592],[-105.96224,28.59203],[-105.96206,28.59202],[-105.96188,28.59193],[-105.96177,28.59182],[-105.96164,28.59163]]},"properties":{"id":267,"nombre":"","clase":"trunk"}},{"type":"Feature","id":268,"geometry":{"type":"LineString","coordinates":[[-105.9632,28.59182],[-105.96303,28.59154],[-105.96294,28.59141],[-105.96284,28.59133],[-105.96273,28.59124],[-105.96252,28.59114],[-105.96231,28.59108],[-105.96215,28.59105],[-105.96201,28.59107]]},"properties":{"id":268,"nombre":"","clase":"trunk"}},{"type":"Feature","id":269,"geometry":{"type":"LineString","coordinates":[[-106.02981,28.62306],[-106.02927,28.62308],[-106.0291,28.62304],[-106.02896,28.62295],[-106.0289,28.6229]]},"properties":{"id":269,"nombre":"","clase":"primary"}},{"type":"Feature","id":270,"geometry":{"type":"LineString","coordinates":[[-106.02847,28.62351],[-106.02866,28.62357],[-106.0288,28.62365],[-106.02901,28.62387]]},"properties":{"id":270,"nombre":"","clase":"primary"}},{"type":"Feature","id":271,"geometry":{"type":"LineString","coordinates":[[-106.0875,28.66356],[-106.08753,28.66371],[-106.08748,28.66384],[-106.08735,28.66399]]},"properties":{"id":271,"nombre":"","clase":"primary"}},{"type":"Feature","id":272,"geometry":{"type":"LineString","coordinates":[[-106.06671,28.65227],[-106.06645,28.65233],[-106.06633,28.65232],[-106.06623,28.65219],[-106.06611,28.652],[-106.06606,28.65192],[-106.06601,28.65188]]},"properties":{"id":272,"nombre":"","clase":"trunk"}},{"type":"Feature","id":273,"geometry":{"type":"LineString","coordinates":[[-106.10255,28.58436],[-106.10248,28.58445],[-106.10247,28.5845],[-106.10248,28.58455],[-106.10256,28.58463]]},"properties":{"id":273,"nombre":"","clase":"trunk"}},{"type":"Feature","id":274,"geometry":{"type":"LineString","coordinates":[[-106.12515,28.60016],[-106.12492,28.60006],[-106.12452,28.6],[-106.12425,28.60004]]},"properties":{"id":274,"nombre":"","clase":"primary"}},{"type":"Feature","id":275,"geometry":{"type":"LineString","coordinates":[[-106.08677,28.62782],[-106.08657,28.62786],[-106.08647,28.62787],[-106.08638,28.62787],[-106.08618,28.62786]]},"properties":{"id":275,"nombre":"","clase":"secondary"}},{"type":"Feature","id":276,"geometry":{"type":"LineString","coordinates":[[-106.09018,28.62633],[-106.09033,28.62629],[-106.09069,28.62608],[-106.09093,28.62595],[-106.09118,28.62586],[-106.09144,28.6258],[-106.09165,28.62573]]},"properties":{"id":276,"nombre":"","clase":"trunk"}},{"type":"Feature","id":277,"geometry":{"type":"LineString","coordinates":[[-105.97041,28.72131],[-105.97005,28.72168],[-105.9698,28.7219],[-105.96948,28.72212],[-105.96905,28.72238],[-105.96852,28.72272],[-105.96801,28.72307]]},"properties":{"id":277,"nombre":"","clase":"secondary"}},{"type":"Feature","id":278,"geometry":{"type":"LineString","coordinates":[[-105.97744,28.70269],[-105.97795,28.70196],[-105.98008,28.69901],[-105.98285,28.69518]]},"properties":{"id":278,"nombre":"","clase":"secondary"}},{"type":"Feature","id":279,"geometry":{"type":"LineString","coordinates":[[-106.03181,28.66724],[-106.03172,28.6672],[-106.03154,28.66724],[-106.03144,28.66736],[-106.03141,28.66751],[-106.03144,28.66767],[-106.03161,28.66774],[-106.03177,28.66767],[-106.03184,28.66754],[-106.03185,28.66733],[-106.03181,28.66724]]},"properties":{"id":279,"nombre":"","clase":"trunk"}},{"type":"Feature","id":280,"geometry":{"type":"LineString","coordinates":[[-106.03172,28.6672],[-106.03165,28.66709],[-106.03163,28.667],[-106.03173,28.66673],[-106.03197,28.66628],[-106.03199,28.66622],[-106.03195,28.6661]]},"properties":{"id":280,"nombre":"","clase":"trunk"}},{"type":"Feature","id":281,"geometry":{"type":"LineString","coordinates":[[-106.03038,28.6696],[-106.03046,28.66918],[-106.03057,28.66871],[-106.03071,28.66836],[-106.03084,28.66807]]},"properties":{"id":281,"nombre":"","clase":"trunk"}},{"type":"Feature","id":282,"geometry":{"type":"LineString","coordinates":[[-106.16141,28.74558],[-106.16132,28.7458],[-106.16125,28.74602]]},"properties":{"id":282,"nombre":"","clase":"trunk"}},{"type":"Feature","id":283,"geometry":{"type":"LineString","coordinates":[[-105.97512,28.66373],[-105.9746,28.66302],[-105.97419,28.6627],[-105.97391,28.66246],[-105.97384,28.66231]]},"properties":{"id":283,"nombre":"","clase":"secondary"}},{"type":"Feature","id":284,"geometry":{"type":"LineString","coordinates":[[-106.16177,28.7459],[-106.16178,28.74558],[-106.16181,28.74539],[-106.16179,28.74523],[-106.16172,28.74516],[-106.16161,28.74514],[-106.16148,28.74509],[-106.16128,28.74497]]},"properties":{"id":284,"nombre":"","clase":"trunk"}},{"type":"Feature","id":285,"geometry":{"type":"LineString","coordinates":[[-106.16177,28.74516],[-106.1617,28.74504],[-106.16056,28.74298],[-106.15992,28.74178],[-106.15982,28.74164],[-106.15954,28.7415],[-106.15934,28.74143]]},"properties":{"id":285,"nombre":"","clase":"trunk"}},{"type":"Feature","id":286,"geometry":{"type":"LineString","coordinates":[[-106.16014,28.74328],[-106.16018,28.74365]]},"properties":{"id":286,"nombre":"","clase":"trunk"}},{"type":"Feature","id":287,"geometry":{"type":"LineString","coordinates":[[-106.14401,28.74023],[-106.14361,28.74028],[-106.14351,28.74029],[-106.14346,28.74028],[-106.14343,28.74027]]},"properties":{"id":287,"nombre":"","clase":"primary"}},{"type":"Feature","id":288,"geometry":{"type":"LineString","coordinates":[[-106.14874,28.73925],[-106.14892,28.73915],[-106.14949,28.73895],[-106.14977,28.73883]]},"properties":{"id":288,"nombre":"","clase":"primary"}},{"type":"Feature","id":289,"geometry":{"type":"LineString","coordinates":[[-106.15048,28.73846],[-106.1501,28.73849],[-106.14993,28.73852],[-106.1496,28.73861],[-106.14947,28.73861]]},"properties":{"id":289,"nombre":"","clase":"primary"}},{"type":"Feature","id":290,"geometry":{"type":"LineString","coordinates":[[-106.12496,28.74831],[-106.12472,28.74837],[-106.1244,28.7485],[-106.1243,28.74852],[-106.1242,28.74853]]},"properties":{"id":290,"nombre":"","clase":"primary"}},{"type":"Feature","id":291,"geometry":{"type":"LineString","coordinates":[[-106.12606,28.74807],[-106.12617,28.74807],[-106.1264,28.74799],[-106.12657,28.74793],[-106.12672,28.7479]]},"properties":{"id":291,"nombre":"","clase":"primary"}},{"type":"Feature","id":292,"geometry":{"type":"LineString","coordinates":[[-106.12671,28.74743],[-106.12656,28.74754],[-106.12628,28.7477],[-106.12621,28.74777]]},"properties":{"id":292,"nombre":"","clase":"primary"}},{"type":"Feature","id":293,"geometry":{"type":"LineString","coordinates":[[-106.12904,28.74688],[-106.12923,28.74674],[-106.12975,28.74647],[-106.12998,28.74633]]},"properties":{"id":293,"nombre":"","clase":"primary"}},{"type":"Feature","id":294,"geometry":{"type":"LineString","coordinates":[[-106.12963,28.74627],[-106.12922,28.74639],[-106.12884,28.74653],[-106.12853,28.74662]]},"properties":{"id":294,"nombre":"","clase":"primary"}},{"type":"Feature","id":295,"geometry":{"type":"LineString","coordinates":[[-106.13066,28.74603],[-106.1313,28.74583],[-106.13152,28.74576],[-106.13173,28.7457]]},"properties":{"id":295,"nombre":"","clase":"primary"}},{"type":"Feature","id":296,"geometry":{"type":"LineString","coordinates":[[-106.13129,28.74541],[-106.13105,28.74556],[-106.13073,28.74573],[-106.13056,28.74583],[-106.13028,28.74599]]},"properties":{"id":296,"nombre":"","clase":"primary"}},{"type":"Feature","id":297,"geometry":{"type":"LineString","coordinates":[[-106.136,28.74384],[-106.13626,28.74365],[-106.13656,28.7435],[-106.13695,28.74327]]},"properties":{"id":297,"nombre":"","clase":"primary"}},{"type":"Feature","id":298,"geometry":{"type":"LineString","coordinates":[[-106.13715,28.74296],[-106.13687,28.74304],[-106.13648,28.74318],[-106.13617,28.74327]]},"properties":{"id":298,"nombre":"","clase":"primary"}},{"type":"Feature","id":299,"geometry":{"type":"LineString","coordinates":[[-106.13891,28.74242],[-106.13926,28.74235],[-106.13962,28.74221],[-106.13987,28.74214]]},"properties":{"id":299,"nombre":"","clase":"primary"}},{"type":"Feature","id":300,"geometry":{"type":"LineString","coordinates":[[-106.14002,28.74171],[-106.13962,28.74181],[-106.13917,28.74199],[-106.13893,28.74206]]},"properties":{"id":300,"nombre":"","clase":"primary"}},{"type":"Feature","id":301,"geometry":{"type":"LineString","coordinates":[[-106.14106,28.74163],[-106.14143,28.74138],[-106.14184,28.74119],[-106.14206,28.74103]]},"properties":{"id":301,"nombre":"","clase":"primary"}},{"type":"Feature","id":302,"geometry":{"type":"LineString","coordinates":[[-106.15237,28.73812],[-106.15285,28.73806],[-106.1532,28.73797],[-106.15331,28.73796],[-106.15347,28.73795]]},"properties":{"id":302,"nombre":"","clase":"primary"}},{"type":"Feature","id":303,"geometry":{"type":"LineString","coordinates":[[-106.1567,28.73653],[-106.15646,28.73653],[-106.15606,28.73665],[-106.15586,28.73665],[-106.15567,28.73656],[-106.15491,28.7358],[-106.15427,28.73519],[-106.15367,28.73473],[-106.15213,28.73314],[-106.15183,28.73283],[-106.15153,28.73253]]},"properties":{"id":303,"nombre":"","clase":"secondary"}},{"type":"Feature","id":304,"geometry":{"type":"LineString","coordinates":[[-106.14855,28.72946],[-106.14825,28.72915],[-106.14796,28.72883],[-106.14755,28.72831],[-106.14706,28.72757],[-106.1465,28.72658]]},"properties":{"id":304,"nombre":"","clase":"secondary"}},{"type":"Feature","id":305,"geometry":{"type":"LineString","coordinates":[[-106.14696,28.71411],[-106.14721,28.71409],[-106.14742,28.71412],[-106.14753,28.71413],[-106.14764,28.71415]]},"properties":{"id":305,"nombre":"","clase":"trunk"}},{"type":"Feature","id":306,"geometry":{"type":"LineString","coordinates":[[-106.14696,28.71411],[-106.14694,28.71404],[-106.14691,28.71401],[-106.14684,28.71399]]},"properties":{"id":306,"nombre":"","clase":"trunk"}},{"type":"Feature","id":307,"geometry":{"type":"LineString","coordinates":[[-106.1482,28.71402],[-106.14795,28.71396],[-106.14788,28.71396],[-106.14781,28.71398],[-106.14775,28.71405],[-106.14774,28.71412],[-106.14772,28.71423]]},"properties":{"id":307,"nombre":"","clase":"trunk"}},{"type":"Feature","id":308,"geometry":{"type":"LineString","coordinates":[[-106.14695,28.71339],[-106.14705,28.71359],[-106.14708,28.71372],[-106.14705,28.71386]]},"properties":{"id":308,"nombre":"","clase":"trunk"}},{"type":"Feature","id":309,"geometry":{"type":"LineString","coordinates":[[-106.14788,28.71327],[-106.14777,28.7133],[-106.14767,28.71332],[-106.14762,28.71331],[-106.1475,28.71326],[-106.14739,28.71319]]},"properties":{"id":309,"nombre":"","clase":"primary"}},{"type":"Feature","id":310,"geometry":{"type":"LineString","coordinates":[[-106.14794,28.71378],[-106.14791,28.71367],[-106.1479,28.71353],[-106.14792,28.71344],[-106.14793,28.71339]]},"properties":{"id":310,"nombre":"","clase":"trunk"}},{"type":"Feature","id":311,"geometry":{"type":"LineString","coordinates":[[-105.97524,28.66393],[-105.97512,28.66373]]},"properties":{"id":311,"nombre":"","clase":"secondary"}},{"type":"Feature","id":312,"geometry":{"type":"LineString","coordinates":[[-106.1024,28.60578],[-106.10239,28.6056],[-106.10232,28.6053],[-106.10231,28.6052]]},"properties":{"id":312,"nombre":"","clase":"trunk"}},{"type":"Feature","id":313,"geometry":{"type":"LineString","coordinates":[[-105.96818,28.72446],[-105.96927,28.72291],[-105.97013,28.72173],[-105.97034,28.72144],[-105.97041,28.72131]]},"properties":{"id":313,"nombre":"","clase":"secondary"}},{"type":"Feature","id":314,"geometry":{"type":"LineString","coordinates":[[-105.96876,28.7236],[-105.96881,28.72345],[-105.96886,28.72335],[-105.96887,28.72326],[-105.96885,28.72317],[-105.96881,28.72309],[-105.96875,28.72301],[-105.96866,28.72294],[-105.96858,28.72291],[-105.96846,28.72289],[-105.96835,28.72291],[-105.96814,28.72297]]},"properties":{"id":314,"nombre":"","clase":"secondary"}},{"type":"Feature","id":315,"geometry":{"type":"LineString","coordinates":[[-105.95868,28.58074],[-105.95863,28.58113],[-105.95847,28.58139],[-105.95813,28.58152],[-105.95776,28.58145],[-105.9575,28.5812],[-105.95745,28.58094],[-105.95762,28.58058]]},"properties":{"id":315,"nombre":"","clase":"trunk"}},{"type":"Feature","id":316,"geometry":{"type":"LineString","coordinates":[[-105.95898,28.57651],[-105.95869,28.57623],[-105.95822,28.57586],[-105.95791,28.57558],[-105.95771,28.57535],[-105.95752,28.57509]]},"properties":{"id":316,"nombre":"","clase":"trunk"}},{"type":"Feature","id":317,"geometry":{"type":"LineString","coordinates":[[-106.01364,28.64525],[-106.01368,28.64533],[-106.0137,28.6454],[-106.01371,28.64548],[-106.0137,28.64557]]},"properties":{"id":317,"nombre":"","clase":"primary"}},{"type":"Feature","id":318,"geometry":{"type":"LineString","coordinates":[[-106.01437,28.64537],[-106.0143,28.64529],[-106.01422,28.64517],[-106.01417,28.6451]]},"properties":{"id":318,"nombre":"","clase":"primary"}},{"type":"Feature","id":319,"geometry":{"type":"LineString","coordinates":[[-106.10659,28.7316],[-106.10632,28.73169]]},"properties":{"id":319,"nombre":"","clase":"trunk"}},{"type":"Feature","id":320,"geometry":{"type":"LineString","coordinates":[[-106.10689,28.71602],[-106.10703,28.71597]]},"properties":{"id":320,"nombre":"","clase":"primary"}},{"type":"Feature","id":321,"geometry":{"type":"LineString","coordinates":[[-106.07226,28.67752],[-106.07224,28.67733],[-106.07217,28.67707],[-106.07207,28.67686],[-106.0718,28.67628],[-106.07157,28.6759],[-106.07146,28.67571],[-106.07137,28.67554],[-106.07128,28.6753],[-106.07124,28.67513]]},"properties":{"id":321,"nombre":"","clase":"trunk"}},{"type":"Feature","id":322,"geometry":{"type":"LineString","coordinates":[[-106.06857,28.65151],[-106.06869,28.65152],[-106.06876,28.65153],[-106.06884,28.65154]]},"properties":{"id":322,"nombre":"","clase":"trunk"}},{"type":"Feature","id":323,"geometry":{"type":"LineString","coordinates":[[-106.13969,28.71321],[-106.13954,28.71322],[-106.13944,28.7132],[-106.1393,28.71307],[-106.13902,28.71279],[-106.13892,28.71275],[-106.13885,28.71273]]},"properties":{"id":323,"nombre":"","clase":"trunk"}},{"type":"Feature","id":324,"geometry":{"type":"LineString","coordinates":[[-106.11037,28.64713],[-106.11052,28.64708],[-106.11054,28.64699],[-106.11046,28.64689]]},"properties":{"id":324,"nombre":"","clase":"primary"}},{"type":"Feature","id":325,"geometry":{"type":"LineString","coordinates":[[-106.08089,28.63682],[-106.08074,28.63655],[-106.08073,28.6364],[-106.08075,28.63629]]},"properties":{"id":325,"nombre":"","clase":"primary"}},{"type":"Feature","id":326,"geometry":{"type":"LineString","coordinates":[[-106.13602,28.74866],[-106.13578,28.74865],[-106.13562,28.7486],[-106.13549,28.7485]]},"properties":{"id":326,"nombre":"","clase":"secondary"}},{"type":"Feature","id":327,"geometry":{"type":"LineString","coordinates":[[-106.03697,28.63247],[-106.03729,28.63274],[-106.03732,28.63276],[-106.03736,28.63278],[-106.03746,28.6328]]},"properties":{"id":327,"nombre":"","clase":"trunk"}},{"type":"Feature","id":328,"geometry":{"type":"LineString","coordinates":[[-106.03538,28.63102],[-106.03558,28.63119],[-106.03664,28.63216],[-106.03697,28.63247]]},"properties":{"id":328,"nombre":"","clase":"trunk"}},{"type":"Feature","id":329,"geometry":{"type":"LineString","coordinates":[[-106.09267,28.68646],[-106.09279,28.68647],[-106.09287,28.68649],[-106.09296,28.68656]]},"properties":{"id":329,"nombre":"","clase":"primary"}},{"type":"Feature","id":330,"geometry":{"type":"LineString","coordinates":[[-106.1056,28.71222],[-106.10549,28.71221],[-106.10543,28.7122],[-106.10536,28.71218],[-106.10522,28.71211]]},"properties":{"id":330,"nombre":"","clase":"primary"}},{"type":"Feature","id":331,"geometry":{"type":"LineString","coordinates":[[-106.08231,28.70926],[-106.08224,28.70929],[-106.08218,28.70933]]},"properties":{"id":331,"nombre":"","clase":"trunk"}},{"type":"Feature","id":332,"geometry":{"type":"LineString","coordinates":[[-106.15407,28.59284],[-106.15396,28.59291]]},"properties":{"id":332,"nombre":"","clase":"secondary"}},{"type":"Feature","id":333,"geometry":{"type":"LineString","coordinates":[[-106.06913,28.66312],[-106.0691,28.66322],[-106.06913,28.66331],[-106.06922,28.6634],[-106.06931,28.66348],[-106.06938,28.66351]]},"properties":{"id":333,"nombre":"","clase":"primary"}},{"type":"Feature","id":334,"geometry":{"type":"LineString","coordinates":[[-106.06983,28.66348],[-106.06993,28.66335],[-106.06998,28.66325],[-106.06998,28.66317],[-106.06995,28.66311],[-106.06988,28.66302]]},"properties":{"id":334,"nombre":"","clase":"primary"}},{"type":"Feature","id":335,"geometry":{"type":"LineString","coordinates":[[-106.06988,28.66302],[-106.06934,28.66304],[-106.06917,28.66304],[-106.06903,28.66298],[-106.06893,28.66286],[-106.06884,28.66267]]},"properties":{"id":335,"nombre":"","clase":"secondary"}},{"type":"Feature","id":336,"geometry":{"type":"LineString","coordinates":[[-106.15441,28.73575],[-106.15436,28.73562],[-106.15429,28.7355],[-106.1542,28.73538],[-106.15367,28.73473]]},"properties":{"id":336,"nombre":"","clase":"trunk"}},{"type":"Feature","id":337,"geometry":{"type":"LineString","coordinates":[[-106.12591,28.70503],[-106.12581,28.70495],[-106.12571,28.70494],[-106.12559,28.70499],[-106.12553,28.70509],[-106.12554,28.7052],[-106.12574,28.70531],[-106.12591,28.70534]]},"properties":{"id":337,"nombre":"","clase":"primary"}},{"type":"Feature","id":338,"geometry":{"type":"LineString","coordinates":[[-106.12534,28.70476],[-106.12522,28.70465],[-106.12522,28.7045],[-106.12533,28.70432],[-106.12547,28.70422],[-106.12572,28.70418],[-106.12585,28.70419],[-106.12595,28.70421]]},"properties":{"id":338,"nombre":"","clase":"primary"}},{"type":"Feature","id":339,"geometry":{"type":"LineString","coordinates":[[-106.12695,28.70431],[-106.12721,28.70443],[-106.12728,28.70452],[-106.12731,28.70465],[-106.12727,28.70478],[-106.12719,28.70487],[-106.12704,28.70492],[-106.12687,28.70491],[-106.12675,28.70487]]},"properties":{"id":339,"nombre":"","clase":"primary"}},{"type":"Feature","id":340,"geometry":{"type":"LineString","coordinates":[[-106.1266,28.70404],[-106.12663,28.70413],[-106.12662,28.70419],[-106.12661,28.70424],[-106.12658,28.70431]]},"properties":{"id":340,"nombre":"","clase":"primary"}},{"type":"Feature","id":341,"geometry":{"type":"LineString","coordinates":[[-106.1266,28.70404],[-106.12677,28.70409],[-106.12685,28.70407],[-106.1269,28.704],[-106.12687,28.70391],[-106.12681,28.70386]]},"properties":{"id":341,"nombre":"","clase":"primary"}},{"type":"Feature","id":342,"geometry":{"type":"LineString","coordinates":[[-106.12678,28.70469],[-106.12674,28.70457],[-106.12677,28.70443],[-106.12681,28.70437]]},"properties":{"id":342,"nombre":"","clase":"primary"}},{"type":"Feature","id":343,"geometry":{"type":"LineString","coordinates":[[-106.1259,28.70431],[-106.12595,28.70442],[-106.12592,28.70453],[-106.12589,28.70458]]},"properties":{"id":343,"nombre":"","clase":"primary"}},{"type":"Feature","id":344,"geometry":{"type":"LineString","coordinates":[[-106.12916,28.64767],[-106.12942,28.64762]]},"properties":{"id":344,"nombre":"","clase":"primary"}},{"type":"Feature","id":345,"geometry":{"type":"LineString","coordinates":[[-106.14968,28.65928],[-106.14977,28.65931]]},"properties":{"id":345,"nombre":"","clase":"secondary"}},{"type":"Feature","id":346,"geometry":{"type":"LineString","coordinates":[[-106.15139,28.6636],[-106.15136,28.66373],[-106.15142,28.66386],[-106.15155,28.66393],[-106.1517,28.66394],[-106.15184,28.66386],[-106.1519,28.66373],[-106.15187,28.6636],[-106.15176,28.6635],[-106.15161,28.66347],[-106.15148,28.66351],[-106.15139,28.6636]]},"properties":{"id":346,"nombre":"","clase":"secondary"}},{"type":"Feature","id":347,"geometry":{"type":"LineString","coordinates":[[-106.13963,28.6512],[-106.13963,28.65112],[-106.13959,28.65103]]},"properties":{"id":347,"nombre":"","clase":"secondary"}},{"type":"Feature","id":348,"geometry":{"type":"LineString","coordinates":[[-106.11065,28.72351],[-106.11055,28.72363],[-106.11048,28.72371]]},"properties":{"id":348,"nombre":"","clase":"primary"}},{"type":"Feature","id":349,"geometry":{"type":"LineString","coordinates":[[-106.12999,28.71999],[-106.13006,28.72008],[-106.13016,28.72026],[-106.13021,28.72044],[-106.13019,28.72062]]},"properties":{"id":349,"nombre":"","clase":"secondary"}},{"type":"Feature","id":350,"geometry":{"type":"LineString","coordinates":[[-106.09598,28.64171],[-106.09585,28.64166],[-106.09528,28.64163],[-106.09459,28.64163],[-106.09405,28.64163]]},"properties":{"id":350,"nombre":"","clase":"primary"}},{"type":"Feature","id":351,"geometry":{"type":"LineString","coordinates":[[-106.1007,28.58554],[-106.10152,28.58524],[-106.10188,28.58515],[-106.10224,28.5851],[-106.10261,28.58508],[-106.10298,28.5851],[-106.10334,28.58515],[-106.10367,28.58524],[-106.10395,28.58536],[-106.10426,28.5855],[-106.10452,28.58567],[-106.10483,28.58591],[-106.10507,28.58611],[-106.10571,28.58678],[-106.10679,28.58786],[-106.10735,28.58835],[-106.10768,28.58853],[-106.10839,28.5888]]},"properties":{"id":351,"nombre":"","clase":"trunk"}},{"type":"Feature","id":352,"geometry":{"type":"LineString","coordinates":[[-106.11197,28.58758],[-106.11223,28.58746],[-106.11244,28.58747],[-106.1127,28.58756],[-106.11283,28.58771],[-106.11291,28.58795],[-106.1129,28.58811],[-106.11278,28.58835],[-106.11255,28.5886],[-106.1124,28.5887],[-106.11226,28.58877],[-106.11193,28.58883],[-106.1117,28.5888],[-106.1115,28.58874],[-106.11121,28.58856],[-106.1099,28.58729],[-106.1098,28.58722]]},"properties":{"id":352,"nombre":"","clase":"trunk"}},{"type":"Feature","id":353,"geometry":{"type":"LineString","coordinates":[[-106.10839,28.5888],[-106.10855,28.58881],[-106.10883,28.58884],[-106.1091,28.58886],[-106.1107,28.58901],[-106.11166,28.58907],[-106.1119,28.58905],[-106.11225,28.58895],[-106.11255,28.58878],[-106.1128,28.58857],[-106.11299,28.58833],[-106.11307,28.5882],[-106.11312,28.58805],[-106.11315,28.58791],[-106.11314,28.58735],[-106.11315,28.58713],[-106.1132,28.5869],[-106.11328,28.58675],[-106.11357,28.58644]]},"properties":{"id":353,"nombre":"","clase":"trunk"}},{"type":"Feature","id":354,"geometry":{"type":"LineString","coordinates":[[-106.10839,28.5888],[-106.10847,28.58885],[-106.10863,28.58888],[-106.10883,28.5889],[-106.10916,28.58894],[-106.10948,28.58902],[-106.10967,28.58911],[-106.10979,28.58921],[-106.10994,28.58935],[-106.11004,28.58948],[-106.11011,28.5896],[-106.11015,28.58973],[-106.11019,28.5899],[-106.11019,28.59007],[-106.11015,28.59027],[-106.11008,28.59045],[-106.10969,28.59121],[-106.1089,28.59281],[-106.10873,28.59317],[-106.10858,28.59356],[-106.10855,28.59374]]},"properties":{"id":354,"nombre":"","clase":"trunk"}},{"type":"Feature","id":355,"geometry":{"type":"LineString","coordinates":[[-105.99262,28.60144],[-105.99243,28.60152],[-105.99218,28.60162],[-105.99194,28.60165],[-105.99149,28.60158]]},"properties":{"id":355,"nombre":"","clase":"trunk"}},{"type":"Feature","id":356,"geometry":{"type":"LineString","coordinates":[[-106.00275,28.68143],[-106.00275,28.68134],[-106.00275,28.68129],[-106.00276,28.68124],[-106.00279,28.68114]]},"properties":{"id":356,"nombre":"","clase":"primary"}},{"type":"Feature","id":357,"geometry":{"type":"LineString","coordinates":[[-106.00291,28.68103],[-106.00274,28.68109],[-106.00257,28.68114],[-106.00238,28.68117]]},"properties":{"id":357,"nombre":"","clase":"primary"}},{"type":"Feature","id":358,"geometry":{"type":"LineString","coordinates":[[-106.02424,28.62738],[-106.02419,28.62748],[-106.02405,28.62752],[-106.02395,28.62757]]},"properties":{"id":358,"nombre":"","clase":"primary"}},{"type":"Feature","id":359,"geometry":{"type":"LineString","coordinates":[[-106.02424,28.62705],[-106.02421,28.62719],[-106.02421,28.62725],[-106.02422,28.62731],[-106.02424,28.62738]]},"properties":{"id":359,"nombre":"","clase":"primary"}},{"type":"Feature","id":360,"geometry":{"type":"LineString","coordinates":[[-106.07863,28.6161],[-106.0785,28.61614],[-106.07837,28.61616],[-106.07821,28.61616]]},"properties":{"id":360,"nombre":"","clase":"secondary"}},{"type":"Feature","id":361,"geometry":{"type":"LineString","coordinates":[[-106.07817,28.61614],[-106.07827,28.61632],[-106.07829,28.61644],[-106.07829,28.61656]]},"properties":{"id":361,"nombre":"","clase":"secondary"}},{"type":"Feature","id":362,"geometry":{"type":"LineString","coordinates":[[-106.10966,28.71058],[-106.10971,28.71066]]},"properties":{"id":362,"nombre":"","clase":"primary"}},{"type":"Feature","id":363,"geometry":{"type":"LineString","coordinates":[[-106.05191,28.62184],[-106.05188,28.62172],[-106.05188,28.62165],[-106.05188,28.62159],[-106.0519,28.62151]]},"properties":{"id":363,"nombre":"","clase":"primary"}},{"type":"Feature","id":364,"geometry":{"type":"LineString","coordinates":[[-106.12404,28.70523],[-106.12409,28.70537]]},"properties":{"id":364,"nombre":"","clase":"primary"}},{"type":"Feature","id":365,"geometry":{"type":"LineString","coordinates":[[-106.13596,28.7095],[-106.13412,28.7076],[-106.13376,28.70719],[-106.13344,28.70673],[-106.13315,28.70624],[-106.13298,28.70593]]},"properties":{"id":365,"nombre":"","clase":"trunk"}},{"type":"Feature","id":366,"geometry":{"type":"LineString","coordinates":[[-106.13677,28.71056],[-106.13672,28.71034],[-106.13667,28.71027],[-106.13596,28.7095]]},"properties":{"id":366,"nombre":"","clase":"trunk"}},{"type":"Feature","id":367,"geometry":{"type":"LineString","coordinates":[[-106.15602,28.73678],[-106.15576,28.73683],[-106.15559,28.73687],[-106.15553,28.7369]]},"properties":{"id":367,"nombre":"","clase":"primary"}},{"type":"Feature","id":368,"geometry":{"type":"LineString","coordinates":[[-106.13585,28.74923],[-106.13589,28.74905],[-106.13594,28.74895],[-106.13604,28.74884]]},"properties":{"id":368,"nombre":"","clase":"secondary"}},{"type":"Feature","id":369,"geometry":{"type":"LineString","coordinates":[[-106.13932,28.74471],[-106.13916,28.74477]]},"properties":{"id":369,"nombre":"","clase":"secondary"}},{"type":"Feature","id":370,"geometry":{"type":"LineString","coordinates":[[-106.12192,28.73237],[-106.12203,28.73233]]},"properties":{"id":370,"nombre":"","clase":"secondary"}},{"type":"Feature","id":371,"geometry":{"type":"LineString","coordinates":[[-106.03527,28.66202],[-106.0351,28.66187],[-106.03493,28.66172],[-106.03486,28.66159],[-106.03481,28.66143],[-106.03486,28.66127],[-106.03533,28.66046],[-106.03549,28.66017],[-106.03603,28.65922],[-106.03642,28.65853],[-106.03666,28.65834],[-106.03692,28.65826],[-106.03713,28.65826],[-106.03758,28.65837],[-106.03719,28.65807],[-106.03709,28.65792],[-106.03703,28.65775],[-106.03701,28.65747],[-106.03704,28.65727]]},"properties":{"id":371,"nombre":"","clase":"trunk"}},{"type":"Feature","id":372,"geometry":{"type":"LineString","coordinates":[[-105.99671,28.67114],[-105.99642,28.67157]]},"properties":{"id":372,"nombre":"","clase":"secondary"}},{"type":"Feature","id":373,"geometry":{"type":"LineString","coordinates":[[-105.99357,28.66908],[-105.99325,28.66949]]},"properties":{"id":373,"nombre":"","clase":"secondary"}},{"type":"Feature","id":374,"geometry":{"type":"LineString","coordinates":[[-106.13688,28.69793],[-106.13726,28.69766]]},"properties":{"id":374,"nombre":"","clase":"secondary"}},{"type":"Feature","id":375,"geometry":{"type":"LineString","coordinates":[[-106.13688,28.69793],[-106.13709,28.69789],[-106.13727,28.69789],[-106.13759,28.69801]]},"properties":{"id":375,"nombre":"","clase":"secondary"}},{"type":"Feature","id":376,"geometry":{"type":"LineString","coordinates":[[-106.11658,28.62708],[-106.11675,28.62726],[-106.11688,28.62739],[-106.1173,28.62773],[-106.11738,28.6278]]},"properties":{"id":376,"nombre":"","clase":"trunk"}},{"type":"Feature","id":377,"geometry":{"type":"LineString","coordinates":[[-106.12926,28.66112],[-106.1293,28.66055]]},"properties":{"id":377,"nombre":"","clase":"trunk"}},{"type":"Feature","id":378,"geometry":{"type":"LineString","coordinates":[[-106.13684,28.71084],[-106.13719,28.71136]]},"properties":{"id":378,"nombre":"","clase":"trunk"}},{"type":"Feature","id":379,"geometry":{"type":"LineString","coordinates":[[-106.07671,28.64157],[-106.07632,28.64153],[-106.07588,28.64158],[-106.07561,28.64164]]},"properties":{"id":379,"nombre":"","clase":"trunk"}},{"type":"Feature","id":380,"geometry":{"type":"LineString","coordinates":[[-106.11078,28.60937],[-106.11065,28.6095],[-106.11063,28.60956],[-106.11066,28.60965],[-106.11077,28.60976]]},"properties":{"id":380,"nombre":"","clase":"primary"}},{"type":"Feature","id":381,"geometry":{"type":"LineString","coordinates":[[-106.02108,28.63293],[-106.02095,28.63298],[-106.02082,28.63302]]},"properties":{"id":381,"nombre":"","clase":"primary"}},{"type":"Feature","id":382,"geometry":{"type":"LineString","coordinates":[[-106.16354,28.74951],[-106.16372,28.74945]]},"properties":{"id":382,"nombre":"","clase":"trunk"}},{"type":"Feature","id":383,"geometry":{"type":"LineString","coordinates":[[-106.07587,28.64245],[-106.07566,28.6425],[-106.07552,28.64249],[-106.07557,28.64278]]},"properties":{"id":383,"nombre":"","clase":"trunk"}},{"type":"Feature","id":384,"geometry":{"type":"LineString","coordinates":[[-106.07685,28.64335],[-106.077,28.64341],[-106.07711,28.64345],[-106.07736,28.64356]]},"properties":{"id":384,"nombre":"","clase":"trunk"}},{"type":"Feature","id":385,"geometry":{"type":"LineString","coordinates":[[-106.13916,28.67111],[-106.13925,28.67108],[-106.13944,28.67108],[-106.13963,28.67107],[-106.1397,28.67104],[-106.13974,28.671]]},"properties":{"id":385,"nombre":"","clase":"secondary"}},{"type":"Feature","id":386,"geometry":{"type":"LineString","coordinates":[[-106.02643,28.6243],[-106.02654,28.62425],[-106.02661,28.62415],[-106.02662,28.62407],[-106.02658,28.62398],[-106.02648,28.62389],[-106.02638,28.62387],[-106.02625,28.62389],[-106.02615,28.62397],[-106.02611,28.62406],[-106.02613,28.62419],[-106.02624,28.62428],[-106.02638,28.62431],[-106.02643,28.6243]]},"properties":{"id":386,"nombre":"","clase":"trunk"}},{"type":"Feature","id":387,"geometry":{"type":"LineString","coordinates":[[-106.06723,28.66099],[-106.0666,28.66066]]},"properties":{"id":387,"nombre":"","clase":"trunk"}},{"type":"Feature","id":388,"geometry":{"type":"LineString","coordinates":[[-106.06566,28.65606],[-106.06556,28.65607],[-106.06548,28.65605]]},"properties":{"id":388,"nombre":"","clase":"trunk"}},{"type":"Feature","id":389,"geometry":{"type":"LineString","coordinates":[[-106.07707,28.66771],[-106.07696,28.66773],[-106.07686,28.66771],[-106.07678,28.66767],[-106.07672,28.66758]]},"properties":{"id":389,"nombre":"","clase":"primary"}},{"type":"Feature","id":390,"geometry":{"type":"LineString","coordinates":[[-106.16059,28.74549],[-106.16064,28.7456]]},"properties":{"id":390,"nombre":"","clase":"secondary"}},{"type":"Feature","id":391,"geometry":{"type":"LineString","coordinates":[[-106.09587,28.66095],[-106.09601,28.66104],[-106.09616,28.66106],[-106.09624,28.66106],[-106.09633,28.66105]]},"properties":{"id":391,"nombre":"","clase":"primary"}},{"type":"Feature","id":392,"geometry":{"type":"LineString","coordinates":[[-106.09583,28.6606],[-106.09584,28.66071],[-106.09583,28.66077],[-106.0957,28.66094]]},"properties":{"id":392,"nombre":"","clase":"primary"}},{"type":"Feature","id":393,"geometry":{"type":"LineString","coordinates":[[-106.09654,28.6606],[-106.09626,28.66059],[-106.09611,28.66055],[-106.09591,28.66046]]},"properties":{"id":393,"nombre":"","clase":"primary"}},{"type":"Feature","id":394,"geometry":{"type":"LineString","coordinates":[[-106.15153,28.73253],[-106.15125,28.73223],[-106.15052,28.73148],[-106.15025,28.73121],[-106.1492,28.73015],[-106.14855,28.72946]]},"properties":{"id":394,"nombre":"","clase":"secondary"}},{"type":"Feature","id":395,"geometry":{"type":"LineString","coordinates":[[-106.09888,28.65003],[-106.09898,28.65004]]},"properties":{"id":395,"nombre":"","clase":"primary"}},{"type":"Feature","id":396,"geometry":{"type":"LineString","coordinates":[[-106.09625,28.64146],[-106.09632,28.64149],[-106.09637,28.64148],[-106.09641,28.64146]]},"properties":{"id":396,"nombre":"","clase":"primary"}},{"type":"Feature","id":397,"geometry":{"type":"LineString","coordinates":[[-106.03902,28.65581],[-106.03898,28.65563]]},"properties":{"id":397,"nombre":"","clase":"trunk"}},{"type":"Feature","id":398,"geometry":{"type":"LineString","coordinates":[[-106.13541,28.73584],[-106.13523,28.73589],[-106.13515,28.73589],[-106.13506,28.73586],[-106.13491,28.73581]]},"properties":{"id":398,"nombre":"","clase":"secondary"}},{"type":"Feature","id":399,"geometry":{"type":"LineString","coordinates":[[-106.10503,28.61232],[-106.10523,28.61189],[-106.10539,28.61176],[-106.10579,28.6116],[-106.10601,28.61154],[-106.10617,28.61152]]},"properties":{"id":399,"nombre":"","clase":"trunk"}},{"type":"Feature","id":400,"geometry":{"type":"LineString","coordinates":[[-106.09885,28.67316],[-106.09862,28.67305],[-106.09832,28.67285],[-106.09828,28.67287]]},"properties":{"id":400,"nombre":"","clase":"primary"}},{"type":"Feature","id":401,"geometry":{"type":"LineString","coordinates":[[-106.02243,28.67918],[-106.02242,28.67903],[-106.02245,28.67889],[-106.02279,28.67846],[-106.02323,28.67783],[-106.02354,28.6773],[-106.02374,28.67695],[-106.02392,28.6767],[-106.02406,28.67646]]},"properties":{"id":401,"nombre":"","clase":"trunk"}},{"type":"Feature","id":402,"geometry":{"type":"LineString","coordinates":[[-106.02243,28.67918],[-106.02229,28.67909],[-106.02222,28.67907],[-106.02212,28.67909],[-106.02199,28.67913],[-106.02202,28.67924],[-106.02211,28.67933],[-106.02225,28.6794],[-106.02234,28.67934],[-106.02239,28.67926],[-106.02243,28.67918]]},"properties":{"id":402,"nombre":"","clase":"trunk"}},{"type":"Feature","id":403,"geometry":{"type":"LineString","coordinates":[[-106.12108,28.65155],[-106.12116,28.65171]]},"properties":{"id":403,"nombre":"","clase":"secondary"}},{"type":"Feature","id":404,"geometry":{"type":"LineString","coordinates":[[-106.12658,28.64975],[-106.12651,28.64961]]},"properties":{"id":404,"nombre":"","clase":"secondary"}},{"type":"Feature","id":405,"geometry":{"type":"LineString","coordinates":[[-106.12451,28.64802],[-106.12455,28.64809],[-106.12456,28.64811],[-106.12456,28.64814],[-106.12454,28.64817]]},"properties":{"id":405,"nombre":"","clase":"primary"}},{"type":"Feature","id":406,"geometry":{"type":"LineString","coordinates":[[-106.14592,28.64387],[-106.14602,28.64382],[-106.14609,28.64377],[-106.14616,28.6437],[-106.14625,28.6436]]},"properties":{"id":406,"nombre":"","clase":"primary"}},{"type":"Feature","id":407,"geometry":{"type":"LineString","coordinates":[[-106.14996,28.71172],[-106.14988,28.71184],[-106.14978,28.71193],[-106.14976,28.71197],[-106.14977,28.712]]},"properties":{"id":407,"nombre":"","clase":"secondary"}},{"type":"Feature","id":408,"geometry":{"type":"LineString","coordinates":[[-106.14013,28.71407],[-106.14001,28.71384],[-106.13993,28.71374],[-106.1397,28.71349],[-106.13965,28.71341],[-106.13965,28.71334],[-106.13969,28.71321]]},"properties":{"id":408,"nombre":"","clase":"trunk"}},{"type":"Feature","id":409,"geometry":{"type":"LineString","coordinates":[[-106.14445,28.70834],[-106.14426,28.70818],[-106.14413,28.70812],[-106.14402,28.70809],[-106.14393,28.70809]]},"properties":{"id":409,"nombre":"","clase":"primary"}},{"type":"Feature","id":410,"geometry":{"type":"LineString","coordinates":[[-106.1348,28.69935],[-106.13456,28.69946],[-106.13436,28.69958],[-106.13256,28.70088],[-106.13225,28.70112]]},"properties":{"id":410,"nombre":"","clase":"secondary"}},{"type":"Feature","id":411,"geometry":{"type":"LineString","coordinates":[[-106.131,28.69347],[-106.13111,28.69354],[-106.13116,28.69359],[-106.13117,28.69364]]},"properties":{"id":411,"nombre":"","clase":"secondary"}},{"type":"Feature","id":412,"geometry":{"type":"LineString","coordinates":[[-106.02529,28.62523],[-106.02545,28.62529]]},"properties":{"id":412,"nombre":"","clase":"primary"}},{"type":"Feature","id":413,"geometry":{"type":"LineString","coordinates":[[-106.03473,28.63007],[-106.03462,28.63001],[-106.03459,28.63002],[-106.0347,28.63042],[-106.03538,28.63102]]},"properties":{"id":413,"nombre":"","clase":"trunk"}},{"type":"Feature","id":414,"geometry":{"type":"LineString","coordinates":[[-106.12832,28.65898],[-106.12843,28.65902],[-106.12851,28.65906],[-106.12859,28.65911],[-106.1287,28.65918]]},"properties":{"id":414,"nombre":"","clase":"secondary"}},{"type":"Feature","id":415,"geometry":{"type":"LineString","coordinates":[[-106.13145,28.67156],[-106.13153,28.67163]]},"properties":{"id":415,"nombre":"","clase":"primary"}},{"type":"Feature","id":416,"geometry":{"type":"LineString","coordinates":[[-105.9983,28.67258],[-105.9984,28.67258],[-105.99849,28.67254],[-105.99859,28.67246]]},"properties":{"id":416,"nombre":"","clase":"primary"}},{"type":"Feature","id":417,"geometry":{"type":"LineString","coordinates":[[-106.0007,28.68023],[-106.00078,28.68009]]},"properties":{"id":417,"nombre":"","clase":"primary"}},{"type":"Feature","id":418,"geometry":{"type":"LineString","coordinates":[[-105.9729,28.63058],[-105.97303,28.63054]]},"properties":{"id":418,"nombre":"","clase":"primary"}},{"type":"Feature","id":419,"geometry":{"type":"LineString","coordinates":[[-105.9876,28.68083],[-105.98769,28.68073]]},"properties":{"id":419,"nombre":"","clase":"secondary"}},{"type":"Feature","id":420,"geometry":{"type":"LineString","coordinates":[[-105.98898,28.68196],[-105.98906,28.68188]]},"properties":{"id":420,"nombre":"","clase":"secondary"}},{"type":"Feature","id":421,"geometry":{"type":"LineString","coordinates":[[-105.98354,28.66963],[-105.98353,28.66933],[-105.98357,28.66922],[-105.98377,28.66901]]},"properties":{"id":421,"nombre":"","clase":"secondary"}},{"type":"Feature","id":422,"geometry":{"type":"LineString","coordinates":[[-106.15338,28.59183],[-106.15352,28.59178]]},"properties":{"id":422,"nombre":"","clase":"secondary"}},{"type":"Feature","id":423,"geometry":{"type":"LineString","coordinates":[[-106.15236,28.59002],[-106.15248,28.58995]]},"properties":{"id":423,"nombre":"","clase":"secondary"}},{"type":"Feature","id":424,"geometry":{"type":"LineString","coordinates":[[-105.95457,28.67202],[-105.95453,28.67219]]},"properties":{"id":424,"nombre":"","clase":"secondary"}},{"type":"Feature","id":425,"geometry":{"type":"LineString","coordinates":[[-105.95607,28.6723],[-105.95604,28.67246]]},"properties":{"id":425,"nombre":"","clase":"secondary"}},{"type":"Feature","id":426,"geometry":{"type":"LineString","coordinates":[[-106.12464,28.57954],[-106.12464,28.57959],[-106.12466,28.57962],[-106.12472,28.57964]]},"properties":{"id":426,"nombre":"","clase":"trunk"}},{"type":"Feature","id":427,"geometry":{"type":"LineString","coordinates":[[-106.12452,28.57976],[-106.12451,28.57971],[-106.12446,28.57968],[-106.1244,28.57968]]},"properties":{"id":427,"nombre":"","clase":"trunk"}},{"type":"Feature","id":428,"geometry":{"type":"LineString","coordinates":[[-106.11927,28.6054],[-106.11919,28.60552],[-106.11903,28.6056],[-106.11895,28.60567],[-106.11897,28.60572],[-106.119,28.60576]]},"properties":{"id":428,"nombre":"","clase":"primary"}},{"type":"Feature","id":429,"geometry":{"type":"LineString","coordinates":[[-106.10655,28.61176],[-106.1066,28.61189],[-106.10663,28.61199],[-106.10668,28.61216],[-106.1067,28.61238],[-106.1067,28.6126],[-106.10668,28.61277]]},"properties":{"id":429,"nombre":"","clase":"primary"}},{"type":"Feature","id":430,"geometry":{"type":"LineString","coordinates":[[-106.12048,28.63251],[-106.12055,28.63251],[-106.12061,28.63251],[-106.12067,28.63253],[-106.12073,28.63255]]},"properties":{"id":430,"nombre":"","clase":"secondary"}},{"type":"Feature","id":431,"geometry":{"type":"LineString","coordinates":[[-106.12491,28.62904],[-106.12481,28.62891],[-106.12479,28.62879],[-106.1248,28.62872]]},"properties":{"id":431,"nombre":"","clase":"secondary"}},{"type":"Feature","id":432,"geometry":{"type":"LineString","coordinates":[[-106.11429,28.62054],[-106.11408,28.62042],[-106.11368,28.62023],[-106.11345,28.62015]]},"properties":{"id":432,"nombre":"","clase":"secondary"}},{"type":"Feature","id":433,"geometry":{"type":"LineString","coordinates":[[-106.0765,28.64234],[-106.07673,28.64228],[-106.07686,28.64231],[-106.07693,28.64243],[-106.07689,28.64258],[-106.07677,28.64265],[-106.07668,28.64265]]},"properties":{"id":433,"nombre":"","clase":"trunk"}},{"type":"Feature","id":434,"geometry":{"type":"LineString","coordinates":[[-106.07717,28.64309],[-106.07715,28.6429],[-106.0771,28.64225],[-106.07706,28.64177]]},"properties":{"id":434,"nombre":"","clase":"trunk"}},{"type":"Feature","id":435,"geometry":{"type":"LineString","coordinates":[[-106.07599,28.64234],[-106.07577,28.6424],[-106.07563,28.64238],[-106.07555,28.6423],[-106.07556,28.64217],[-106.07564,28.64209],[-106.07578,28.64206],[-106.07586,28.64205]]},"properties":{"id":435,"nombre":"","clase":"trunk"}},{"type":"Feature","id":436,"geometry":{"type":"LineString","coordinates":[[-106.0757,28.64326],[-106.07602,28.64324],[-106.07636,28.64325],[-106.07685,28.64335]]},"properties":{"id":436,"nombre":"","clase":"trunk"}},{"type":"Feature","id":437,"geometry":{"type":"LineString","coordinates":[[-106.07587,28.6419],[-106.07592,28.64175],[-106.07601,28.64168],[-106.07613,28.64166],[-106.07622,28.64169],[-106.0763,28.64178],[-106.07633,28.64194]]},"properties":{"id":437,"nombre":"","clase":"trunk"}},{"type":"Feature","id":438,"geometry":{"type":"LineString","coordinates":[[-106.07661,28.64278],[-106.07662,28.64292],[-106.07656,28.64305],[-106.07644,28.6431],[-106.0763,28.64309],[-106.0762,28.64301],[-106.07616,28.64289],[-106.0762,28.64267]]},"properties":{"id":438,"nombre":"","clase":"trunk"}},{"type":"Feature","id":439,"geometry":{"type":"LineString","coordinates":[[-106.08927,28.6261],[-106.08898,28.62623]]},"properties":{"id":439,"nombre":"","clase":"trunk"}},{"type":"Feature","id":440,"geometry":{"type":"LineString","coordinates":[[-106.08458,28.63006],[-106.08477,28.6299],[-106.08494,28.6297],[-106.08513,28.62948],[-106.08535,28.62925],[-106.08563,28.62901],[-106.08585,28.62889]]},"properties":{"id":440,"nombre":"","clase":"trunk"}},{"type":"Feature","id":441,"geometry":{"type":"LineString","coordinates":[[-106.12046,28.66377],[-106.12049,28.66339]]},"properties":{"id":441,"nombre":"","clase":"secondary"}},{"type":"Feature","id":442,"geometry":{"type":"LineString","coordinates":[[-106.12062,28.66324],[-106.12054,28.6632]]},"properties":{"id":442,"nombre":"","clase":"secondary"}},{"type":"Feature","id":443,"geometry":{"type":"LineString","coordinates":[[-106.12537,28.66588],[-106.12539,28.66593],[-106.12541,28.66598],[-106.12543,28.66602],[-106.12544,28.66609]]},"properties":{"id":443,"nombre":"","clase":"primary"}},{"type":"Feature","id":444,"geometry":{"type":"LineString","coordinates":[[-106.09777,28.60623],[-106.09777,28.60634],[-106.09777,28.60641],[-106.09774,28.60653]]},"properties":{"id":444,"nombre":"","clase":"primary"}},{"type":"Feature","id":445,"geometry":{"type":"LineString","coordinates":[[-106.09256,28.63954],[-106.0928,28.63946],[-106.09311,28.63948],[-106.09327,28.63953]]},"properties":{"id":445,"nombre":"","clase":"secondary"}},{"type":"Feature","id":446,"geometry":{"type":"LineString","coordinates":[[-106.10307,28.60171],[-106.10317,28.60167],[-106.10333,28.6015],[-106.10354,28.6013],[-106.10399,28.60086],[-106.10495,28.5999],[-106.10524,28.59953]]},"properties":{"id":446,"nombre":"","clase":"trunk"}},{"type":"Feature","id":447,"geometry":{"type":"LineString","coordinates":[[-106.10221,28.60554],[-106.10219,28.60566],[-106.1022,28.60577],[-106.10222,28.60589]]},"properties":{"id":447,"nombre":"","clase":"trunk"}},{"type":"Feature","id":448,"geometry":{"type":"LineString","coordinates":[[-106.10266,28.6062],[-106.1026,28.60611],[-106.10251,28.60596],[-106.10243,28.60585]]},"properties":{"id":448,"nombre":"","clase":"trunk"}},{"type":"Feature","id":449,"geometry":{"type":"LineString","coordinates":[[-106.01375,28.6458],[-106.014,28.64562],[-106.01422,28.6455],[-106.01433,28.64546]]},"properties":{"id":449,"nombre":"","clase":"primary"}},{"type":"Feature","id":450,"geometry":{"type":"LineString","coordinates":[[-106.01401,28.64501],[-106.01392,28.64506],[-106.01384,28.64508],[-106.01371,28.6451],[-106.01358,28.64512]]},"properties":{"id":450,"nombre":"","clase":"primary"}},{"type":"Feature","id":451,"geometry":{"type":"LineString","coordinates":[[-106.02326,28.65951],[-106.02315,28.65945]]},"properties":{"id":451,"nombre":"","clase":"secondary"}},{"type":"Feature","id":452,"geometry":{"type":"LineString","coordinates":[[-106.05478,28.60155],[-106.05425,28.60149],[-106.0532,28.60151],[-106.05184,28.60157],[-106.0514,28.60158],[-106.05075,28.60162],[-106.04881,28.60174],[-106.04842,28.60182],[-106.04822,28.60192]]},"properties":{"id":452,"nombre":"","clase":"trunk"}},{"type":"Feature","id":453,"geometry":{"type":"LineString","coordinates":[[-106.08598,28.69377],[-106.0861,28.69374]]},"properties":{"id":453,"nombre":"","clase":"primary"}},{"type":"Feature","id":454,"geometry":{"type":"LineString","coordinates":[[-106.10521,28.61472],[-106.10501,28.6148],[-106.10477,28.61475],[-106.1046,28.61456],[-106.10453,28.61431]]},"properties":{"id":454,"nombre":"","clase":"trunk"}},{"type":"Feature","id":455,"geometry":{"type":"LineString","coordinates":[[-106.10521,28.61472],[-106.10495,28.61509],[-106.10467,28.61552],[-106.10464,28.61557],[-106.10464,28.61561],[-106.10465,28.61562]]},"properties":{"id":455,"nombre":"","clase":"secondary"}},{"type":"Feature","id":456,"geometry":{"type":"LineString","coordinates":[[-106.10641,28.61167],[-106.10656,28.61206],[-106.1066,28.61224],[-106.10661,28.61246],[-106.10656,28.61274],[-106.10643,28.613],[-106.10631,28.61317],[-106.10582,28.61385],[-106.10521,28.61472]]},"properties":{"id":456,"nombre":"","clase":"secondary"}},{"type":"Feature","id":457,"geometry":{"type":"LineString","coordinates":[[-106.10782,28.6126],[-106.10827,28.61289],[-106.10849,28.6131],[-106.10868,28.61336],[-106.10884,28.61354]]},"properties":{"id":457,"nombre":"","clase":"trunk"}},{"type":"Feature","id":458,"geometry":{"type":"LineString","coordinates":[[-106.09354,28.71208],[-106.0936,28.7123],[-106.0936,28.71239],[-106.09358,28.71246]]},"properties":{"id":458,"nombre":"","clase":"primary"}},{"type":"Feature","id":459,"geometry":{"type":"LineString","coordinates":[[-106.02185,28.67957],[-106.02202,28.67945],[-106.02218,28.67941],[-106.02225,28.6794]]},"properties":{"id":459,"nombre":"","clase":"trunk"}},{"type":"Feature","id":460,"geometry":{"type":"LineString","coordinates":[[-106.08405,28.68947],[-106.08424,28.68949],[-106.08434,28.68953],[-106.08444,28.68958],[-106.0845,28.68961]]},"properties":{"id":460,"nombre":"","clase":"primary"}},{"type":"Feature","id":461,"geometry":{"type":"LineString","coordinates":[[-106.0132,28.6884],[-106.0131,28.68847],[-106.01302,28.68856],[-106.01298,28.68864],[-106.01297,28.68874],[-106.01299,28.68885],[-106.01303,28.68894],[-106.01309,28.68903],[-106.01315,28.68909],[-106.01322,28.68915],[-106.01332,28.6892],[-106.01341,28.68923],[-106.01349,28.68925],[-106.01362,28.68924],[-106.01373,28.6892],[-106.01382,28.68912],[-106.01389,28.68902],[-106.01393,28.68888],[-106.01393,28.68872],[-106.01389,28.68859],[-106.01385,28.68853],[-106.01373,28.68841],[-106.0136,28.68834],[-106.01342,28.68833],[-106.01325,28.68837],[-106.0132,28.6884]]},"properties":{"id":461,"nombre":"","clase":"trunk"}},{"type":"Feature","id":462,"geometry":{"type":"LineString","coordinates":[[-106.01408,28.68924],[-106.01396,28.68908],[-106.01393,28.68898],[-106.01393,28.68888]]},"properties":{"id":462,"nombre":"","clase":"trunk"}},{"type":"Feature","id":463,"geometry":{"type":"LineString","coordinates":[[-106.02216,28.67841],[-106.02214,28.67852],[-106.02208,28.67862],[-106.02199,28.67878],[-106.02202,28.67889],[-106.02215,28.67896],[-106.02225,28.67896],[-106.02237,28.67888],[-106.02251,28.6788]]},"properties":{"id":463,"nombre":"","clase":"trunk"}},{"type":"Feature","id":464,"geometry":{"type":"LineString","coordinates":[[-106.1115,28.6213],[-106.11132,28.62134],[-106.111,28.62135],[-106.11077,28.62133]]},"properties":{"id":464,"nombre":"","clase":"secondary"}},{"type":"Feature","id":465,"geometry":{"type":"LineString","coordinates":[[-106.13496,28.7487],[-106.13492,28.74885],[-106.13485,28.74896],[-106.13476,28.74906]]},"properties":{"id":465,"nombre":"","clase":"secondary"}},{"type":"Feature","id":466,"geometry":{"type":"LineString","coordinates":[[-106.08448,28.66846],[-106.08456,28.66843]]},"properties":{"id":466,"nombre":"","clase":"primary"}},{"type":"Feature","id":467,"geometry":{"type":"LineString","coordinates":[[-106.05487,28.65835],[-106.05634,28.65771],[-106.05659,28.65751],[-106.05667,28.65746],[-106.05681,28.65738]]},"properties":{"id":467,"nombre":"","clase":"trunk"}},{"type":"Feature","id":468,"geometry":{"type":"LineString","coordinates":[[-106.05725,28.65856],[-106.05778,28.65863],[-106.05816,28.65874],[-106.05915,28.65911],[-106.05964,28.65929],[-106.05995,28.6594]]},"properties":{"id":468,"nombre":"","clase":"trunk"}},{"type":"Feature","id":469,"geometry":{"type":"LineString","coordinates":[[-106.06484,28.65964],[-106.06461,28.65938],[-106.06441,28.6591],[-106.06438,28.65902]]},"properties":{"id":469,"nombre":"","clase":"primary"}},{"type":"Feature","id":470,"geometry":{"type":"LineString","coordinates":[[-106.14338,28.64555],[-106.14337,28.64544],[-106.14332,28.64537],[-106.14321,28.64536]]},"properties":{"id":470,"nombre":"","clase":"primary"}},{"type":"Feature","id":471,"geometry":{"type":"LineString","coordinates":[[-106.14351,28.64512],[-106.14348,28.64524],[-106.14354,28.64531],[-106.14366,28.64533]]},"properties":{"id":471,"nombre":"","clase":"primary"}},{"type":"Feature","id":472,"geometry":{"type":"LineString","coordinates":[[-106.0057,28.68363],[-106.00583,28.68369],[-106.00596,28.68376],[-106.00615,28.68389],[-106.00637,28.68405],[-106.00644,28.68407],[-106.0065,28.68407],[-106.00659,28.68405]]},"properties":{"id":472,"nombre":"","clase":"primary"}},{"type":"Feature","id":473,"geometry":{"type":"LineString","coordinates":[[-106.13258,28.70362],[-106.13277,28.70324],[-106.13282,28.70303],[-106.13283,28.70286],[-106.13281,28.70269],[-106.13276,28.70251],[-106.13262,28.7023],[-106.13236,28.70205],[-106.13227,28.70196],[-106.13218,28.70183],[-106.13193,28.70124]]},"properties":{"id":473,"nombre":"","clase":"trunk"}},{"type":"Feature","id":474,"geometry":{"type":"LineString","coordinates":[[-106.13981,28.74764],[-106.13982,28.74757],[-106.13979,28.74753],[-106.13961,28.74758],[-106.1393,28.74762]]},"properties":{"id":474,"nombre":"","clase":"secondary"}},{"type":"Feature","id":475,"geometry":{"type":"LineString","coordinates":[[-106.01368,28.68923],[-106.01379,28.68918],[-106.01387,28.68918],[-106.01396,28.68919],[-106.01408,28.68924]]},"properties":{"id":475,"nombre":"","clase":"trunk"}},{"type":"Feature","id":476,"geometry":{"type":"LineString","coordinates":[[-106.01283,28.69051],[-106.01299,28.69042],[-106.01307,28.69032],[-106.01321,28.69006],[-106.01346,28.6896],[-106.01354,28.68945],[-106.01368,28.68923]]},"properties":{"id":476,"nombre":"","clase":"trunk"}},{"type":"Feature","id":477,"geometry":{"type":"LineString","coordinates":[[-106.08554,28.67075],[-106.08564,28.67072]]},"properties":{"id":477,"nombre":"","clase":"primary"}},{"type":"Feature","id":478,"geometry":{"type":"LineString","coordinates":[[-106.05123,28.60194],[-106.05129,28.60182],[-106.05129,28.60172],[-106.05117,28.60159]]},"properties":{"id":478,"nombre":"","clase":"trunk"}},{"type":"Feature","id":479,"geometry":{"type":"LineString","coordinates":[[-106.05184,28.60157],[-106.05173,28.60174],[-106.0518,28.60186],[-106.05188,28.60191]]},"properties":{"id":479,"nombre":"","clase":"trunk"}},{"type":"Feature","id":480,"geometry":{"type":"LineString","coordinates":[[-106.14384,28.69523],[-106.14376,28.69536],[-106.14374,28.69546],[-106.14378,28.69552],[-106.14402,28.69554],[-106.14423,28.6955],[-106.14434,28.69546]]},"properties":{"id":480,"nombre":"","clase":"secondary"}},{"type":"Feature","id":481,"geometry":{"type":"LineString","coordinates":[[-106.14353,28.69552],[-106.14365,28.69544],[-106.14367,28.69537],[-106.14365,28.69528]]},"properties":{"id":481,"nombre":"","clase":"secondary"}},{"type":"Feature","id":482,"geometry":{"type":"LineString","coordinates":[[-106.14365,28.69556],[-106.14389,28.69555]]},"properties":{"id":482,"nombre":"","clase":"secondary"}},{"type":"Feature","id":483,"geometry":{"type":"LineString","coordinates":[[-106.11046,28.62176],[-106.11049,28.62185],[-106.1105,28.62195],[-106.11046,28.62207]]},"properties":{"id":483,"nombre":"","clase":"primary"}},{"type":"Feature","id":484,"geometry":{"type":"LineString","coordinates":[[-106.14455,28.70881],[-106.14447,28.70877],[-106.14444,28.70878],[-106.1444,28.70882],[-106.14431,28.70892],[-106.14424,28.70898],[-106.14414,28.70903]]},"properties":{"id":484,"nombre":"","clase":"primary"}},{"type":"Feature","id":485,"geometry":{"type":"LineString","coordinates":[[-106.14769,28.73909],[-106.14727,28.73928],[-106.14707,28.73935],[-106.14693,28.73943]]},"properties":{"id":485,"nombre":"","clase":"primary"}},{"type":"Feature","id":486,"geometry":{"type":"LineString","coordinates":[[-106.1379,28.64883],[-106.13795,28.64873],[-106.13793,28.64863],[-106.13789,28.64859]]},"properties":{"id":486,"nombre":"","clase":"primary"}},{"type":"Feature","id":487,"geometry":{"type":"LineString","coordinates":[[-106.13192,28.69325],[-106.13183,28.69322],[-106.13178,28.6932],[-106.13173,28.69317],[-106.13167,28.69312]]},"properties":{"id":487,"nombre":"","clase":"secondary"}},{"type":"Feature","id":488,"geometry":{"type":"LineString","coordinates":[[-106.02911,28.62367],[-106.02915,28.62353],[-106.02918,28.62344],[-106.02925,28.62331]]},"properties":{"id":488,"nombre":"","clase":"primary"}},{"type":"Feature","id":489,"geometry":{"type":"LineString","coordinates":[[-106.06848,28.66238],[-106.06847,28.6623],[-106.06842,28.6622],[-106.06821,28.66191]]},"properties":{"id":489,"nombre":"","clase":"trunk"}},{"type":"Feature","id":490,"geometry":{"type":"LineString","coordinates":[[-106.03767,28.6328],[-106.03743,28.63249],[-106.03716,28.63227],[-106.0354,28.63071],[-106.03473,28.63007]]},"properties":{"id":490,"nombre":"","clase":"trunk"}},{"type":"Feature","id":491,"geometry":{"type":"LineString","coordinates":[[-106.04961,28.6535],[-106.0494,28.65359],[-106.04923,28.65365],[-106.04896,28.65365],[-106.04859,28.65352],[-106.04704,28.65283],[-106.04671,28.65271],[-106.04656,28.65268]]},"properties":{"id":491,"nombre":"","clase":"trunk"}},{"type":"Feature","id":492,"geometry":{"type":"LineString","coordinates":[[-106.04961,28.6535],[-106.04942,28.65372],[-106.04913,28.65408],[-106.04876,28.6545],[-106.0486,28.65459],[-106.04841,28.65462],[-106.04818,28.65456],[-106.04803,28.65443],[-106.04796,28.65426],[-106.04796,28.6541],[-106.048,28.65398],[-106.04815,28.65384],[-106.04837,28.65377],[-106.04853,28.65378],[-106.04889,28.65389]]},"properties":{"id":492,"nombre":"","clase":"trunk"}},{"type":"Feature","id":493,"geometry":{"type":"LineString","coordinates":[[-106.14441,28.64475],[-106.14446,28.64463],[-106.14446,28.64456],[-106.14442,28.6445],[-106.14432,28.64448]]},"properties":{"id":493,"nombre":"","clase":"primary"}},{"type":"Feature","id":494,"geometry":{"type":"LineString","coordinates":[[-106.13019,28.65189],[-106.13022,28.65222]]},"properties":{"id":494,"nombre":"","clase":"trunk"}},{"type":"Feature","id":495,"geometry":{"type":"LineString","coordinates":[[-106.13034,28.65178],[-106.13033,28.65151]]},"properties":{"id":495,"nombre":"","clase":"trunk"}},{"type":"Feature","id":496,"geometry":{"type":"LineString","coordinates":[[-106.12931,28.64732],[-106.12924,28.6473],[-106.12916,28.64728],[-106.12907,28.64725],[-106.12897,28.6472]]},"properties":{"id":496,"nombre":"","clase":"primary"}},{"type":"Feature","id":497,"geometry":{"type":"LineString","coordinates":[[-106.1375,28.74819],[-106.13746,28.74827],[-106.13747,28.74832],[-106.13754,28.74837]]},"properties":{"id":497,"nombre":"","clase":"secondary"}},{"type":"Feature","id":498,"geometry":{"type":"LineString","coordinates":[[-106.143,28.74069],[-106.14341,28.74065],[-106.14382,28.74056],[-106.14398,28.74056]]},"properties":{"id":498,"nombre":"","clase":"primary"}},{"type":"Feature","id":499,"geometry":{"type":"LineString","coordinates":[[-106.12869,28.64762],[-106.12886,28.64767],[-106.12908,28.64767],[-106.12916,28.64767]]},"properties":{"id":499,"nombre":"","clase":"primary"}},{"type":"Feature","id":500,"geometry":{"type":"LineString","coordinates":[[-106.02537,28.6234],[-106.02547,28.62353],[-106.02557,28.6237],[-106.02567,28.62394],[-106.02571,28.62425],[-106.02563,28.62462]]},"properties":{"id":500,"nombre":"","clase":"trunk"}},{"type":"Feature","id":501,"geometry":{"type":"LineString","coordinates":[[-106.07145,28.67625],[-106.07151,28.67628],[-106.07156,28.67635],[-106.07163,28.67649],[-106.07168,28.6766],[-106.07185,28.67691],[-106.07191,28.67692],[-106.07207,28.67686]]},"properties":{"id":501,"nombre":"","clase":"trunk"}},{"type":"Feature","id":502,"geometry":{"type":"LineString","coordinates":[[-106.08377,28.66696],[-106.08387,28.66692]]},"properties":{"id":502,"nombre":"","clase":"primary"}},{"type":"Feature","id":503,"geometry":{"type":"LineString","coordinates":[[-106.12841,28.74838],[-106.12855,28.74829]]},"properties":{"id":503,"nombre":"","clase":"secondary"}},{"type":"Feature","id":504,"geometry":{"type":"LineString","coordinates":[[-106.10097,28.68335],[-106.10101,28.68344]]},"properties":{"id":504,"nombre":"","clase":"primary"}},{"type":"Feature","id":505,"geometry":{"type":"LineString","coordinates":[[-106.01812,28.61812],[-106.0182,28.61801]]},"properties":{"id":505,"nombre":"","clase":"primary"}},{"type":"Feature","id":506,"geometry":{"type":"LineString","coordinates":[[-106.1356,28.74897],[-106.13512,28.74894]]},"properties":{"id":506,"nombre":"","clase":"secondary"}},{"type":"Feature","id":507,"geometry":{"type":"LineString","coordinates":[[-106.09269,28.68598],[-106.09278,28.68595]]},"properties":{"id":507,"nombre":"","clase":"primary"}},{"type":"Feature","id":508,"geometry":{"type":"LineString","coordinates":[[-106.09089,28.68216],[-106.09099,28.68213]]},"properties":{"id":508,"nombre":"","clase":"primary"}},{"type":"Feature","id":509,"geometry":{"type":"LineString","coordinates":[[-106.09169,28.68385],[-106.09179,28.68381]]},"properties":{"id":509,"nombre":"","clase":"primary"}},{"type":"Feature","id":510,"geometry":{"type":"LineString","coordinates":[[-106.09162,28.68369],[-106.09172,28.68366]]},"properties":{"id":510,"nombre":"","clase":"primary"}},{"type":"Feature","id":511,"geometry":{"type":"LineString","coordinates":[[-106.09224,28.68504],[-106.09234,28.685]]},"properties":{"id":511,"nombre":"","clase":"primary"}},{"type":"Feature","id":512,"geometry":{"type":"LineString","coordinates":[[-106.12514,28.74086],[-106.12506,28.74086],[-106.12501,28.74086],[-106.12497,28.74086],[-106.1249,28.74085]]},"properties":{"id":512,"nombre":"","clase":"secondary"}},{"type":"Feature","id":513,"geometry":{"type":"LineString","coordinates":[[-106.12689,28.74506],[-106.12677,28.74505],[-106.12673,28.74503],[-106.12668,28.745],[-106.12664,28.74496]]},"properties":{"id":513,"nombre":"","clase":"secondary"}},{"type":"Feature","id":514,"geometry":{"type":"LineString","coordinates":[[-106.11403,28.6363],[-106.11398,28.63638],[-106.11393,28.63639],[-106.11386,28.63638]]},"properties":{"id":514,"nombre":"","clase":"secondary"}},{"type":"Feature","id":515,"geometry":{"type":"LineString","coordinates":[[-106.12128,28.63172],[-106.12135,28.63177]]},"properties":{"id":515,"nombre":"","clase":"secondary"}},{"type":"Feature","id":516,"geometry":{"type":"LineString","coordinates":[[-106.12483,28.62855],[-106.125,28.62865],[-106.1251,28.62864],[-106.12514,28.62861]]},"properties":{"id":516,"nombre":"","clase":"secondary"}},{"type":"Feature","id":517,"geometry":{"type":"LineString","coordinates":[[-105.99875,28.67219],[-105.99882,28.6719],[-105.999,28.67153],[-105.99909,28.67137],[-105.9991,28.67132],[-105.99907,28.67129],[-105.99904,28.67128]]},"properties":{"id":517,"nombre":"","clase":"primary"}},{"type":"Feature","id":518,"geometry":{"type":"LineString","coordinates":[[-106.1081,28.68076],[-106.10789,28.68073],[-106.10772,28.68071],[-106.10764,28.6807]]},"properties":{"id":518,"nombre":"","clase":"primary"}},{"type":"Feature","id":519,"geometry":{"type":"LineString","coordinates":[[-106.12136,28.63163],[-106.12124,28.63168],[-106.12114,28.6317],[-106.12097,28.63169]]},"properties":{"id":519,"nombre":"","clase":"secondary"}},{"type":"Feature","id":520,"geometry":{"type":"LineString","coordinates":[[-106.05176,28.61314],[-106.05184,28.61306]]},"properties":{"id":520,"nombre":"","clase":"secondary"}},{"type":"Feature","id":521,"geometry":{"type":"LineString","coordinates":[[-105.98294,28.69505],[-105.98627,28.69039],[-105.9899,28.68537],[-105.99078,28.68417]]},"properties":{"id":521,"nombre":"","clase":"secondary"}},{"type":"Feature","id":522,"geometry":{"type":"LineString","coordinates":[[-105.98294,28.69505],[-105.98287,28.69508],[-105.98281,28.69513],[-105.98263,28.69537],[-105.98259,28.69541],[-105.98,28.69897],[-105.97788,28.70192]]},"properties":{"id":522,"nombre":"","clase":"secondary"}},{"type":"Feature","id":523,"geometry":{"type":"LineString","coordinates":[[-106.10125,28.68335],[-106.1012,28.68327]]},"properties":{"id":523,"nombre":"","clase":"primary"}},{"type":"Feature","id":524,"geometry":{"type":"LineString","coordinates":[[-106.13055,28.59271],[-106.13056,28.59293],[-106.13067,28.59311],[-106.1309,28.59317],[-106.13122,28.59308]]},"properties":{"id":524,"nombre":"","clase":"primary"}},{"type":"Feature","id":525,"geometry":{"type":"LineString","coordinates":[[-106.13049,28.59393],[-106.13065,28.59356],[-106.13059,28.59339],[-106.13041,28.59328],[-106.13013,28.5933],[-106.12998,28.59337]]},"properties":{"id":525,"nombre":"","clase":"primary"}},{"type":"Feature","id":526,"geometry":{"type":"LineString","coordinates":[[-106.06733,28.6534],[-106.06733,28.65333],[-106.06715,28.65318],[-106.06704,28.6531],[-106.06692,28.65299],[-106.06689,28.65291],[-106.06689,28.65285],[-106.0669,28.65278],[-106.06693,28.65268],[-106.06694,28.65257]]},"properties":{"id":526,"nombre":"","clase":"trunk"}},{"type":"Feature","id":527,"geometry":{"type":"LineString","coordinates":[[-106.06643,28.65299],[-106.06654,28.65295],[-106.06662,28.65294],[-106.06671,28.65298],[-106.06683,28.65308],[-106.06717,28.65335],[-106.06727,28.6534],[-106.06733,28.6534]]},"properties":{"id":527,"nombre":"","clase":"trunk"}},{"type":"Feature","id":528,"geometry":{"type":"LineString","coordinates":[[-106.0703,28.64833],[-106.07013,28.64819],[-106.07004,28.64813],[-106.06992,28.64807]]},"properties":{"id":528,"nombre":"","clase":"primary"}},{"type":"Feature","id":529,"geometry":{"type":"LineString","coordinates":[[-106.07113,28.64893],[-106.071,28.64888],[-106.07079,28.64872],[-106.0703,28.64833]]},"properties":{"id":529,"nombre":"","clase":"primary"}},{"type":"Feature","id":530,"geometry":{"type":"LineString","coordinates":[[-106.07005,28.64842],[-106.07091,28.64915],[-106.07092,28.64923],[-106.07086,28.6495]]},"properties":{"id":530,"nombre":"","clase":"trunk"}},{"type":"Feature","id":531,"geometry":{"type":"LineString","coordinates":[[-106.06984,28.64813],[-106.07005,28.64842]]},"properties":{"id":531,"nombre":"","clase":"primary"}},{"type":"Feature","id":532,"geometry":{"type":"LineString","coordinates":[[-106.07276,28.65055],[-106.07271,28.65044],[-106.07263,28.65035],[-106.07188,28.64964]]},"properties":{"id":532,"nombre":"","clase":"primary"}},{"type":"Feature","id":533,"geometry":{"type":"LineString","coordinates":[[-106.07794,28.65801],[-106.07801,28.65813]]},"properties":{"id":533,"nombre":"","clase":"secondary"}},{"type":"Feature","id":534,"geometry":{"type":"LineString","coordinates":[[-106.03599,28.6515],[-106.03586,28.65153],[-106.03575,28.65155],[-106.03568,28.65158],[-106.03564,28.65161]]},"properties":{"id":534,"nombre":"","clase":"primary"}},{"type":"Feature","id":535,"geometry":{"type":"LineString","coordinates":[[-106.11106,28.65559],[-106.111,28.65551],[-106.111,28.65542],[-106.11102,28.65538]]},"properties":{"id":535,"nombre":"","clase":"primary"}},{"type":"Feature","id":536,"geometry":{"type":"LineString","coordinates":[[-106.11518,28.64741],[-106.11494,28.64729],[-106.11482,28.64726],[-106.11465,28.64722],[-106.11452,28.64717]]},"properties":{"id":536,"nombre":"","clase":"primary"}},{"type":"Feature","id":537,"geometry":{"type":"LineString","coordinates":[[-106.02635,28.67199],[-106.02641,28.67237],[-106.02629,28.67247],[-106.0261,28.67261]]},"properties":{"id":537,"nombre":"","clase":"trunk"}},{"type":"Feature","id":538,"geometry":{"type":"LineString","coordinates":[[-106.11953,28.65254],[-106.11955,28.65249],[-106.11958,28.65243],[-106.11963,28.65237],[-106.11971,28.65229]]},"properties":{"id":538,"nombre":"","clase":"secondary"}},{"type":"Feature","id":539,"geometry":{"type":"LineString","coordinates":[[-106.10994,28.6468],[-106.10926,28.64667],[-106.1089,28.64655],[-106.10868,28.64642],[-106.10851,28.64625],[-106.10839,28.64609],[-106.10826,28.64595]]},"properties":{"id":539,"nombre":"","clase":"primary"}},{"type":"Feature","id":540,"geometry":{"type":"LineString","coordinates":[[-106.01522,28.64284],[-106.01539,28.64292]]},"properties":{"id":540,"nombre":"","clase":"primary"}},{"type":"Feature","id":541,"geometry":{"type":"LineString","coordinates":[[-106.09648,28.72922],[-106.0964,28.72926],[-106.09632,28.72928],[-106.09626,28.7293],[-106.09622,28.72931],[-106.0962,28.72933],[-106.0962,28.72936],[-106.09621,28.72942]]},"properties":{"id":541,"nombre":"","clase":"secondary"}},{"type":"Feature","id":542,"geometry":{"type":"LineString","coordinates":[[-106.021,28.63272],[-106.02104,28.63283],[-106.02108,28.63293]]},"properties":{"id":542,"nombre":"","clase":"primary"}},{"type":"Feature","id":543,"geometry":{"type":"LineString","coordinates":[[-106.14371,28.72269],[-106.14372,28.7228],[-106.14383,28.72302],[-106.14405,28.72339],[-106.14423,28.72372]]},"properties":{"id":543,"nombre":"","clase":"primary"}},{"type":"Feature","id":544,"geometry":{"type":"LineString","coordinates":[[-106.13602,28.68327],[-106.1361,28.68331],[-106.13623,28.6833],[-106.13634,28.68327],[-106.13637,28.68323]]},"properties":{"id":544,"nombre":"","clase":"secondary"}},{"type":"Feature","id":545,"geometry":{"type":"LineString","coordinates":[[-106.13133,28.69309],[-106.13141,28.69316],[-106.13152,28.69318],[-106.13162,28.69317],[-106.13166,28.69316]]},"properties":{"id":545,"nombre":"","clase":"secondary"}},{"type":"Feature","id":546,"geometry":{"type":"LineString","coordinates":[[-106.13152,28.69363],[-106.13147,28.69358],[-106.13137,28.69355],[-106.13126,28.69354],[-106.1312,28.69356]]},"properties":{"id":546,"nombre":"","clase":"secondary"}},{"type":"Feature","id":547,"geometry":{"type":"LineString","coordinates":[[-106.13646,28.68375],[-106.13636,28.68373],[-106.13625,28.68373],[-106.13616,28.68376],[-106.13611,28.68378]]},"properties":{"id":547,"nombre":"","clase":"secondary"}},{"type":"Feature","id":548,"geometry":{"type":"LineString","coordinates":[[-106.14584,28.72364],[-106.14531,28.72374],[-106.14499,28.72372],[-106.14458,28.72355]]},"properties":{"id":548,"nombre":"","clase":"trunk"}},{"type":"Feature","id":549,"geometry":{"type":"LineString","coordinates":[[-106.08547,28.71387],[-106.08546,28.71376],[-106.08545,28.71369],[-106.08546,28.71364]]},"properties":{"id":549,"nombre":"","clase":"trunk"}},{"type":"Feature","id":550,"geometry":{"type":"LineString","coordinates":[[-106.08544,28.71354],[-106.08539,28.71354],[-106.08534,28.71354],[-106.08529,28.71354],[-106.08525,28.71353]]},"properties":{"id":550,"nombre":"","clase":"trunk"}},{"type":"Feature","id":551,"geometry":{"type":"LineString","coordinates":[[-106.15022,28.64457],[-106.15033,28.64455],[-106.15039,28.64451],[-106.1504,28.64447],[-106.15038,28.64442],[-106.15028,28.64436]]},"properties":{"id":551,"nombre":"","clase":"primary"}},{"type":"Feature","id":552,"geometry":{"type":"LineString","coordinates":[[-106.14902,28.65547],[-106.14879,28.65545],[-106.14873,28.65546],[-106.14865,28.65548]]},"properties":{"id":552,"nombre":"","clase":"secondary"}},{"type":"Feature","id":553,"geometry":{"type":"LineString","coordinates":[[-106.15082,28.73178],[-106.15064,28.73171],[-106.1504,28.73155],[-106.15019,28.73142],[-106.15007,28.73135]]},"properties":{"id":553,"nombre":"","clase":"trunk"}},{"type":"Feature","id":554,"geometry":{"type":"LineString","coordinates":[[-106.14801,28.72302],[-106.14815,28.72294],[-106.14847,28.72275],[-106.14858,28.7227]]},"properties":{"id":554,"nombre":"","clase":"trunk"}},{"type":"Feature","id":555,"geometry":{"type":"LineString","coordinates":[[-105.95927,28.58224],[-105.95927,28.58194],[-105.95899,28.58072],[-105.959,28.58038],[-105.95912,28.58002],[-105.95945,28.57926],[-105.95957,28.57893],[-105.95964,28.57859],[-105.95967,28.57825],[-105.95965,28.5779],[-105.95957,28.57755],[-105.95942,28.57715],[-105.95921,28.5768],[-105.95898,28.57651]]},"properties":{"id":555,"nombre":"","clase":"trunk"}},{"type":"Feature","id":556,"geometry":{"type":"LineString","coordinates":[[-106.00219,28.68123],[-106.00221,28.68134],[-106.00222,28.68141],[-106.00222,28.68148],[-106.00222,28.68156]]},"properties":{"id":556,"nombre":"","clase":"primary"}},{"type":"Feature","id":557,"geometry":{"type":"LineString","coordinates":[[-106.13555,28.68041],[-106.13548,28.68048],[-106.13543,28.68051],[-106.13536,28.68053]]},"properties":{"id":557,"nombre":"","clase":"secondary"}},{"type":"Feature","id":558,"geometry":{"type":"LineString","coordinates":[[-105.98361,28.69392],[-105.98361,28.69397],[-105.98357,28.69405],[-105.98329,28.69445],[-105.98319,28.6946],[-105.98317,28.69467],[-105.98316,28.69473]]},"properties":{"id":558,"nombre":"","clase":"secondary"}},{"type":"Feature","id":559,"geometry":{"type":"LineString","coordinates":[[-105.98361,28.69392],[-105.98307,28.69468],[-105.98286,28.69499],[-105.98264,28.6953],[-105.98255,28.69542]]},"properties":{"id":559,"nombre":"","clase":"secondary"}},{"type":"Feature","id":560,"geometry":{"type":"LineString","coordinates":[[-105.99114,28.68367],[-105.99108,28.68356],[-105.99076,28.68403],[-105.98361,28.69392]]},"properties":{"id":560,"nombre":"","clase":"secondary"}},{"type":"Feature","id":561,"geometry":{"type":"LineString","coordinates":[[-105.99184,28.68252],[-105.99144,28.68287],[-105.99114,28.68303],[-105.99091,28.6831],[-105.99061,28.68306],[-105.99031,28.68293]]},"properties":{"id":561,"nombre":"","clase":"secondary"}},{"type":"Feature","id":562,"geometry":{"type":"LineString","coordinates":[[-105.99184,28.68252],[-105.99149,28.683],[-105.99108,28.68356]]},"properties":{"id":562,"nombre":"","clase":"secondary"}},{"type":"Feature","id":563,"geometry":{"type":"LineString","coordinates":[[-105.97788,28.70192],[-105.97764,28.70226],[-105.97739,28.70261],[-105.97736,28.70264]]},"properties":{"id":563,"nombre":"","clase":"secondary"}},{"type":"Feature","id":564,"geometry":{"type":"LineString","coordinates":[[-106.03436,28.66204],[-106.03451,28.66192],[-106.0347,28.66185],[-106.03489,28.66186],[-106.03509,28.66192],[-106.03527,28.66202]]},"properties":{"id":564,"nombre":"","clase":"trunk"}},{"type":"Feature","id":565,"geometry":{"type":"LineString","coordinates":[[-106.03233,28.6654],[-106.03235,28.66504],[-106.03226,28.66473],[-106.03206,28.66449],[-106.03171,28.6643],[-106.03034,28.664],[-106.02997,28.664],[-106.02973,28.66409],[-106.02946,28.66427]]},"properties":{"id":565,"nombre":"","clase":"trunk"}},{"type":"Feature","id":566,"geometry":{"type":"LineString","coordinates":[[-105.99012,28.68287],[-105.99055,28.68329],[-105.99072,28.68352],[-105.99077,28.68377],[-105.99071,28.68395],[-105.99054,28.68425],[-105.99048,28.68441]]},"properties":{"id":566,"nombre":"","clase":"secondary"}},{"type":"Feature","id":567,"geometry":{"type":"LineString","coordinates":[[-105.99078,28.68417],[-105.99084,28.68408],[-105.99111,28.6837],[-105.99113,28.68368],[-105.99114,28.68367]]},"properties":{"id":567,"nombre":"","clase":"secondary"}},{"type":"Feature","id":568,"geometry":{"type":"LineString","coordinates":[[-105.99078,28.68417],[-105.99083,28.68404],[-105.99101,28.68376],[-105.99107,28.68362],[-105.99108,28.68356]]},"properties":{"id":568,"nombre":"","clase":"secondary"}},{"type":"Feature","id":569,"geometry":{"type":"LineString","coordinates":[[-106.03446,28.66186],[-106.03456,28.66179],[-106.03474,28.66148],[-106.0348,28.66137]]},"properties":{"id":569,"nombre":"","clase":"trunk"}},{"type":"Feature","id":570,"geometry":{"type":"LineString","coordinates":[[-106.03648,28.65842],[-106.03664,28.6581],[-106.03684,28.65771],[-106.03685,28.65763],[-106.03686,28.65755]]},"properties":{"id":570,"nombre":"","clase":"trunk"}},{"type":"Feature","id":571,"geometry":{"type":"LineString","coordinates":[[-105.98285,28.69518],[-105.98294,28.69505]]},"properties":{"id":571,"nombre":"","clase":"secondary"}},{"type":"Feature","id":572,"geometry":{"type":"LineString","coordinates":[[-106.10259,28.67662],[-106.1027,28.67661],[-106.103,28.67682],[-106.10307,28.67681]]},"properties":{"id":572,"nombre":"","clase":"primary"}},{"type":"Feature","id":573,"geometry":{"type":"LineString","coordinates":[[-105.97254,28.62916],[-105.97242,28.62897],[-105.97218,28.62829],[-105.9721,28.62816],[-105.97204,28.62811]]},"properties":{"id":573,"nombre":"","clase":"primary"}},{"type":"Feature","id":574,"geometry":{"type":"LineString","coordinates":[[-105.97367,28.67138],[-105.97363,28.67155]]},"properties":{"id":574,"nombre":"","clase":"secondary"}},{"type":"Feature","id":575,"geometry":{"type":"LineString","coordinates":[[-106.13827,28.5712],[-106.13837,28.5713]]},"properties":{"id":575,"nombre":"","clase":"trunk"}},{"type":"Feature","id":576,"geometry":{"type":"LineString","coordinates":[[-106.15957,28.5898],[-106.15951,28.58985],[-106.1595,28.58992],[-106.15954,28.58998],[-106.15961,28.59001],[-106.15969,28.59],[-106.15974,28.58995],[-106.15975,28.58988],[-106.15972,28.58982],[-106.15965,28.58979],[-106.15957,28.5898]]},"properties":{"id":576,"nombre":"","clase":"secondary"}},{"type":"Feature","id":577,"geometry":{"type":"LineString","coordinates":[[-106.01918,28.61905],[-106.01926,28.61919],[-106.01958,28.61946],[-106.01976,28.61955],[-106.02001,28.61969],[-106.0203,28.61984]]},"properties":{"id":577,"nombre":"","clase":"trunk"}},{"type":"Feature","id":578,"geometry":{"type":"LineString","coordinates":[[-105.95363,28.55975],[-105.95339,28.55981]]},"properties":{"id":578,"nombre":"","clase":"trunk"}},{"type":"Feature","id":579,"geometry":{"type":"LineString","coordinates":[[-106.12611,28.7042],[-106.12607,28.70409],[-106.12607,28.704],[-106.12613,28.70393],[-106.12624,28.70388],[-106.12644,28.70391],[-106.1266,28.70404]]},"properties":{"id":579,"nombre":"","clase":"primary"}},{"type":"Feature","id":580,"geometry":{"type":"LineString","coordinates":[[-106.1251,28.70346],[-106.12521,28.7037],[-106.12523,28.704],[-106.12513,28.70443],[-106.1249,28.70476],[-106.12473,28.70491],[-106.12458,28.70502]]},"properties":{"id":580,"nombre":"","clase":"primary"}},{"type":"Feature","id":581,"geometry":{"type":"LineString","coordinates":[[-105.9753,28.66408],[-105.97534,28.66391]]},"properties":{"id":581,"nombre":"","clase":"secondary"}},{"type":"Feature","id":582,"geometry":{"type":"LineString","coordinates":[[-105.9753,28.66408],[-105.97524,28.66393]]},"properties":{"id":582,"nombre":"","clase":"secondary"}},{"type":"Feature","id":583,"geometry":{"type":"LineString","coordinates":[[-105.97362,28.66241],[-105.97409,28.66276],[-105.97471,28.66329],[-105.97501,28.66384],[-105.97506,28.66394]]},"properties":{"id":583,"nombre":"","clase":"secondary"}},{"type":"Feature","id":584,"geometry":{"type":"LineString","coordinates":[[-106.15016,28.74806],[-106.15024,28.74825],[-106.15024,28.74833],[-106.15021,28.7484],[-106.15016,28.74845]]},"properties":{"id":584,"nombre":"","clase":"secondary"}},{"type":"Feature","id":585,"geometry":{"type":"LineString","coordinates":[[-106.15,28.7159],[-106.14983,28.71578],[-106.14968,28.71563],[-106.14922,28.71517],[-106.14845,28.71439],[-106.14821,28.71418],[-106.14796,28.71406],[-106.14768,28.71399],[-106.14752,28.71398],[-106.14737,28.71397],[-106.14719,28.71398],[-106.14699,28.71403],[-106.14678,28.71413],[-106.14545,28.7151],[-106.14507,28.71535]]},"properties":{"id":585,"nombre":"","clase":"trunk"}},{"type":"Feature","id":586,"geometry":{"type":"LineString","coordinates":[[-106.05791,28.61872],[-106.0577,28.61881],[-106.05751,28.61895],[-106.05738,28.61909]]},"properties":{"id":586,"nombre":"","clase":"primary"}},{"type":"Feature","id":587,"geometry":{"type":"LineString","coordinates":[[-106.05315,28.61435],[-106.05325,28.61428]]},"properties":{"id":587,"nombre":"","clase":"secondary"}},{"type":"Feature","id":588,"geometry":{"type":"LineString","coordinates":[[-106.05479,28.61578],[-106.05489,28.6157]]},"properties":{"id":588,"nombre":"","clase":"secondary"}},{"type":"Feature","id":589,"geometry":{"type":"LineString","coordinates":[[-106.04389,28.63595],[-106.04421,28.63577]]},"properties":{"id":589,"nombre":"","clase":"primary"}},{"type":"Feature","id":590,"geometry":{"type":"LineString","coordinates":[[-106.10608,28.61381],[-106.10616,28.61387]]},"properties":{"id":590,"nombre":"","clase":"primary"}},{"type":"Feature","id":591,"geometry":{"type":"LineString","coordinates":[[-106.10577,28.61427],[-106.10584,28.61431]]},"properties":{"id":591,"nombre":"","clase":"primary"}},{"type":"Feature","id":592,"geometry":{"type":"LineString","coordinates":[[-106.0319,28.62767],[-106.03181,28.62765],[-106.03176,28.62764],[-106.0317,28.62764]]},"properties":{"id":592,"nombre":"","clase":"trunk"}},{"type":"Feature","id":593,"geometry":{"type":"LineString","coordinates":[[-106.15153,28.72117],[-106.15169,28.72111],[-106.15194,28.72099],[-106.15223,28.72082],[-106.15246,28.72063],[-106.15268,28.72039],[-106.15284,28.72013],[-106.153,28.71966],[-106.15309,28.71929],[-106.15317,28.71892],[-106.15326,28.71844],[-106.15305,28.71868],[-106.1528,28.71875],[-106.15252,28.71867],[-106.15236,28.71853]]},"properties":{"id":593,"nombre":"","clase":"trunk"}},{"type":"Feature","id":594,"geometry":{"type":"LineString","coordinates":[[-106.15121,28.71778],[-106.15172,28.71823],[-106.15198,28.71858],[-106.15215,28.71899],[-106.15224,28.71935],[-106.15235,28.71943],[-106.15259,28.71947],[-106.15285,28.71941],[-106.15303,28.71924],[-106.15313,28.71911]]},"properties":{"id":594,"nombre":"","clase":"trunk"}},{"type":"Feature","id":595,"geometry":{"type":"LineString","coordinates":[[-106.03175,28.62769],[-106.0318,28.62782],[-106.03202,28.62804],[-106.03267,28.62862],[-106.03364,28.62946],[-106.03422,28.62998],[-106.03428,28.62999],[-106.03439,28.62989],[-106.03438,28.62975],[-106.03198,28.62766],[-106.0315,28.62731]]},"properties":{"id":595,"nombre":"","clase":"trunk"}},{"type":"Feature","id":596,"geometry":{"type":"LineString","coordinates":[[-106.06899,28.65156],[-106.06897,28.65146],[-106.06897,28.6514],[-106.06897,28.65133],[-106.06898,28.65125]]},"properties":{"id":596,"nombre":"","clase":"trunk"}},{"type":"Feature","id":597,"geometry":{"type":"LineString","coordinates":[[-106.091,28.65653],[-106.09121,28.65651],[-106.09136,28.65652],[-106.09147,28.65655]]},"properties":{"id":597,"nombre":"","clase":"primary"}},{"type":"Feature","id":598,"geometry":{"type":"LineString","coordinates":[[-106.02072,28.61915],[-106.02053,28.6191],[-106.02014,28.61905],[-106.01989,28.61897],[-106.01966,28.61892],[-106.01947,28.61889],[-106.01932,28.61885]]},"properties":{"id":598,"nombre":"","clase":"trunk"}},{"type":"Feature","id":599,"geometry":{"type":"LineString","coordinates":[[-106.07692,28.65428],[-106.0769,28.6544],[-106.0769,28.65448],[-106.07688,28.65457]]},"properties":{"id":599,"nombre":"","clase":"primary"}},{"type":"Feature","id":600,"geometry":{"type":"LineString","coordinates":[[-106.0937,28.62268],[-106.09365,28.62324],[-106.09336,28.62356],[-106.09298,28.62388]]},"properties":{"id":600,"nombre":"","clase":"trunk"}},{"type":"Feature","id":601,"geometry":{"type":"LineString","coordinates":[[-106.10452,28.67807],[-106.10438,28.67804],[-106.10404,28.67779],[-106.10399,28.67783]]},"properties":{"id":601,"nombre":"","clase":"primary"}},{"type":"Feature","id":602,"geometry":{"type":"LineString","coordinates":[[-106.1034,28.67709],[-106.10333,28.67709],[-106.10322,28.67704],[-106.10299,28.67687],[-106.10288,28.67687]]},"properties":{"id":602,"nombre":"","clase":"primary"}},{"type":"Feature","id":603,"geometry":{"type":"LineString","coordinates":[[-106.11037,28.72344],[-106.11056,28.72349],[-106.11065,28.72351]]},"properties":{"id":603,"nombre":"","clase":"primary"}},{"type":"Feature","id":604,"geometry":{"type":"LineString","coordinates":[[-106.1119,28.72634],[-106.11192,28.72619],[-106.11182,28.72592],[-106.11152,28.72526]]},"properties":{"id":604,"nombre":"","clase":"primary"}},{"type":"Feature","id":605,"geometry":{"type":"LineString","coordinates":[[-106.11507,28.73321],[-106.11511,28.73316],[-106.11509,28.73311],[-106.11498,28.73285],[-106.115,28.73275],[-106.1151,28.73267],[-106.11525,28.73262]]},"properties":{"id":605,"nombre":"","clase":"trunk"}},{"type":"Feature","id":606,"geometry":{"type":"LineString","coordinates":[[-106.10769,28.71769],[-106.10779,28.71775],[-106.10786,28.71775],[-106.10791,28.71775]]},"properties":{"id":606,"nombre":"","clase":"primary"}},{"type":"Feature","id":607,"geometry":{"type":"LineString","coordinates":[[-106.11151,28.7254],[-106.11143,28.7254],[-106.11137,28.72541],[-106.11131,28.72544],[-106.11129,28.72547]]},"properties":{"id":607,"nombre":"","clase":"primary"}},{"type":"Feature","id":608,"geometry":{"type":"LineString","coordinates":[[-106.10751,28.59574],[-106.10752,28.59581],[-106.1075,28.59588],[-106.10741,28.59603],[-106.1074,28.5961],[-106.10742,28.59614],[-106.10746,28.59616]]},"properties":{"id":608,"nombre":"","clase":"trunk"}},{"type":"Feature","id":609,"geometry":{"type":"LineString","coordinates":[[-106.15306,28.71918],[-106.15308,28.71903],[-106.15301,28.71888],[-106.1528,28.71875]]},"properties":{"id":609,"nombre":"","clase":"trunk"}},{"type":"Feature","id":610,"geometry":{"type":"LineString","coordinates":[[-106.1154,28.62643],[-106.11549,28.62646],[-106.11562,28.62652]]},"properties":{"id":610,"nombre":"","clase":"secondary"}},{"type":"Feature","id":611,"geometry":{"type":"LineString","coordinates":[[-106.11528,28.62611],[-106.1153,28.62623],[-106.11532,28.62632]]},"properties":{"id":611,"nombre":"","clase":"secondary"}},{"type":"Feature","id":612,"geometry":{"type":"LineString","coordinates":[[-106.15997,28.74327],[-106.16014,28.74328]]},"properties":{"id":612,"nombre":"","clase":"trunk"}},{"type":"Feature","id":613,"geometry":{"type":"LineString","coordinates":[[-106.13473,28.74924],[-106.13501,28.74926],[-106.13518,28.74934],[-106.13527,28.7494]]},"properties":{"id":613,"nombre":"","clase":"secondary"}},{"type":"Feature","id":614,"geometry":{"type":"LineString","coordinates":[[-106.022,28.67872],[-106.02186,28.67893],[-106.02187,28.67902],[-106.02194,28.67914],[-106.02184,28.67916]]},"properties":{"id":614,"nombre":"","clase":"trunk"}},{"type":"Feature","id":615,"geometry":{"type":"LineString","coordinates":[[-106.15937,28.59476],[-106.15836,28.59616],[-106.15747,28.59738],[-106.15739,28.5975]]},"properties":{"id":615,"nombre":"","clase":"secondary"}},{"type":"Feature","id":616,"geometry":{"type":"LineString","coordinates":[[-106.06773,28.64626],[-106.06771,28.6463],[-106.06773,28.64635],[-106.06778,28.64637],[-106.06783,28.64636],[-106.06787,28.64633],[-106.06787,28.64629],[-106.06786,28.64626],[-106.06782,28.64623],[-106.06777,28.64623],[-106.06773,28.64626]]},"properties":{"id":616,"nombre":"","clase":"primary"}},{"type":"Feature","id":617,"geometry":{"type":"LineString","coordinates":[[-106.02471,28.61965],[-106.02361,28.6196]]},"properties":{"id":617,"nombre":"","clase":"primary"}},{"type":"Feature","id":618,"geometry":{"type":"LineString","coordinates":[[-106.02999,28.62073],[-106.02906,28.62063],[-106.02863,28.62063],[-106.02844,28.62071],[-106.02829,28.62087],[-106.02823,28.62111],[-106.02825,28.62136],[-106.02866,28.62275],[-106.02868,28.62286]]},"properties":{"id":618,"nombre":"","clase":"primary"}},{"type":"Feature","id":619,"geometry":{"type":"LineString","coordinates":[[-106.13702,28.70241],[-106.13713,28.70235],[-106.1372,28.70232],[-106.13724,28.70228],[-106.13724,28.70219],[-106.13718,28.70203],[-106.1371,28.70198]]},"properties":{"id":619,"nombre":"","clase":"primary"}},{"type":"Feature","id":620,"geometry":{"type":"LineString","coordinates":[[-106.09796,28.63277],[-106.09794,28.63268],[-106.09802,28.63211],[-106.098,28.63203],[-106.09796,28.632]]},"properties":{"id":620,"nombre":"","clase":"primary"}},{"type":"Feature","id":621,"geometry":{"type":"LineString","coordinates":[[-106.0882,28.66392],[-106.08819,28.66387],[-106.08821,28.6638],[-106.08823,28.66375]]},"properties":{"id":621,"nombre":"","clase":"primary"}},{"type":"Feature","id":622,"geometry":{"type":"LineString","coordinates":[[-106.13999,28.75198],[-106.13995,28.75189],[-106.13988,28.75174],[-106.13982,28.75161]]},"properties":{"id":622,"nombre":"","clase":"secondary"}},{"type":"Feature","id":623,"geometry":{"type":"LineString","coordinates":[[-106.12725,28.72932],[-106.12719,28.72927],[-106.12718,28.72922],[-106.12719,28.7292]]},"properties":{"id":623,"nombre":"","clase":"trunk"}},{"type":"Feature","id":624,"geometry":{"type":"LineString","coordinates":[[-106.12553,28.60046],[-106.12543,28.60022],[-106.12541,28.60011],[-106.12543,28.59996],[-106.12545,28.59983]]},"properties":{"id":624,"nombre":"","clase":"primary"}},{"type":"Feature","id":625,"geometry":{"type":"LineString","coordinates":[[-106.12936,28.66413],[-106.12942,28.66419],[-106.12944,28.66427],[-106.12948,28.66458],[-106.12954,28.66466],[-106.12967,28.66467],[-106.12977,28.66462],[-106.12982,28.66453],[-106.12979,28.66419],[-106.12979,28.66416],[-106.1298,28.66414]]},"properties":{"id":625,"nombre":"","clase":"secondary"}},{"type":"Feature","id":626,"geometry":{"type":"LineString","coordinates":[[-106.13164,28.64733],[-106.13202,28.64726],[-106.13288,28.64733],[-106.13296,28.64728],[-106.13291,28.64719]]},"properties":{"id":626,"nombre":"","clase":"primary"}},{"type":"Feature","id":627,"geometry":{"type":"LineString","coordinates":[[-106.04605,28.62216],[-106.04601,28.62208],[-106.04601,28.62204],[-106.04602,28.62197]]},"properties":{"id":627,"nombre":"","clase":"primary"}},{"type":"Feature","id":628,"geometry":{"type":"LineString","coordinates":[[-106.04521,28.62254],[-106.04529,28.62258],[-106.04531,28.62265]]},"properties":{"id":628,"nombre":"","clase":"primary"}},{"type":"Feature","id":629,"geometry":{"type":"LineString","coordinates":[[-106.11327,28.72927],[-106.11328,28.72925],[-106.1133,28.72923],[-106.11331,28.72921],[-106.11337,28.72918]]},"properties":{"id":629,"nombre":"","clase":"primary"}},{"type":"Feature","id":630,"geometry":{"type":"LineString","coordinates":[[-106.11569,28.62542],[-106.11556,28.62541],[-106.11546,28.62539],[-106.1154,28.62534],[-106.11528,28.62523]]},"properties":{"id":630,"nombre":"","clase":"secondary"}},{"type":"Feature","id":631,"geometry":{"type":"LineString","coordinates":[[-106.1112,28.62224],[-106.11142,28.62227]]},"properties":{"id":631,"nombre":"","clase":"secondary"}},{"type":"Feature","id":632,"geometry":{"type":"LineString","coordinates":[[-106.1187,28.60617],[-106.11867,28.60607],[-106.11867,28.60601],[-106.11868,28.60596],[-106.11871,28.6059]]},"properties":{"id":632,"nombre":"","clase":"primary"}},{"type":"Feature","id":633,"geometry":{"type":"LineString","coordinates":[[-106.1576,28.59758],[-106.15847,28.59638],[-106.15856,28.59626],[-106.15884,28.59587],[-106.15941,28.59505]]},"properties":{"id":633,"nombre":"","clase":"secondary"}},{"type":"Feature","id":634,"geometry":{"type":"LineString","coordinates":[[-106.12251,28.58137],[-106.12236,28.58125],[-106.12231,28.58118],[-106.1223,28.58111]]},"properties":{"id":634,"nombre":"","clase":"trunk"}},{"type":"Feature","id":635,"geometry":{"type":"LineString","coordinates":[[-106.02285,28.67972],[-106.02317,28.67989],[-106.02324,28.67987],[-106.02329,28.67982]]},"properties":{"id":635,"nombre":"","clase":"secondary"}},{"type":"Feature","id":636,"geometry":{"type":"LineString","coordinates":[[-105.96575,28.60878],[-105.96572,28.60898],[-105.96569,28.60904],[-105.96566,28.60907],[-105.9655,28.60916]]},"properties":{"id":636,"nombre":"","clase":"primary"}},{"type":"Feature","id":637,"geometry":{"type":"LineString","coordinates":[[-105.96561,28.60914],[-105.96576,28.60921],[-105.96585,28.6093],[-105.9659,28.60938]]},"properties":{"id":637,"nombre":"","clase":"primary"}},{"type":"Feature","id":638,"geometry":{"type":"LineString","coordinates":[[-106.01393,28.68881],[-106.01396,28.68869],[-106.01403,28.68858],[-106.01419,28.6883],[-106.01433,28.68806],[-106.01446,28.68787],[-106.01459,28.68769],[-106.01472,28.68751],[-106.01486,28.68733],[-106.01501,28.68715],[-106.01512,28.68699],[-106.01521,28.68686],[-106.01523,28.68674]]},"properties":{"id":638,"nombre":"","clase":"trunk"}},{"type":"Feature","id":639,"geometry":{"type":"LineString","coordinates":[[-106.01318,28.68911],[-106.0132,28.68921],[-106.01321,28.6893],[-106.01321,28.68939],[-106.01317,28.68947],[-106.01313,28.68955],[-106.01308,28.68963],[-106.01305,28.68968],[-106.01298,28.68982],[-106.01295,28.68986]]},"properties":{"id":639,"nombre":"","clase":"trunk"}},{"type":"Feature","id":640,"geometry":{"type":"LineString","coordinates":[[-106.01498,28.68681],[-106.01459,28.68732],[-106.01428,28.68766],[-106.01399,28.68793],[-106.01372,28.68807],[-106.01358,28.68811],[-106.0134,28.68816],[-106.01317,28.68818],[-106.01302,28.68817],[-106.01284,28.68815],[-106.01264,28.68811],[-106.01244,28.68804]]},"properties":{"id":640,"nombre":"","clase":"trunk"}},{"type":"Feature","id":641,"geometry":{"type":"LineString","coordinates":[[-106.01442,28.68753],[-106.01417,28.68789],[-106.01401,28.68811],[-106.01394,28.6882],[-106.01373,28.68832],[-106.0136,28.68834]]},"properties":{"id":641,"nombre":"","clase":"trunk"}},{"type":"Feature","id":642,"geometry":{"type":"LineString","coordinates":[[-106.01528,28.68653],[-106.01498,28.68681]]},"properties":{"id":642,"nombre":"","clase":"trunk"}},{"type":"Feature","id":643,"geometry":{"type":"LineString","coordinates":[[-106.01401,28.68914],[-106.01399,28.68893],[-106.01402,28.68872],[-106.01409,28.68848]]},"properties":{"id":643,"nombre":"","clase":"trunk"}},{"type":"Feature","id":644,"geometry":{"type":"LineString","coordinates":[[-106.115,28.73205],[-106.11487,28.73208],[-106.1148,28.73213],[-106.11476,28.7322],[-106.11481,28.73238],[-106.11484,28.73246],[-106.1149,28.73254],[-106.11502,28.73259]]},"properties":{"id":644,"nombre":"","clase":"trunk"}},{"type":"Feature","id":645,"geometry":{"type":"LineString","coordinates":[[-106.11406,28.73257],[-106.11416,28.73251],[-106.11424,28.73245],[-106.11427,28.7324],[-106.11422,28.73222],[-106.11418,28.73213],[-106.1141,28.73207],[-106.114,28.73203]]},"properties":{"id":645,"nombre":"","clase":"trunk"}},{"type":"Feature","id":646,"geometry":{"type":"LineString","coordinates":[[-105.99117,28.68362],[-105.99177,28.68277],[-105.99326,28.68064],[-105.99532,28.67794],[-105.99562,28.6775]]},"properties":{"id":646,"nombre":"","clase":"secondary"}},{"type":"Feature","id":647,"geometry":{"type":"LineString","coordinates":[[-106.07065,28.62698],[-106.07169,28.62753],[-106.07353,28.62849],[-106.07421,28.62886]]},"properties":{"id":647,"nombre":"12 A","clase":"secondary"}},{"type":"Feature","id":648,"geometry":{"type":"LineString","coordinates":[[-106.06757,28.6253],[-106.06807,28.62559],[-106.06858,28.62586],[-106.0696,28.62644],[-106.07065,28.62698]]},"properties":{"id":648,"nombre":"12 A","clase":"secondary"}},{"type":"Feature","id":649,"geometry":{"type":"LineString","coordinates":[[-106.05736,28.61951],[-106.05787,28.61979],[-106.05883,28.62032],[-106.05913,28.62049],[-106.06048,28.62124],[-106.0615,28.62183],[-106.06279,28.62257],[-106.06305,28.62272],[-106.06352,28.62299]]},"properties":{"id":649,"nombre":"12 A","clase":"secondary"}},{"type":"Feature","id":650,"geometry":{"type":"LineString","coordinates":[[-106.06352,28.62299],[-106.06454,28.62358],[-106.06555,28.62415],[-106.06757,28.6253]]},"properties":{"id":650,"nombre":"12 A","clase":"secondary"}},{"type":"Feature","id":651,"geometry":{"type":"LineString","coordinates":[[-106.07115,28.62647],[-106.07118,28.62642],[-106.07121,28.62638]]},"properties":{"id":651,"nombre":"20 de Noviembre","clase":"primary"}},{"type":"Feature","id":652,"geometry":{"type":"LineString","coordinates":[[-106.06878,28.62955],[-106.06676,28.62841],[-106.06474,28.62726],[-106.06308,28.62632],[-106.06272,28.62611]]},"properties":{"id":652,"nombre":"4 A","clase":"secondary"}},{"type":"Feature","id":653,"geometry":{"type":"LineString","coordinates":[[-106.06917,28.62977],[-106.06887,28.6296],[-106.06878,28.62955]]},"properties":{"id":653,"nombre":"4 A","clase":"secondary"}},{"type":"Feature","id":654,"geometry":{"type":"LineString","coordinates":[[-106.06982,28.63013],[-106.06917,28.62977]]},"properties":{"id":654,"nombre":"4 A","clase":"secondary"}},{"type":"Feature","id":655,"geometry":{"type":"LineString","coordinates":[[-106.07306,28.63206],[-106.07239,28.63163],[-106.0715,28.6311],[-106.06982,28.63013]]},"properties":{"id":655,"nombre":"4 A","clase":"secondary"}},{"type":"Feature","id":656,"geometry":{"type":"LineString","coordinates":[[-106.05447,28.62145],[-106.05357,28.62096],[-106.05354,28.62094],[-106.05347,28.6209]]},"properties":{"id":656,"nombre":"4 A","clase":"secondary"}},{"type":"Feature","id":657,"geometry":{"type":"LineString","coordinates":[[-106.05553,28.62205],[-106.05501,28.62176],[-106.05447,28.62145]]},"properties":{"id":657,"nombre":"4 A","clase":"secondary"}},{"type":"Feature","id":658,"geometry":{"type":"LineString","coordinates":[[-106.05861,28.62378],[-106.0576,28.62322],[-106.05655,28.62263],[-106.05553,28.62205]]},"properties":{"id":658,"nombre":"4 A","clase":"secondary"}},{"type":"Feature","id":659,"geometry":{"type":"LineString","coordinates":[[-106.06067,28.62496],[-106.05968,28.62438],[-106.05921,28.62413],[-106.05861,28.62378]]},"properties":{"id":659,"nombre":"4 A","clase":"secondary"}},{"type":"Feature","id":660,"geometry":{"type":"LineString","coordinates":[[-106.06169,28.62552],[-106.06147,28.6254],[-106.06067,28.62496]]},"properties":{"id":660,"nombre":"4 A","clase":"secondary"}},{"type":"Feature","id":661,"geometry":{"type":"LineString","coordinates":[[-106.06272,28.62611],[-106.06226,28.62585],[-106.06203,28.62573],[-106.06169,28.62552]]},"properties":{"id":661,"nombre":"4 A","clase":"secondary"}},{"type":"Feature","id":662,"geometry":{"type":"LineString","coordinates":[[-106.05347,28.6209],[-106.05341,28.62085],[-106.05336,28.62081],[-106.05332,28.62078]]},"properties":{"id":662,"nombre":"4 A.","clase":"secondary"}},{"type":"Feature","id":663,"geometry":{"type":"LineString","coordinates":[[-106.08556,28.62709],[-106.08568,28.62624],[-106.08585,28.625],[-106.08605,28.6244],[-106.08628,28.62374],[-106.08647,28.62325],[-106.08679,28.62251],[-106.08726,28.62136]]},"properties":{"id":663,"nombre":"AVENIDA FRANCISCO ZARCO MATEOS","clase":"secondary"}},{"type":"Feature","id":664,"geometry":{"type":"LineString","coordinates":[[-106.0876,28.62057],[-106.0874,28.62105],[-106.08726,28.62136]]},"properties":{"id":664,"nombre":"AVENIDA FRANCISCO ZARCO MATEOS","clase":"secondary"}},{"type":"Feature","id":665,"geometry":{"type":"LineString","coordinates":[[-105.97404,28.71537],[-105.97414,28.71551],[-105.97418,28.7156],[-105.97419,28.71576],[-105.97415,28.71592],[-105.97412,28.716],[-105.97407,28.71609],[-105.97321,28.71734],[-105.9722,28.71877],[-105.97083,28.72075],[-105.97041,28.72131]]},"properties":{"id":665,"nombre":"Acceso al Aeropuerto","clase":"secondary"}},{"type":"Feature","id":666,"geometry":{"type":"LineString","coordinates":[[-105.97404,28.71537],[-105.97392,28.71525],[-105.97382,28.71518],[-105.97355,28.71503],[-105.97339,28.71491],[-105.97331,28.71479],[-105.97329,28.71465],[-105.97331,28.71451],[-105.9734,28.71436],[-105.97356,28.71414],[-105.97414,28.7133],[-105.97635,28.71023],[-105.97692,28.70943],[-105.97766,28.7084],[-105.9782,28.70769]]},"properties":{"id":666,"nombre":"Acceso al Aeropuerto","clase":"secondary"}},{"type":"Feature","id":667,"geometry":{"type":"LineString","coordinates":[[-105.97955,28.70387],[-105.97798,28.70301],[-105.97775,28.70289],[-105.97754,28.70276],[-105.97736,28.70264]]},"properties":{"id":667,"nombre":"Acceso al Aeropuerto","clase":"secondary"}},{"type":"Feature","id":668,"geometry":{"type":"LineString","coordinates":[[-105.97955,28.70387],[-105.98042,28.70435],[-105.9805,28.70442],[-105.9805,28.70454],[-105.98046,28.70461],[-105.97906,28.70652],[-105.97874,28.70695],[-105.9782,28.70769]]},"properties":{"id":668,"nombre":"Acceso al Aeropuerto","clase":"secondary"}},{"type":"Feature","id":669,"geometry":{"type":"LineString","coordinates":[[-105.96595,28.60907],[-105.96561,28.60914],[-105.96524,28.60921],[-105.96444,28.60935],[-105.96346,28.60946],[-105.96249,28.60948],[-105.96125,28.6095],[-105.95976,28.60951]]},"properties":{"id":669,"nombre":"Acceso al Cereso Chihuahua","clase":"secondary"}},{"type":"Feature","id":670,"geometry":{"type":"LineString","coordinates":[[-105.95976,28.60951],[-105.95607,28.60955],[-105.95339,28.60958],[-105.95157,28.6096],[-105.95034,28.60961]]},"properties":{"id":670,"nombre":"Acceso al Cereso Chihuahua","clase":"secondary"}},{"type":"Feature","id":671,"geometry":{"type":"LineString","coordinates":[[-105.95014,28.60962],[-105.95034,28.60961]]},"properties":{"id":671,"nombre":"Acceso al Cereso Chihuahua","clase":"secondary"}},{"type":"Feature","id":672,"geometry":{"type":"LineString","coordinates":[[-106.026,28.67417],[-106.02843,28.67138],[-106.0295,28.67014],[-106.0303,28.66892],[-106.03084,28.66807]]},"properties":{"id":672,"nombre":"Autopista Chihuahua - Aldama","clase":"trunk"}},{"type":"Feature","id":673,"geometry":{"type":"LineString","coordinates":[[-106.03689,28.65749],[-106.03704,28.65727],[-106.03751,28.65671],[-106.03817,28.65621],[-106.03881,28.65589],[-106.03926,28.65575],[-106.04021,28.65562],[-106.04156,28.65555],[-106.04258,28.65554],[-106.0436,28.6557],[-106.04497,28.6561],[-106.04795,28.6571],[-106.04997,28.65789],[-106.05168,28.65857],[-106.05225,28.6588],[-106.05278,28.65894],[-106.05321,28.65894],[-106.05357,28.65885],[-106.05422,28.65858],[-106.05455,28.65845]]},"properties":{"id":673,"nombre":"Autopista Chihuahua - Aldama","clase":"trunk"}},{"type":"Feature","id":674,"geometry":{"type":"LineString","coordinates":[[-106.03084,28.66807],[-106.03223,28.6656],[-106.03417,28.66216],[-106.03613,28.65876],[-106.03622,28.65861],[-106.03637,28.65832],[-106.0365,28.65809],[-106.03661,28.65789],[-106.03676,28.6577]]},"properties":{"id":674,"nombre":"Autopista Chihuahua - Aldama","clase":"trunk"}},{"type":"Feature","id":675,"geometry":{"type":"LineString","coordinates":[[-106.03223,28.6656],[-106.03236,28.66549],[-106.03246,28.66534],[-106.03428,28.66217],[-106.03446,28.66186],[-106.03478,28.6613],[-106.03631,28.65859],[-106.03656,28.65814],[-106.03667,28.65792],[-106.03676,28.6577]]},"properties":{"id":675,"nombre":"Autopista Chihuahua - Aldama","clase":"trunk"}},{"type":"Feature","id":676,"geometry":{"type":"LineString","coordinates":[[-106.03676,28.6577],[-106.03686,28.65755],[-106.03689,28.65749]]},"properties":{"id":676,"nombre":"Autopista Chihuahua - Aldama","clase":"trunk"}},{"type":"Feature","id":677,"geometry":{"type":"LineString","coordinates":[[-106.08441,28.60813],[-106.08346,28.60946],[-106.08279,28.6104],[-106.08211,28.61132],[-106.08113,28.61267],[-106.08046,28.61358]]},"properties":{"id":677,"nombre":"Avenida 20 De Noviembre","clase":"secondary"}},{"type":"Feature","id":678,"geometry":{"type":"LineString","coordinates":[[-106.07892,28.6157],[-106.07875,28.61594],[-106.07847,28.61632],[-106.07781,28.61724],[-106.07671,28.61871],[-106.07627,28.61938]]},"properties":{"id":678,"nombre":"Avenida 20 De Noviembre","clase":"secondary"}},{"type":"Feature","id":679,"geometry":{"type":"LineString","coordinates":[[-106.08578,28.60621],[-106.08513,28.60713],[-106.08441,28.60813]]},"properties":{"id":679,"nombre":"Avenida 20 De Noviembre","clase":"secondary"}},{"type":"Feature","id":680,"geometry":{"type":"LineString","coordinates":[[-106.08046,28.61358],[-106.0798,28.6145],[-106.07914,28.6154],[-106.07892,28.6157]]},"properties":{"id":680,"nombre":"Avenida 20 De Noviembre","clase":"secondary"}},{"type":"Feature","id":681,"geometry":{"type":"LineString","coordinates":[[-106.08644,28.60531],[-106.08628,28.60554],[-106.08578,28.60621]]},"properties":{"id":681,"nombre":"Avenida 20 De Noviembre","clase":"secondary"}},{"type":"Feature","id":682,"geometry":{"type":"LineString","coordinates":[[-106.05876,28.64336],[-106.05806,28.64433],[-106.0574,28.64524],[-106.05708,28.64572],[-106.05612,28.6471],[-106.05582,28.64749],[-106.05545,28.64796]]},"properties":{"id":682,"nombre":"Avenida 20 de Noviembre","clase":"primary"}},{"type":"Feature","id":683,"geometry":{"type":"LineString","coordinates":[[-106.07114,28.62634],[-106.07107,28.62642],[-106.07009,28.62774],[-106.06926,28.62889],[-106.06837,28.63011],[-106.06749,28.63131]]},"properties":{"id":683,"nombre":"Avenida 20 de Noviembre","clase":"primary"}},{"type":"Feature","id":684,"geometry":{"type":"LineString","coordinates":[[-106.07609,28.61961],[-106.07504,28.62103],[-106.07429,28.62205],[-106.07354,28.62307],[-106.07277,28.62412],[-106.07241,28.6246]]},"properties":{"id":684,"nombre":"Avenida 20 de Noviembre","clase":"primary"}},{"type":"Feature","id":685,"geometry":{"type":"LineString","coordinates":[[-106.07241,28.6246],[-106.07202,28.62512],[-106.07163,28.62566],[-106.07138,28.62601],[-106.07114,28.62634]]},"properties":{"id":685,"nombre":"Avenida 20 de Noviembre","clase":"primary"}},{"type":"Feature","id":686,"geometry":{"type":"LineString","coordinates":[[-106.08449,28.60817],[-106.0852,28.60717],[-106.08587,28.60627],[-106.08638,28.60558],[-106.08654,28.60537]]},"properties":{"id":686,"nombre":"Avenida 20 de Noviembre","clase":"secondary"}},{"type":"Feature","id":687,"geometry":{"type":"LineString","coordinates":[[-106.08253,28.6109],[-106.08319,28.61],[-106.08384,28.60907],[-106.08449,28.60817]]},"properties":{"id":687,"nombre":"Avenida 20 de Noviembre","clase":"secondary"}},{"type":"Feature","id":688,"geometry":{"type":"LineString","coordinates":[[-106.07987,28.61454],[-106.08053,28.61363],[-106.08186,28.61181],[-106.08253,28.6109]]},"properties":{"id":688,"nombre":"Avenida 20 de Noviembre","clase":"secondary"}},{"type":"Feature","id":689,"geometry":{"type":"LineString","coordinates":[[-106.07904,28.6157],[-106.07922,28.61544],[-106.07953,28.61501],[-106.07987,28.61454]]},"properties":{"id":689,"nombre":"Avenida 20 de Noviembre","clase":"secondary"}},{"type":"Feature","id":690,"geometry":{"type":"LineString","coordinates":[[-106.07899,28.61577],[-106.07904,28.6157]]},"properties":{"id":690,"nombre":"Avenida 20 de Noviembre","clase":"secondary"}},{"type":"Feature","id":691,"geometry":{"type":"LineString","coordinates":[[-106.07855,28.61637],[-106.07887,28.61594],[-106.07899,28.61577]]},"properties":{"id":691,"nombre":"Avenida 20 de Noviembre","clase":"secondary"}},{"type":"Feature","id":692,"geometry":{"type":"LineString","coordinates":[[-106.07679,28.61875],[-106.0772,28.61819],[-106.07787,28.61727],[-106.07855,28.61637]]},"properties":{"id":692,"nombre":"Avenida 20 de Noviembre","clase":"secondary"}},{"type":"Feature","id":693,"geometry":{"type":"LineString","coordinates":[[-106.07639,28.61934],[-106.07648,28.61919],[-106.07679,28.61875]]},"properties":{"id":693,"nombre":"Avenida 20 de Noviembre","clase":"secondary"}},{"type":"Feature","id":694,"geometry":{"type":"LineString","coordinates":[[-106.07627,28.61938],[-106.07618,28.61949],[-106.07609,28.61961]]},"properties":{"id":694,"nombre":"Avenida 20 de Noviembre","clase":"primary"}},{"type":"Feature","id":695,"geometry":{"type":"LineString","coordinates":[[-106.07631,28.61946],[-106.07639,28.61934]]},"properties":{"id":695,"nombre":"Avenida 20 de Noviembre","clase":"primary"}},{"type":"Feature","id":696,"geometry":{"type":"LineString","coordinates":[[-106.07616,28.61966],[-106.07631,28.61946]]},"properties":{"id":696,"nombre":"Avenida 20 de Noviembre","clase":"primary"}},{"type":"Feature","id":697,"geometry":{"type":"LineString","coordinates":[[-106.07511,28.62107],[-106.0755,28.62056],[-106.07616,28.61966]]},"properties":{"id":697,"nombre":"Avenida 20 de Noviembre","clase":"primary"}},{"type":"Feature","id":698,"geometry":{"type":"LineString","coordinates":[[-106.07472,28.62158],[-106.07511,28.62107]]},"properties":{"id":698,"nombre":"Avenida 20 de Noviembre","clase":"primary"}},{"type":"Feature","id":699,"geometry":{"type":"LineString","coordinates":[[-106.07436,28.62208],[-106.07472,28.62158]]},"properties":{"id":699,"nombre":"Avenida 20 de Noviembre","clase":"primary"}},{"type":"Feature","id":700,"geometry":{"type":"LineString","coordinates":[[-106.07398,28.6226],[-106.07436,28.62208]]},"properties":{"id":700,"nombre":"Avenida 20 de Noviembre","clase":"primary"}},{"type":"Feature","id":701,"geometry":{"type":"LineString","coordinates":[[-106.0736,28.6231],[-106.07398,28.6226]]},"properties":{"id":701,"nombre":"Avenida 20 de Noviembre","clase":"primary"}},{"type":"Feature","id":702,"geometry":{"type":"LineString","coordinates":[[-106.07323,28.62362],[-106.0736,28.6231]]},"properties":{"id":702,"nombre":"Avenida 20 de Noviembre","clase":"primary"}},{"type":"Feature","id":703,"geometry":{"type":"LineString","coordinates":[[-106.07285,28.62416],[-106.07323,28.62362]]},"properties":{"id":703,"nombre":"Avenida 20 de Noviembre","clase":"primary"}},{"type":"Feature","id":704,"geometry":{"type":"LineString","coordinates":[[-106.0725,28.62466],[-106.07285,28.62416]]},"properties":{"id":704,"nombre":"Avenida 20 de Noviembre","clase":"primary"}},{"type":"Feature","id":705,"geometry":{"type":"LineString","coordinates":[[-106.07211,28.62517],[-106.0725,28.62466]]},"properties":{"id":705,"nombre":"Avenida 20 de Noviembre","clase":"primary"}},{"type":"Feature","id":706,"geometry":{"type":"LineString","coordinates":[[-106.07171,28.62571],[-106.07211,28.62517]]},"properties":{"id":706,"nombre":"Avenida 20 de Noviembre","clase":"primary"}},{"type":"Feature","id":707,"geometry":{"type":"LineString","coordinates":[[-106.07121,28.62638],[-106.07146,28.62606],[-106.07171,28.62571]]},"properties":{"id":707,"nombre":"Avenida 20 de Noviembre","clase":"primary"}},{"type":"Feature","id":708,"geometry":{"type":"LineString","coordinates":[[-106.07075,28.62703],[-106.07115,28.62647]]},"properties":{"id":708,"nombre":"Avenida 20 de Noviembre","clase":"primary"}},{"type":"Feature","id":709,"geometry":{"type":"LineString","coordinates":[[-106.0697,28.62845],[-106.06996,28.6281],[-106.07018,28.62779],[-106.07075,28.62703]]},"properties":{"id":709,"nombre":"Avenida 20 de Noviembre","clase":"primary"}},{"type":"Feature","id":710,"geometry":{"type":"LineString","coordinates":[[-106.06935,28.62894],[-106.0697,28.62845]]},"properties":{"id":710,"nombre":"Avenida 20 de Noviembre","clase":"primary"}},{"type":"Feature","id":711,"geometry":{"type":"LineString","coordinates":[[-106.06887,28.6296],[-106.06935,28.62894]]},"properties":{"id":711,"nombre":"Avenida 20 de Noviembre","clase":"primary"}},{"type":"Feature","id":712,"geometry":{"type":"LineString","coordinates":[[-106.06845,28.63016],[-106.06887,28.6296]]},"properties":{"id":712,"nombre":"Avenida 20 de Noviembre","clase":"primary"}},{"type":"Feature","id":713,"geometry":{"type":"LineString","coordinates":[[-106.06791,28.63091],[-106.06845,28.63016]]},"properties":{"id":713,"nombre":"Avenida 20 de Noviembre","clase":"primary"}},{"type":"Feature","id":714,"geometry":{"type":"LineString","coordinates":[[-106.0656,28.63393],[-106.06522,28.63445],[-106.06442,28.63555],[-106.06327,28.63715],[-106.06194,28.63898]]},"properties":{"id":714,"nombre":"Avenida 20 de Noviembre","clase":"primary"}},{"type":"Feature","id":715,"geometry":{"type":"LineString","coordinates":[[-106.06567,28.63397],[-106.06685,28.63237],[-106.06749,28.63148],[-106.06791,28.63091]]},"properties":{"id":715,"nombre":"Avenida 20 de Noviembre","clase":"primary"}},{"type":"Feature","id":716,"geometry":{"type":"LineString","coordinates":[[-106.06267,28.63813],[-106.06393,28.63639],[-106.06479,28.63519],[-106.06545,28.63427],[-106.06567,28.63397]]},"properties":{"id":716,"nombre":"Avenida 20 de Noviembre","clase":"primary"}},{"type":"Feature","id":717,"geometry":{"type":"LineString","coordinates":[[-106.06194,28.63898],[-106.06088,28.64042],[-106.05994,28.64173],[-106.05876,28.64336]]},"properties":{"id":717,"nombre":"Avenida 20 de Noviembre","clase":"primary"}},{"type":"Feature","id":718,"geometry":{"type":"LineString","coordinates":[[-106.06201,28.63902],[-106.06267,28.63813]]},"properties":{"id":718,"nombre":"Avenida 20 de Noviembre","clase":"primary"}},{"type":"Feature","id":719,"geometry":{"type":"LineString","coordinates":[[-106.06135,28.63996],[-106.06201,28.63902]]},"properties":{"id":719,"nombre":"Avenida 20 de Noviembre","clase":"primary"}},{"type":"Feature","id":720,"geometry":{"type":"LineString","coordinates":[[-106.05885,28.64341],[-106.06001,28.64178],[-106.06096,28.64047],[-106.06135,28.63996]]},"properties":{"id":720,"nombre":"Avenida 20 de Noviembre","clase":"primary"}},{"type":"Feature","id":721,"geometry":{"type":"LineString","coordinates":[[-106.05879,28.6435],[-106.05885,28.64341]]},"properties":{"id":721,"nombre":"Avenida 20 de Noviembre","clase":"primary"}},{"type":"Feature","id":722,"geometry":{"type":"LineString","coordinates":[[-106.05809,28.64443],[-106.05846,28.64394],[-106.05879,28.6435]]},"properties":{"id":722,"nombre":"Avenida 20 de Noviembre","clase":"primary"}},{"type":"Feature","id":723,"geometry":{"type":"LineString","coordinates":[[-106.05497,28.64864],[-106.05473,28.64926],[-106.05419,28.65029],[-106.05349,28.65185],[-106.05329,28.65211],[-106.05291,28.65233],[-106.05239,28.65245],[-106.0511,28.65249],[-106.05048,28.65267],[-106.05006,28.65299],[-106.04969,28.65343]]},"properties":{"id":723,"nombre":"Avenida 20 de Noviembre","clase":"primary"}},{"type":"Feature","id":724,"geometry":{"type":"LineString","coordinates":[[-106.05497,28.64864],[-106.05514,28.64835],[-106.05545,28.64796]]},"properties":{"id":724,"nombre":"Avenida 20 de Noviembre","clase":"primary"}},{"type":"Feature","id":725,"geometry":{"type":"LineString","coordinates":[[-106.04969,28.65343],[-106.04965,28.65345],[-106.04961,28.6535]]},"properties":{"id":725,"nombre":"Avenida 20 de Noviembre","clase":"primary"}},{"type":"Feature","id":726,"geometry":{"type":"LineString","coordinates":[[-106.05778,28.64484],[-106.05809,28.64443]]},"properties":{"id":726,"nombre":"Avenida 20 de Noviembre","clase":"primary"}},{"type":"Feature","id":727,"geometry":{"type":"LineString","coordinates":[[-106.06749,28.63131],[-106.06713,28.6318],[-106.06673,28.63236],[-106.06606,28.6333],[-106.0656,28.63393]]},"properties":{"id":727,"nombre":"Avenida 20 de Noviembre","clase":"primary"}},{"type":"Feature","id":728,"geometry":{"type":"LineString","coordinates":[[-106.05738,28.64532],[-106.05745,28.64528],[-106.05753,28.64517],[-106.05778,28.64484]]},"properties":{"id":728,"nombre":"Avenida 20 de Noviembre","clase":"primary"}},{"type":"Feature","id":729,"geometry":{"type":"LineString","coordinates":[[-106.04963,28.65353],[-106.04968,28.65346],[-106.04969,28.65343]]},"properties":{"id":729,"nombre":"Avenida 20 de Noviembre","clase":"primary"}},{"type":"Feature","id":730,"geometry":{"type":"LineString","coordinates":[[-106.03366,28.65151],[-106.0335,28.65151]]},"properties":{"id":730,"nombre":"Avenida Aeropuerto","clase":"primary"}},{"type":"Feature","id":731,"geometry":{"type":"LineString","coordinates":[[-106.03291,28.6515],[-106.03251,28.65151],[-106.03216,28.65157],[-106.03196,28.65165],[-106.03156,28.6519],[-106.02922,28.65357],[-106.02889,28.65382],[-106.02695,28.65521]]},"properties":{"id":731,"nombre":"Avenida Aeropuerto","clase":"secondary"}},{"type":"Feature","id":732,"geometry":{"type":"LineString","coordinates":[[-106.0335,28.65151],[-106.0331,28.6515],[-106.03291,28.6515]]},"properties":{"id":732,"nombre":"Avenida Aeropuerto","clase":"secondary"}},{"type":"Feature","id":733,"geometry":{"type":"LineString","coordinates":[[-106.03074,28.65263],[-106.03166,28.65195],[-106.0321,28.65169],[-106.03247,28.6516],[-106.03288,28.65159],[-106.03365,28.6516]]},"properties":{"id":733,"nombre":"Avenida Aeropuerto","clase":"secondary"}},{"type":"Feature","id":734,"geometry":{"type":"LineString","coordinates":[[-106.02931,28.65366],[-106.03074,28.65263]]},"properties":{"id":734,"nombre":"Avenida Aeropuerto","clase":"secondary"}},{"type":"Feature","id":735,"geometry":{"type":"LineString","coordinates":[[-106.02702,28.65529],[-106.02721,28.65517],[-106.02895,28.65391],[-106.02923,28.65371],[-106.02931,28.65366]]},"properties":{"id":735,"nombre":"Avenida Aeropuerto","clase":"secondary"}},{"type":"Feature","id":736,"geometry":{"type":"LineString","coordinates":[[-106.08784,28.66383],[-106.08678,28.6642],[-106.08472,28.66494],[-106.08413,28.66514],[-106.08309,28.66552],[-106.08248,28.66575],[-106.08205,28.66591],[-106.08056,28.66647],[-106.08034,28.66656],[-106.07942,28.6669],[-106.07925,28.66696]]},"properties":{"id":736,"nombre":"Avenida Agustín Melgar","clase":"secondary"}},{"type":"Feature","id":737,"geometry":{"type":"LineString","coordinates":[[-106.08784,28.66383],[-106.08823,28.66375],[-106.08924,28.66338],[-106.08988,28.66316],[-106.09164,28.66248],[-106.09286,28.66206],[-106.09407,28.66162]]},"properties":{"id":737,"nombre":"Avenida Agustín Melgar","clase":"primary"}},{"type":"Feature","id":738,"geometry":{"type":"LineString","coordinates":[[-106.07925,28.66696],[-106.07806,28.66737],[-106.07707,28.66771],[-106.07669,28.66785]]},"properties":{"id":738,"nombre":"Avenida Agustín Melgar","clase":"secondary"}},{"type":"Feature","id":739,"geometry":{"type":"LineString","coordinates":[[-106.08801,28.66376],[-106.08784,28.66383]]},"properties":{"id":739,"nombre":"Avenida Agustín Melgar","clase":"primary"}},{"type":"Feature","id":740,"geometry":{"type":"LineString","coordinates":[[-106.09161,28.66242],[-106.08985,28.66309],[-106.08921,28.66332],[-106.08801,28.66376]]},"properties":{"id":740,"nombre":"Avenida Agustín Melgar","clase":"primary"}},{"type":"Feature","id":741,"geometry":{"type":"LineString","coordinates":[[-106.09283,28.66199],[-106.09261,28.66208],[-106.09161,28.66242]]},"properties":{"id":741,"nombre":"Avenida Agustín Melgar","clase":"primary"}},{"type":"Feature","id":742,"geometry":{"type":"LineString","coordinates":[[-106.09403,28.66155],[-106.09283,28.66199]]},"properties":{"id":742,"nombre":"Avenida Agustín Melgar","clase":"primary"}},{"type":"Feature","id":743,"geometry":{"type":"LineString","coordinates":[[-106.09604,28.6608],[-106.0957,28.66094],[-106.09485,28.66125],[-106.09433,28.66144],[-106.09403,28.66155]]},"properties":{"id":743,"nombre":"Avenida Agustín Melgar","clase":"primary"}},{"type":"Feature","id":744,"geometry":{"type":"LineString","coordinates":[[-106.09587,28.66095],[-106.0961,28.66085]]},"properties":{"id":744,"nombre":"Avenida Agustín Melgar","clase":"primary"}},{"type":"Feature","id":745,"geometry":{"type":"LineString","coordinates":[[-106.09407,28.66162],[-106.09437,28.66151],[-106.09526,28.66118],[-106.09587,28.66095]]},"properties":{"id":745,"nombre":"Avenida Agustín Melgar","clase":"primary"}},{"type":"Feature","id":746,"geometry":{"type":"LineString","coordinates":[[-106.15,28.65611],[-106.15009,28.65635],[-106.15028,28.65703],[-106.15035,28.6574],[-106.15032,28.6578],[-106.14986,28.65888],[-106.14941,28.65989],[-106.1493,28.66023],[-106.14927,28.66067],[-106.14931,28.66093],[-106.14943,28.66129],[-106.14957,28.66154],[-106.14966,28.66167]]},"properties":{"id":746,"nombre":"Avenida Bosque Real","clase":"secondary"}},{"type":"Feature","id":747,"geometry":{"type":"LineString","coordinates":[[-106.14966,28.66167],[-106.14977,28.66178],[-106.15034,28.66242],[-106.1513,28.66349],[-106.15139,28.6636]]},"properties":{"id":747,"nombre":"Avenida Bosque Real","clase":"secondary"}},{"type":"Feature","id":748,"geometry":{"type":"LineString","coordinates":[[-106.15148,28.66351],[-106.15051,28.66245],[-106.15033,28.66226],[-106.14974,28.6616],[-106.14953,28.66126],[-106.14941,28.66088],[-106.14938,28.6606],[-106.14943,28.66019],[-106.14963,28.65963],[-106.15011,28.6586],[-106.15038,28.65797],[-106.15045,28.65768],[-106.15044,28.65725],[-106.15032,28.65671],[-106.15018,28.65623],[-106.15012,28.65606]]},"properties":{"id":748,"nombre":"Avenida Bosque Real","clase":"secondary"}},{"type":"Feature","id":749,"geometry":{"type":"LineString","coordinates":[[-106.02757,28.6205],[-106.02797,28.62078],[-106.0281,28.6209],[-106.02828,28.62123],[-106.02874,28.62287],[-106.02887,28.62338],[-106.02917,28.62447],[-106.02937,28.62498],[-106.02966,28.62553]]},"properties":{"id":749,"nombre":"Avenida Carlos Pacheco","clase":"primary"}},{"type":"Feature","id":750,"geometry":{"type":"LineString","coordinates":[[-106.02966,28.62553],[-106.02985,28.62607],[-106.02991,28.62626],[-106.02997,28.62638]]},"properties":{"id":750,"nombre":"Avenida Carlos Pacheco","clase":"primary"}},{"type":"Feature","id":751,"geometry":{"type":"LineString","coordinates":[[-106.02997,28.62638],[-106.0306,28.62676],[-106.03107,28.62713],[-106.03157,28.62753],[-106.0317,28.62764],[-106.03206,28.62797],[-106.03434,28.63001],[-106.03668,28.6321],[-106.03746,28.6328]]},"properties":{"id":751,"nombre":"Avenida Carlos Pacheco","clase":"trunk"}},{"type":"Feature","id":752,"geometry":{"type":"LineString","coordinates":[[-106.03041,28.62626],[-106.02985,28.62551],[-106.02941,28.62468],[-106.02922,28.62405],[-106.02902,28.62335],[-106.0289,28.6229],[-106.02874,28.62238],[-106.02842,28.62113]]},"properties":{"id":752,"nombre":"Avenida Carlos Pacheco","clase":"primary"}},{"type":"Feature","id":753,"geometry":{"type":"LineString","coordinates":[[-106.02842,28.62113],[-106.02839,28.62096],[-106.02837,28.6208],[-106.02836,28.62054],[-106.02827,28.62053],[-106.0282,28.6208],[-106.02816,28.62099]]},"properties":{"id":753,"nombre":"Avenida Carlos Pacheco","clase":"primary"}},{"type":"Feature","id":754,"geometry":{"type":"LineString","coordinates":[[-106.0315,28.62731],[-106.03109,28.62693],[-106.03058,28.62645],[-106.03041,28.62626]]},"properties":{"id":754,"nombre":"Avenida Carlos Pacheco","clase":"trunk"}},{"type":"Feature","id":755,"geometry":{"type":"LineString","coordinates":[[-106.03767,28.6328],[-106.0366,28.63189],[-106.03455,28.63007],[-106.03415,28.62971],[-106.0319,28.62767]]},"properties":{"id":755,"nombre":"Avenida Carlos Pacheco","clase":"trunk"}},{"type":"Feature","id":756,"geometry":{"type":"LineString","coordinates":[[-106.0319,28.62767],[-106.0315,28.62731]]},"properties":{"id":756,"nombre":"Avenida Carlos Pacheco","clase":"trunk"}},{"type":"Feature","id":757,"geometry":{"type":"LineString","coordinates":[[-106.03746,28.6328],[-106.03785,28.63312],[-106.03803,28.63328],[-106.03862,28.63371],[-106.03944,28.63424]]},"properties":{"id":757,"nombre":"Avenida Carlos Pacheco Villa","clase":"trunk"}},{"type":"Feature","id":758,"geometry":{"type":"LineString","coordinates":[[-106.04267,28.63597],[-106.0431,28.636],[-106.04352,28.63599],[-106.04389,28.63595],[-106.04453,28.6359],[-106.04508,28.63593],[-106.04552,28.63604],[-106.04601,28.63626],[-106.04944,28.63821]]},"properties":{"id":758,"nombre":"Avenida Carlos Pacheco Villa","clase":"primary"}},{"type":"Feature","id":759,"geometry":{"type":"LineString","coordinates":[[-106.06535,28.6486],[-106.06544,28.64867],[-106.06664,28.64966],[-106.0672,28.65014],[-106.06758,28.65045],[-106.06824,28.651],[-106.06832,28.65106]]},"properties":{"id":759,"nombre":"Avenida Carlos Pacheco Villa","clase":"primary"}},{"type":"Feature","id":760,"geometry":{"type":"LineString","coordinates":[[-106.05912,28.6436],[-106.05876,28.64336],[-106.05824,28.64304],[-106.057,28.64233],[-106.05571,28.64157],[-106.05365,28.6404]]},"properties":{"id":760,"nombre":"Avenida Carlos Pacheco Villa","clase":"primary"}},{"type":"Feature","id":761,"geometry":{"type":"LineString","coordinates":[[-106.0455,28.63588],[-106.04498,28.63579],[-106.04451,28.63577],[-106.04345,28.63586],[-106.04282,28.63584],[-106.04233,28.63574],[-106.04182,28.63556],[-106.04138,28.63531],[-106.03988,28.63433],[-106.03954,28.63411]]},"properties":{"id":761,"nombre":"Avenida Carlos Pacheco Villa","clase":"primary"}},{"type":"Feature","id":762,"geometry":{"type":"LineString","coordinates":[[-106.06445,28.64787],[-106.06535,28.6486]]},"properties":{"id":762,"nombre":"Avenida Carlos Pacheco Villa","clase":"primary"}},{"type":"Feature","id":763,"geometry":{"type":"LineString","coordinates":[[-106.06451,28.6478],[-106.06282,28.64643],[-106.06129,28.64523],[-106.06053,28.64467],[-106.05912,28.6436]]},"properties":{"id":763,"nombre":"Avenida Carlos Pacheco Villa","clase":"primary"}},{"type":"Feature","id":764,"geometry":{"type":"LineString","coordinates":[[-106.04969,28.63817],[-106.04946,28.63804],[-106.04577,28.63599],[-106.0455,28.63588]]},"properties":{"id":764,"nombre":"Avenida Carlos Pacheco Villa","clase":"primary"}},{"type":"Feature","id":765,"geometry":{"type":"LineString","coordinates":[[-106.04944,28.63821],[-106.05023,28.63865],[-106.05151,28.63936],[-106.0546,28.6411],[-106.05562,28.64168]]},"properties":{"id":765,"nombre":"Avenida Carlos Pacheco Villa","clase":"primary"}},{"type":"Feature","id":766,"geometry":{"type":"LineString","coordinates":[[-106.05058,28.63866],[-106.04969,28.63817]]},"properties":{"id":766,"nombre":"Avenida Carlos Pacheco Villa","clase":"primary"}},{"type":"Feature","id":767,"geometry":{"type":"LineString","coordinates":[[-106.05159,28.63924],[-106.05058,28.63866]]},"properties":{"id":767,"nombre":"Avenida Carlos Pacheco Villa","clase":"primary"}},{"type":"Feature","id":768,"geometry":{"type":"LineString","coordinates":[[-106.0526,28.63981],[-106.05159,28.63924]]},"properties":{"id":768,"nombre":"Avenida Carlos Pacheco Villa","clase":"primary"}},{"type":"Feature","id":769,"geometry":{"type":"LineString","coordinates":[[-106.05365,28.6404],[-106.0526,28.63981]]},"properties":{"id":769,"nombre":"Avenida Carlos Pacheco Villa","clase":"primary"}},{"type":"Feature","id":770,"geometry":{"type":"LineString","coordinates":[[-106.05871,28.64344],[-106.05984,28.64427],[-106.06046,28.64474],[-106.06093,28.64509],[-106.0623,28.64615],[-106.06357,28.64716]]},"properties":{"id":770,"nombre":"Avenida Carlos Pacheco Villa","clase":"primary"}},{"type":"Feature","id":771,"geometry":{"type":"LineString","coordinates":[[-106.06543,28.64853],[-106.06451,28.6478]]},"properties":{"id":771,"nombre":"Avenida Carlos Pacheco Villa","clase":"primary"}},{"type":"Feature","id":772,"geometry":{"type":"LineString","coordinates":[[-106.06551,28.6486],[-106.06543,28.64853]]},"properties":{"id":772,"nombre":"Avenida Carlos Pacheco Villa","clase":"primary"}},{"type":"Feature","id":773,"geometry":{"type":"LineString","coordinates":[[-106.0684,28.65101],[-106.06767,28.6504],[-106.06724,28.65004],[-106.06671,28.6496],[-106.06551,28.6486]]},"properties":{"id":773,"nombre":"Avenida Carlos Pacheco Villa","clase":"primary"}},{"type":"Feature","id":774,"geometry":{"type":"LineString","coordinates":[[-106.03954,28.63411],[-106.03868,28.63354],[-106.03817,28.63318],[-106.03767,28.6328]]},"properties":{"id":774,"nombre":"Avenida Carlos Pacheco Villa","clase":"trunk"}},{"type":"Feature","id":775,"geometry":{"type":"LineString","coordinates":[[-106.03944,28.63424],[-106.04043,28.63487],[-106.0416,28.6356],[-106.04223,28.63586],[-106.04247,28.63592],[-106.04267,28.63597]]},"properties":{"id":775,"nombre":"Avenida Carlos Pacheco Villa","clase":"primary"}},{"type":"Feature","id":776,"geometry":{"type":"LineString","coordinates":[[-106.05562,28.64168],[-106.05666,28.64227],[-106.0572,28.64257],[-106.05819,28.64313],[-106.05871,28.64344]]},"properties":{"id":776,"nombre":"Avenida Carlos Pacheco Villa","clase":"primary"}},{"type":"Feature","id":777,"geometry":{"type":"LineString","coordinates":[[-106.06357,28.64716],[-106.06404,28.64754],[-106.06445,28.64787]]},"properties":{"id":777,"nombre":"Avenida Carlos Pacheco Villa","clase":"primary"}},{"type":"Feature","id":778,"geometry":{"type":"LineString","coordinates":[[-105.98006,28.65557],[-105.97996,28.65566],[-105.97981,28.65572],[-105.97804,28.65616],[-105.97629,28.65659],[-105.97409,28.65714],[-105.97286,28.65744],[-105.97241,28.65755]]},"properties":{"id":778,"nombre":"Avenida Central","clase":"secondary"}},{"type":"Feature","id":779,"geometry":{"type":"LineString","coordinates":[[-105.97246,28.65772],[-105.97413,28.6573],[-105.978,28.65632],[-105.97965,28.65591],[-105.97986,28.65585],[-105.97997,28.65576],[-105.98004,28.65566],[-105.98006,28.65557]]},"properties":{"id":779,"nombre":"Avenida Central","clase":"secondary"}},{"type":"Feature","id":780,"geometry":{"type":"LineString","coordinates":[[-105.97191,28.65768],[-105.9716,28.65779],[-105.97131,28.65793],[-105.97103,28.65811],[-105.97073,28.65837],[-105.97026,28.65878],[-105.96994,28.65898],[-105.96959,28.65911],[-105.9676,28.65962],[-105.96549,28.66017]]},"properties":{"id":780,"nombre":"Avenida Central","clase":"secondary"}},{"type":"Feature","id":781,"geometry":{"type":"LineString","coordinates":[[-105.97196,28.65784],[-105.97246,28.65772]]},"properties":{"id":781,"nombre":"Avenida Central","clase":"secondary"}},{"type":"Feature","id":782,"geometry":{"type":"LineString","coordinates":[[-105.96873,28.65949],[-105.96971,28.65924],[-105.97001,28.65913],[-105.9702,28.65903],[-105.9704,28.65888],[-105.97118,28.65821],[-105.97145,28.65804],[-105.97175,28.65791],[-105.97196,28.65784]]},"properties":{"id":782,"nombre":"Avenida Central","clase":"secondary"}},{"type":"Feature","id":783,"geometry":{"type":"LineString","coordinates":[[-105.96765,28.65977],[-105.96873,28.65949]]},"properties":{"id":783,"nombre":"Avenida Central","clase":"secondary"}},{"type":"Feature","id":784,"geometry":{"type":"LineString","coordinates":[[-105.96539,28.6602],[-105.96422,28.6605],[-105.96333,28.66072]]},"properties":{"id":784,"nombre":"Avenida Central","clase":"secondary"}},{"type":"Feature","id":785,"geometry":{"type":"LineString","coordinates":[[-105.96543,28.66036],[-105.96554,28.66033],[-105.96765,28.65977]]},"properties":{"id":785,"nombre":"Avenida Central","clase":"secondary"}},{"type":"Feature","id":786,"geometry":{"type":"LineString","coordinates":[[-105.96339,28.66088],[-105.96442,28.66062],[-105.96543,28.66036]]},"properties":{"id":786,"nombre":"Avenida Central","clase":"secondary"}},{"type":"Feature","id":787,"geometry":{"type":"LineString","coordinates":[[-105.97241,28.65755],[-105.97191,28.65768]]},"properties":{"id":787,"nombre":"Avenida Central","clase":"secondary"}},{"type":"Feature","id":788,"geometry":{"type":"LineString","coordinates":[[-105.96549,28.66017],[-105.96539,28.6602]]},"properties":{"id":788,"nombre":"Avenida Central","clase":"secondary"}},{"type":"Feature","id":789,"geometry":{"type":"LineString","coordinates":[[-106.0728,28.65058],[-106.07246,28.65029],[-106.0721,28.64998],[-106.07031,28.64842],[-106.06992,28.64807],[-106.06984,28.64813],[-106.07046,28.64864],[-106.07164,28.64968],[-106.07239,28.65034],[-106.07267,28.6506]]},"properties":{"id":789,"nombre":"Avenida Cristobal Colón","clase":"primary"}},{"type":"Feature","id":790,"geometry":{"type":"LineString","coordinates":[[-106.0668,28.64553],[-106.06767,28.64622],[-106.06773,28.64626]]},"properties":{"id":790,"nombre":"Avenida Cristobal Colón","clase":"secondary"}},{"type":"Feature","id":791,"geometry":{"type":"LineString","coordinates":[[-106.06901,28.64736],[-106.06862,28.64703],[-106.06793,28.64643],[-106.06785,28.64635]]},"properties":{"id":791,"nombre":"Avenida Cristobal Colón","clase":"primary"}},{"type":"Feature","id":792,"geometry":{"type":"LineString","coordinates":[[-106.06901,28.64736],[-106.06919,28.64752],[-106.06934,28.64764],[-106.06946,28.64775],[-106.06967,28.64793]]},"properties":{"id":792,"nombre":"Avenida Cristobal Colón","clase":"primary"}},{"type":"Feature","id":793,"geometry":{"type":"LineString","coordinates":[[-106.07267,28.6506],[-106.07272,28.65065]]},"properties":{"id":793,"nombre":"Avenida Cristobal Colón","clase":"primary"}},{"type":"Feature","id":794,"geometry":{"type":"LineString","coordinates":[[-106.08146,28.6307],[-106.08182,28.63038],[-106.08373,28.62869],[-106.08429,28.6282],[-106.08471,28.62782],[-106.08556,28.62709]]},"properties":{"id":794,"nombre":"Avenida Cuauhtémoc","clase":"secondary"}},{"type":"Feature","id":795,"geometry":{"type":"LineString","coordinates":[[-106.08146,28.6307],[-106.08138,28.63077],[-106.08117,28.63096],[-106.08103,28.63108]]},"properties":{"id":795,"nombre":"Avenida Cuauhtémoc","clase":"secondary"}},{"type":"Feature","id":796,"geometry":{"type":"LineString","coordinates":[[-106.11431,28.64732],[-106.11475,28.6474],[-106.11629,28.64759],[-106.11685,28.64758],[-106.11722,28.64748],[-106.1182,28.64709],[-106.11917,28.64675],[-106.11941,28.64674],[-106.11967,28.64677],[-106.12094,28.6473]]},"properties":{"id":796,"nombre":"Avenida De La Cantera","clase":"primary"}},{"type":"Feature","id":797,"geometry":{"type":"LineString","coordinates":[[-106.09625,28.64178],[-106.09769,28.64187],[-106.09855,28.6421],[-106.09917,28.64245],[-106.0996,28.64278],[-106.10117,28.64426],[-106.1014,28.64445],[-106.10172,28.64465],[-106.10203,28.64477],[-106.10236,28.64483],[-106.10269,28.64486]]},"properties":{"id":797,"nombre":"Avenida De La Cantera","clase":"primary"}},{"type":"Feature","id":798,"geometry":{"type":"LineString","coordinates":[[-106.10269,28.64486],[-106.10373,28.64481],[-106.10506,28.64472],[-106.10622,28.64458],[-106.10655,28.64456],[-106.10693,28.6446],[-106.10724,28.64472],[-106.10744,28.64483],[-106.1076,28.64496],[-106.10769,28.64507],[-106.10807,28.64581],[-106.10827,28.64621],[-106.1085,28.64647],[-106.10871,28.64664],[-106.1091,28.6468],[-106.11089,28.64715],[-106.11143,28.64729],[-106.11196,28.64738],[-106.11246,28.6474],[-106.11303,28.64736]]},"properties":{"id":798,"nombre":"Avenida De La Cantera","clase":"primary"}},{"type":"Feature","id":799,"geometry":{"type":"LineString","coordinates":[[-106.12629,28.64787],[-106.12567,28.64796],[-106.12524,28.64796],[-106.12457,28.64792],[-106.12344,28.64785],[-106.12305,28.64781],[-106.12265,28.64772],[-106.12152,28.64738],[-106.12073,28.64708],[-106.11984,28.64669],[-106.11953,28.64663],[-106.11924,28.64664],[-106.11816,28.64703],[-106.11716,28.64742],[-106.11672,28.64752],[-106.11626,28.64752],[-106.11559,28.64747],[-106.11518,28.64741]]},"properties":{"id":799,"nombre":"Avenida De La Cantera","clase":"primary"}},{"type":"Feature","id":800,"geometry":{"type":"LineString","coordinates":[[-106.10193,28.64464],[-106.10175,28.64455],[-106.10145,28.64437],[-106.09987,28.6429],[-106.09944,28.64256],[-106.09894,28.64222],[-106.09857,28.64201],[-106.09773,28.6418],[-106.09651,28.64173],[-106.09631,28.64172]]},"properties":{"id":800,"nombre":"Avenida De La Cantera","clase":"primary"}},{"type":"Feature","id":801,"geometry":{"type":"LineString","coordinates":[[-106.10776,28.64499],[-106.10756,28.64481],[-106.10736,28.64468],[-106.10705,28.64455],[-106.10669,28.64447],[-106.10644,28.64447],[-106.10597,28.64453],[-106.10508,28.64464],[-106.10452,28.64469],[-106.1033,28.64475],[-106.10262,28.64477],[-106.10231,28.64474],[-106.10207,28.64468],[-106.10193,28.64464]]},"properties":{"id":801,"nombre":"Avenida De La Cantera","clase":"primary"}},{"type":"Feature","id":802,"geometry":{"type":"LineString","coordinates":[[-106.13111,28.64714],[-106.13096,28.64716],[-106.12897,28.64745],[-106.12848,28.64753],[-106.12629,28.64787]]},"properties":{"id":802,"nombre":"Avenida De La Cantera","clase":"primary"}},{"type":"Feature","id":803,"geometry":{"type":"LineString","coordinates":[[-106.13291,28.64719],[-106.13247,28.64714],[-106.13182,28.64711],[-106.13129,28.64712],[-106.13111,28.64714]]},"properties":{"id":803,"nombre":"Avenida De La Cantera","clase":"primary"}},{"type":"Feature","id":804,"geometry":{"type":"LineString","coordinates":[[-106.1335,28.64727],[-106.13344,28.64726],[-106.13319,28.64722],[-106.13309,28.64721],[-106.13291,28.64719]]},"properties":{"id":804,"nombre":"Avenida De La Cantera","clase":"primary"}},{"type":"Feature","id":805,"geometry":{"type":"LineString","coordinates":[[-106.13364,28.64729],[-106.1335,28.64727]]},"properties":{"id":805,"nombre":"Avenida De La Cantera","clase":"primary"}},{"type":"Feature","id":806,"geometry":{"type":"LineString","coordinates":[[-106.1343,28.6475],[-106.13401,28.64739],[-106.13376,28.64732],[-106.13364,28.64729]]},"properties":{"id":806,"nombre":"Avenida De La Cantera","clase":"primary"}},{"type":"Feature","id":807,"geometry":{"type":"LineString","coordinates":[[-106.13345,28.6475],[-106.13363,28.64755],[-106.13402,28.64767],[-106.13494,28.64809],[-106.13536,28.64824],[-106.13565,28.64832],[-106.13637,28.64852],[-106.13732,28.64877],[-106.13749,28.6488],[-106.13786,28.64883],[-106.13808,28.64882],[-106.13834,28.6488],[-106.13878,28.64871]]},"properties":{"id":807,"nombre":"Avenida De La Cantera","clase":"primary"}},{"type":"Feature","id":808,"geometry":{"type":"LineString","coordinates":[[-106.13871,28.64848],[-106.1383,28.64856],[-106.13789,28.64859],[-106.13746,28.64856],[-106.13701,28.64845],[-106.1363,28.64825],[-106.13542,28.648],[-106.13513,28.6479],[-106.1343,28.6475]]},"properties":{"id":808,"nombre":"Avenida De La Cantera","clase":"primary"}},{"type":"Feature","id":809,"geometry":{"type":"LineString","coordinates":[[-106.12651,28.64793],[-106.12855,28.64766],[-106.12933,28.64755],[-106.13079,28.64733],[-106.13127,28.64732],[-106.13164,28.64733],[-106.13205,28.64734],[-106.13279,28.6474],[-106.13308,28.64744],[-106.13336,28.64749],[-106.13345,28.6475]]},"properties":{"id":809,"nombre":"Avenida De La Cantera","clase":"primary"}},{"type":"Feature","id":810,"geometry":{"type":"LineString","coordinates":[[-106.12094,28.6473],[-106.1212,28.6474],[-106.12158,28.64755],[-106.12307,28.64793],[-106.12363,28.64797],[-106.12451,28.64802],[-106.12507,28.64806],[-106.12549,28.64806],[-106.12596,28.64803],[-106.12651,28.64793]]},"properties":{"id":810,"nombre":"Avenida De La Cantera","clase":"primary"}},{"type":"Feature","id":811,"geometry":{"type":"LineString","coordinates":[[-106.11361,28.64731],[-106.11404,28.6473],[-106.11431,28.64732]]},"properties":{"id":811,"nombre":"Avenida De La Cantera","clase":"primary"}},{"type":"Feature","id":812,"geometry":{"type":"LineString","coordinates":[[-106.11475,28.6474],[-106.11482,28.64744],[-106.11491,28.64746],[-106.11573,28.64761],[-106.11627,28.64765]]},"properties":{"id":812,"nombre":"Avenida De La Cantera","clase":"primary"}},{"type":"Feature","id":813,"geometry":{"type":"LineString","coordinates":[[-106.11303,28.64736],[-106.11361,28.64731]]},"properties":{"id":813,"nombre":"Avenida De La Cantera","clase":"primary"}},{"type":"Feature","id":814,"geometry":{"type":"LineString","coordinates":[[-106.10826,28.64595],[-106.10798,28.64534],[-106.10788,28.64513],[-106.10776,28.64499]]},"properties":{"id":814,"nombre":"Avenida De La Cantera","clase":"primary"}},{"type":"Feature","id":815,"geometry":{"type":"LineString","coordinates":[[-106.09534,28.64174],[-106.09596,28.64176],[-106.09625,28.64178]]},"properties":{"id":815,"nombre":"Avenida De La Cantera","clase":"primary"}},{"type":"Feature","id":816,"geometry":{"type":"LineString","coordinates":[[-106.09626,28.64172],[-106.09598,28.64171]]},"properties":{"id":816,"nombre":"Avenida De La Cantera","clase":"primary"}},{"type":"Feature","id":817,"geometry":{"type":"LineString","coordinates":[[-106.09631,28.64172],[-106.09626,28.64172]]},"properties":{"id":817,"nombre":"Avenida De La Cantera","clase":"primary"}},{"type":"Feature","id":818,"geometry":{"type":"LineString","coordinates":[[-106.11518,28.64741],[-106.11452,28.64729],[-106.11398,28.64721],[-106.11277,28.64729],[-106.11246,28.64731],[-106.11196,28.6473],[-106.11147,28.64721],[-106.11099,28.64707],[-106.10922,28.64673],[-106.1088,28.64657],[-106.10857,28.6464],[-106.10838,28.64617],[-106.10826,28.64595]]},"properties":{"id":818,"nombre":"Avenida De La Cantera","clase":"primary"}},{"type":"Feature","id":819,"geometry":{"type":"LineString","coordinates":[[-106.11938,28.65222],[-106.11684,28.65316],[-106.11532,28.65373],[-106.11384,28.65426],[-106.11284,28.65464]]},"properties":{"id":819,"nombre":"Avenida De Las Américas","clase":"secondary"}},{"type":"Feature","id":820,"geometry":{"type":"LineString","coordinates":[[-106.10705,28.65683],[-106.10821,28.65641],[-106.10869,28.65623],[-106.10984,28.65581],[-106.11064,28.65552]]},"properties":{"id":820,"nombre":"Avenida De Las Américas","clase":"primary"}},{"type":"Feature","id":821,"geometry":{"type":"LineString","coordinates":[[-106.09626,28.66078],[-106.09767,28.66025],[-106.09887,28.65982],[-106.10008,28.65938],[-106.10146,28.65887],[-106.10249,28.65848]]},"properties":{"id":821,"nombre":"Avenida De Las Américas","clase":"primary"}},{"type":"Feature","id":822,"geometry":{"type":"LineString","coordinates":[[-106.11958,28.6521],[-106.11954,28.65214],[-106.11949,28.65217],[-106.11938,28.65222]]},"properties":{"id":822,"nombre":"Avenida De Las Américas","clase":"secondary"}},{"type":"Feature","id":823,"geometry":{"type":"LineString","coordinates":[[-106.11031,28.65556],[-106.10884,28.6561],[-106.1077,28.65651],[-106.10671,28.65686],[-106.1061,28.65709],[-106.10489,28.65753],[-106.10427,28.65775]]},"properties":{"id":823,"nombre":"Avenida De Las Américas","clase":"primary"}},{"type":"Feature","id":824,"geometry":{"type":"LineString","coordinates":[[-106.1105,28.6555],[-106.11031,28.65556]]},"properties":{"id":824,"nombre":"Avenida De Las Américas","clase":"primary"}},{"type":"Feature","id":825,"geometry":{"type":"LineString","coordinates":[[-106.10613,28.65716],[-106.107,28.65685],[-106.10705,28.65683]]},"properties":{"id":825,"nombre":"Avenida De Las Américas","clase":"primary"}},{"type":"Feature","id":826,"geometry":{"type":"LineString","coordinates":[[-106.10551,28.65737],[-106.10613,28.65716]]},"properties":{"id":826,"nombre":"Avenida De Las Américas","clase":"primary"}},{"type":"Feature","id":827,"geometry":{"type":"LineString","coordinates":[[-106.10491,28.6576],[-106.10551,28.65737]]},"properties":{"id":827,"nombre":"Avenida De Las Américas","clase":"primary"}},{"type":"Feature","id":828,"geometry":{"type":"LineString","coordinates":[[-106.1031,28.65825],[-106.10371,28.65803],[-106.1043,28.65782],[-106.10491,28.6576]]},"properties":{"id":828,"nombre":"Avenida De Las Américas","clase":"primary"}},{"type":"Feature","id":829,"geometry":{"type":"LineString","coordinates":[[-106.11284,28.65464],[-106.11184,28.655],[-106.11084,28.65537],[-106.1105,28.6555]]},"properties":{"id":829,"nombre":"Avenida De Las Américas","clase":"secondary"}},{"type":"Feature","id":830,"geometry":{"type":"LineString","coordinates":[[-106.10249,28.65848],[-106.1031,28.65825]]},"properties":{"id":830,"nombre":"Avenida De Las Américas","clase":"primary"}},{"type":"Feature","id":831,"geometry":{"type":"LineString","coordinates":[[-106.11941,28.6523],[-106.11954,28.65227],[-106.11967,28.65227]]},"properties":{"id":831,"nombre":"Avenida De Las Américas","clase":"secondary"}},{"type":"Feature","id":832,"geometry":{"type":"LineString","coordinates":[[-106.11731,28.65308],[-106.11941,28.6523]]},"properties":{"id":832,"nombre":"Avenida De Las Américas","clase":"secondary"}},{"type":"Feature","id":833,"geometry":{"type":"LineString","coordinates":[[-106.11683,28.65326],[-106.11731,28.65308]]},"properties":{"id":833,"nombre":"Avenida De Las Américas","clase":"secondary"}},{"type":"Feature","id":834,"geometry":{"type":"LineString","coordinates":[[-106.11585,28.65361],[-106.11683,28.65326]]},"properties":{"id":834,"nombre":"Avenida De Las Américas","clase":"secondary"}},{"type":"Feature","id":835,"geometry":{"type":"LineString","coordinates":[[-106.11547,28.65375],[-106.11585,28.65361]]},"properties":{"id":835,"nombre":"Avenida De Las Américas","clase":"secondary"}},{"type":"Feature","id":836,"geometry":{"type":"LineString","coordinates":[[-106.11481,28.65399],[-106.11503,28.65391],[-106.11547,28.65375]]},"properties":{"id":836,"nombre":"Avenida De Las Américas","clase":"secondary"}},{"type":"Feature","id":837,"geometry":{"type":"LineString","coordinates":[[-106.11382,28.65436],[-106.11481,28.65399]]},"properties":{"id":837,"nombre":"Avenida De Las Américas","clase":"secondary"}},{"type":"Feature","id":838,"geometry":{"type":"LineString","coordinates":[[-106.11282,28.65473],[-106.11382,28.65436]]},"properties":{"id":838,"nombre":"Avenida De Las Américas","clase":"secondary"}},{"type":"Feature","id":839,"geometry":{"type":"LineString","coordinates":[[-106.11182,28.65509],[-106.11282,28.65473]]},"properties":{"id":839,"nombre":"Avenida De Las Américas","clase":"secondary"}},{"type":"Feature","id":840,"geometry":{"type":"LineString","coordinates":[[-106.11064,28.65552],[-106.11083,28.65545],[-106.11102,28.65538],[-106.11182,28.65509]]},"properties":{"id":840,"nombre":"Avenida De Las Américas","clase":"secondary"}},{"type":"Feature","id":841,"geometry":{"type":"LineString","coordinates":[[-106.10427,28.65775],[-106.10306,28.65818],[-106.10245,28.65841],[-106.10186,28.65863],[-106.10125,28.65887],[-106.10066,28.65908],[-106.09991,28.65935],[-106.09887,28.65972],[-106.09814,28.65999],[-106.09764,28.66018]]},"properties":{"id":841,"nombre":"Avenida De Las Américas","clase":"primary"}},{"type":"Feature","id":842,"geometry":{"type":"LineString","coordinates":[[-106.09764,28.66018],[-106.09739,28.66028],[-106.09654,28.6606],[-106.09612,28.66076],[-106.09604,28.6608]]},"properties":{"id":842,"nombre":"Avenida De Las Américas","clase":"primary"}},{"type":"Feature","id":843,"geometry":{"type":"LineString","coordinates":[[-106.09617,28.66082],[-106.09626,28.66078]]},"properties":{"id":843,"nombre":"Avenida De Las Américas","clase":"primary"}},{"type":"Feature","id":844,"geometry":{"type":"LineString","coordinates":[[-106.0961,28.66085],[-106.09617,28.66082]]},"properties":{"id":844,"nombre":"Avenida De Las Américas","clase":"primary"}},{"type":"Feature","id":845,"geometry":{"type":"LineString","coordinates":[[-106.09287,28.68638],[-106.09311,28.68687],[-106.09336,28.68739],[-106.0935,28.6877],[-106.09377,28.68828],[-106.09417,28.68912],[-106.09457,28.68997],[-106.09515,28.69122],[-106.09534,28.69162]]},"properties":{"id":845,"nombre":"Avenida De Las Industrias","clase":"primary"}},{"type":"Feature","id":846,"geometry":{"type":"LineString","coordinates":[[-106.09283,28.6863],[-106.09287,28.68638]]},"properties":{"id":846,"nombre":"Avenida De Las Industrias","clase":"primary"}},{"type":"Feature","id":847,"geometry":{"type":"LineString","coordinates":[[-106.09534,28.69162],[-106.09539,28.69172],[-106.09553,28.69203],[-106.09561,28.69218],[-106.09583,28.69266]]},"properties":{"id":847,"nombre":"Avenida De Las Industrias","clase":"primary"}},{"type":"Feature","id":848,"geometry":{"type":"LineString","coordinates":[[-106.02323,28.62879],[-106.022,28.62854],[-106.02084,28.62833],[-106.01753,28.62776],[-106.01727,28.62772],[-106.0162,28.62756]]},"properties":{"id":848,"nombre":"Avenida De Las Industrias","clase":"secondary"}},{"type":"Feature","id":849,"geometry":{"type":"LineString","coordinates":[[-106.0162,28.62756],[-106.01373,28.62718],[-106.01235,28.62694],[-106.01147,28.62676],[-106.01131,28.62673]]},"properties":{"id":849,"nombre":"Avenida De Las Industrias","clase":"secondary"}},{"type":"Feature","id":850,"geometry":{"type":"LineString","coordinates":[[-106.08884,28.67779],[-106.08933,28.67881],[-106.08938,28.67892],[-106.0895,28.67918],[-106.09012,28.68053],[-106.09038,28.68108],[-106.09089,28.68216],[-106.09128,28.68298],[-106.09145,28.68334]]},"properties":{"id":850,"nombre":"Avenida De Las Industrias","clase":"primary"}},{"type":"Feature","id":851,"geometry":{"type":"LineString","coordinates":[[-106.09145,28.68334],[-106.09169,28.68385],[-106.09201,28.68454],[-106.09269,28.68598],[-106.09283,28.6863]]},"properties":{"id":851,"nombre":"Avenida De Las Industrias","clase":"primary"}},{"type":"Feature","id":852,"geometry":{"type":"LineString","coordinates":[[-106.16131,28.74539],[-106.16148,28.74534]]},"properties":{"id":852,"nombre":"Avenida Desarrollo","clase":"secondary"}},{"type":"Feature","id":853,"geometry":{"type":"LineString","coordinates":[[-106.16142,28.74523],[-106.1611,28.74533],[-106.15984,28.74572],[-106.15612,28.74683],[-106.15232,28.74797],[-106.1507,28.74847]]},"properties":{"id":853,"nombre":"Avenida Desarrollo","clase":"secondary"}},{"type":"Feature","id":854,"geometry":{"type":"LineString","coordinates":[[-106.14192,28.75097],[-106.13982,28.75161],[-106.1377,28.75223],[-106.13758,28.75227],[-106.13744,28.75228]]},"properties":{"id":854,"nombre":"Avenida Desarrollo","clase":"secondary"}},{"type":"Feature","id":855,"geometry":{"type":"LineString","coordinates":[[-106.14845,28.74897],[-106.14646,28.7496],[-106.14439,28.75024],[-106.14459,28.75037],[-106.14653,28.74977]]},"properties":{"id":855,"nombre":"Avenida Desarrollo","clase":"secondary"}},{"type":"Feature","id":856,"geometry":{"type":"LineString","coordinates":[[-106.14212,28.75108],[-106.14446,28.75041]]},"properties":{"id":856,"nombre":"Avenida Desarrollo","clase":"secondary"}},{"type":"Feature","id":857,"geometry":{"type":"LineString","coordinates":[[-106.16116,28.74545],[-106.16131,28.74539]]},"properties":{"id":857,"nombre":"Avenida Desarrollo","clase":"secondary"}},{"type":"Feature","id":858,"geometry":{"type":"LineString","coordinates":[[-106.14864,28.74913],[-106.15022,28.74864],[-106.15043,28.7486],[-106.15057,28.74861],[-106.15068,28.74858],[-106.15085,28.74853],[-106.15583,28.74705],[-106.15905,28.74608],[-106.16064,28.7456]]},"properties":{"id":858,"nombre":"Avenida Desarrollo","clase":"secondary"}},{"type":"Feature","id":859,"geometry":{"type":"LineString","coordinates":[[-106.14653,28.74977],[-106.14665,28.74974],[-106.14853,28.74916],[-106.14864,28.74913]]},"properties":{"id":859,"nombre":"Avenida Desarrollo","clase":"secondary"}},{"type":"Feature","id":860,"geometry":{"type":"LineString","coordinates":[[-106.14439,28.75024],[-106.14229,28.75085],[-106.14201,28.75094],[-106.14192,28.75097]]},"properties":{"id":860,"nombre":"Avenida Desarrollo","clase":"secondary"}},{"type":"Feature","id":861,"geometry":{"type":"LineString","coordinates":[[-106.14857,28.74894],[-106.14845,28.74897]]},"properties":{"id":861,"nombre":"Avenida Desarrollo","clase":"secondary"}},{"type":"Feature","id":862,"geometry":{"type":"LineString","coordinates":[[-106.16064,28.7456],[-106.16116,28.74545]]},"properties":{"id":862,"nombre":"Avenida Desarrollo","clase":"secondary"}},{"type":"Feature","id":863,"geometry":{"type":"LineString","coordinates":[[-106.1507,28.74847],[-106.15061,28.74841],[-106.15052,28.74844],[-106.15038,28.74843],[-106.15022,28.74845],[-106.14947,28.74867],[-106.14857,28.74894]]},"properties":{"id":863,"nombre":"Avenida Desarrollo","clase":"secondary"}},{"type":"Feature","id":864,"geometry":{"type":"LineString","coordinates":[[-106.15069,28.74856],[-106.15071,28.74852],[-106.1507,28.74847]]},"properties":{"id":864,"nombre":"Avenida Desarrollo","clase":"secondary"}},{"type":"Feature","id":865,"geometry":{"type":"LineString","coordinates":[[-106.1505,28.74846],[-106.15049,28.7485],[-106.15049,28.74855],[-106.15053,28.74859]]},"properties":{"id":865,"nombre":"Avenida Desarrollo","clase":"secondary"}},{"type":"Feature","id":866,"geometry":{"type":"LineString","coordinates":[[-106.13988,28.75174],[-106.14194,28.75112],[-106.14212,28.75108]]},"properties":{"id":866,"nombre":"Avenida Desarrollo","clase":"secondary"}},{"type":"Feature","id":867,"geometry":{"type":"LineString","coordinates":[[-106.13747,28.75245],[-106.13988,28.75174]]},"properties":{"id":867,"nombre":"Avenida Desarrollo","clase":"secondary"}},{"type":"Feature","id":868,"geometry":{"type":"LineString","coordinates":[[-106.08373,28.64393],[-106.08309,28.64449],[-106.08248,28.64505],[-106.08182,28.64561]]},"properties":{"id":868,"nombre":"Avenida Deza y Ulloa","clase":"secondary"}},{"type":"Feature","id":869,"geometry":{"type":"LineString","coordinates":[[-106.08373,28.64393],[-106.08436,28.64336]]},"properties":{"id":869,"nombre":"Avenida Deza y Ulloa","clase":"secondary"}},{"type":"Feature","id":870,"geometry":{"type":"LineString","coordinates":[[-106.08943,28.64194],[-106.08968,28.642],[-106.08989,28.64202],[-106.09013,28.64201]]},"properties":{"id":870,"nombre":"Avenida Deza y Ulloa","clase":"primary"}},{"type":"Feature","id":871,"geometry":{"type":"LineString","coordinates":[[-106.08436,28.64336],[-106.0855,28.64262],[-106.08626,28.64235],[-106.08674,28.64209],[-106.08743,28.64163],[-106.08764,28.64153],[-106.08784,28.64142],[-106.08805,28.64138],[-106.08826,28.64145],[-106.08911,28.64182],[-106.08936,28.64192]]},"properties":{"id":871,"nombre":"Avenida Deza y Ulloa","clase":"primary"}},{"type":"Feature","id":872,"geometry":{"type":"LineString","coordinates":[[-106.09023,28.64192],[-106.08989,28.64195],[-106.0895,28.64189],[-106.08886,28.64163],[-106.08815,28.64132],[-106.08807,28.64131]]},"properties":{"id":872,"nombre":"Avenida Deza y Ulloa","clase":"primary"}},{"type":"Feature","id":873,"geometry":{"type":"LineString","coordinates":[[-106.0875,28.64156],[-106.08743,28.64163]]},"properties":{"id":873,"nombre":"Avenida Deza y Ulloa","clase":"primary"}},{"type":"Feature","id":874,"geometry":{"type":"LineString","coordinates":[[-106.08084,28.6465],[-106.08097,28.64639],[-106.08129,28.6461],[-106.08182,28.64561]]},"properties":{"id":874,"nombre":"Avenida Deza y Ulloa","clase":"secondary"}},{"type":"Feature","id":875,"geometry":{"type":"LineString","coordinates":[[-106.08077,28.64657],[-106.0808,28.64655],[-106.08084,28.6465]]},"properties":{"id":875,"nombre":"Avenida Deza y Ulloa","clase":"secondary"}},{"type":"Feature","id":876,"geometry":{"type":"LineString","coordinates":[[-106.08557,28.65124],[-106.08479,28.65195],[-106.08406,28.65259],[-106.08305,28.65348],[-106.08187,28.65453],[-106.08117,28.65516]]},"properties":{"id":876,"nombre":"Avenida División del Norte","clase":"secondary"}},{"type":"Feature","id":877,"geometry":{"type":"LineString","coordinates":[[-106.09158,28.64594],[-106.09075,28.64668],[-106.08947,28.64781],[-106.0882,28.64896],[-106.08757,28.64951],[-106.08693,28.65008]]},"properties":{"id":877,"nombre":"Avenida División del Norte","clase":"secondary"}},{"type":"Feature","id":878,"geometry":{"type":"LineString","coordinates":[[-106.09158,28.64594],[-106.09179,28.6458],[-106.09194,28.64575],[-106.09205,28.64572]]},"properties":{"id":878,"nombre":"Avenida División del Norte","clase":"secondary"}},{"type":"Feature","id":879,"geometry":{"type":"LineString","coordinates":[[-106.07974,28.65659],[-106.08053,28.6559],[-106.08126,28.65523],[-106.08198,28.65461],[-106.08273,28.65393],[-106.08308,28.65362],[-106.0837,28.65307],[-106.08415,28.65267]]},"properties":{"id":879,"nombre":"Avenida División del Norte","clase":"secondary"}},{"type":"Feature","id":880,"geometry":{"type":"LineString","coordinates":[[-106.07965,28.6565],[-106.0787,28.65734],[-106.07803,28.65793],[-106.07794,28.65801]]},"properties":{"id":880,"nombre":"Avenida División del Norte","clase":"secondary"}},{"type":"Feature","id":881,"geometry":{"type":"LineString","coordinates":[[-106.09184,28.64556],[-106.09181,28.64564],[-106.09178,28.64568],[-106.09175,28.64572],[-106.09158,28.64594]]},"properties":{"id":881,"nombre":"Avenida División del Norte","clase":"secondary"}},{"type":"Feature","id":882,"geometry":{"type":"LineString","coordinates":[[-106.07964,28.65667],[-106.07974,28.65659]]},"properties":{"id":882,"nombre":"Avenida División del Norte","clase":"secondary"}},{"type":"Feature","id":883,"geometry":{"type":"LineString","coordinates":[[-106.08117,28.65516],[-106.08042,28.65581],[-106.07965,28.6565]]},"properties":{"id":883,"nombre":"Avenida División del Norte","clase":"secondary"}},{"type":"Feature","id":884,"geometry":{"type":"LineString","coordinates":[[-106.08599,28.65107],[-106.08606,28.65094],[-106.08612,28.65087],[-106.08631,28.65065],[-106.08693,28.65008]]},"properties":{"id":884,"nombre":"Avenida División del Norte","clase":"secondary"}},{"type":"Feature","id":885,"geometry":{"type":"LineString","coordinates":[[-106.08488,28.65202],[-106.08565,28.65131]]},"properties":{"id":885,"nombre":"Avenida División del Norte","clase":"secondary"}},{"type":"Feature","id":886,"geometry":{"type":"LineString","coordinates":[[-106.07945,28.65684],[-106.07964,28.65667]]},"properties":{"id":886,"nombre":"Avenida División del Norte","clase":"secondary"}},{"type":"Feature","id":887,"geometry":{"type":"LineString","coordinates":[[-106.0788,28.65742],[-106.07888,28.65735],[-106.07945,28.65684]]},"properties":{"id":887,"nombre":"Avenida División del Norte","clase":"secondary"}},{"type":"Feature","id":888,"geometry":{"type":"LineString","coordinates":[[-106.08415,28.65267],[-106.08441,28.65244],[-106.08488,28.65202]]},"properties":{"id":888,"nombre":"Avenida División del Norte","clase":"secondary"}},{"type":"Feature","id":889,"geometry":{"type":"LineString","coordinates":[[-106.07801,28.65813],[-106.0783,28.65788],[-106.07872,28.65748],[-106.0788,28.65742]]},"properties":{"id":889,"nombre":"Avenida División del Norte","clase":"secondary"}},{"type":"Feature","id":890,"geometry":{"type":"LineString","coordinates":[[-106.08631,28.65065],[-106.08608,28.65081],[-106.08597,28.65088],[-106.08584,28.65094]]},"properties":{"id":890,"nombre":"Avenida División del Norte","clase":"secondary"}},{"type":"Feature","id":891,"geometry":{"type":"LineString","coordinates":[[-106.10993,28.6122],[-106.10987,28.61219],[-106.10978,28.6122],[-106.10935,28.61242],[-106.10869,28.61284]]},"properties":{"id":891,"nombre":"Avenida El Relíz","clase":"secondary"}},{"type":"Feature","id":892,"geometry":{"type":"LineString","coordinates":[[-106.10897,28.61318],[-106.10892,28.613],[-106.10894,28.61286],[-106.10964,28.61236],[-106.10974,28.61232],[-106.10978,28.61232]]},"properties":{"id":892,"nombre":"Avenida El Relíz","clase":"secondary"}},{"type":"Feature","id":893,"geometry":{"type":"LineString","coordinates":[[-106.11442,28.6381],[-106.11422,28.63688]]},"properties":{"id":893,"nombre":"Avenida Enrique Elías Müller","clase":"secondary"}},{"type":"Feature","id":894,"geometry":{"type":"LineString","coordinates":[[-106.11452,28.63868],[-106.11442,28.6381]]},"properties":{"id":894,"nombre":"Avenida Enrique Elías Müller","clase":"secondary"}},{"type":"Feature","id":895,"geometry":{"type":"LineString","coordinates":[[-106.11472,28.63984],[-106.11462,28.63927],[-106.11452,28.63868]]},"properties":{"id":895,"nombre":"Avenida Enrique Elías Müller","clase":"secondary"}},{"type":"Feature","id":896,"geometry":{"type":"LineString","coordinates":[[-106.11478,28.64099],[-106.11489,28.64179],[-106.11486,28.64201],[-106.11462,28.64297],[-106.11435,28.64423],[-106.11426,28.64451],[-106.11423,28.64454]]},"properties":{"id":896,"nombre":"Avenida Enrique Elías Müller","clase":"secondary"}},{"type":"Feature","id":897,"geometry":{"type":"LineString","coordinates":[[-106.11489,28.64231],[-106.11499,28.64181],[-106.11489,28.64098],[-106.11472,28.63984]]},"properties":{"id":897,"nombre":"Avenida Enrique Elías Müller","clase":"secondary"}},{"type":"Feature","id":898,"geometry":{"type":"LineString","coordinates":[[-106.1146,28.64355],[-106.11473,28.64295],[-106.11489,28.64231]]},"properties":{"id":898,"nombre":"Avenida Enrique Elías Müller","clase":"secondary"}},{"type":"Feature","id":899,"geometry":{"type":"LineString","coordinates":[[-106.11445,28.64424],[-106.1146,28.64355]]},"properties":{"id":899,"nombre":"Avenida Enrique Elías Müller","clase":"secondary"}},{"type":"Feature","id":900,"geometry":{"type":"LineString","coordinates":[[-106.11427,28.64461],[-106.11432,28.64457],[-106.11437,28.64449],[-106.11445,28.64424]]},"properties":{"id":900,"nombre":"Avenida Enrique Elías Müller","clase":"secondary"}},{"type":"Feature","id":901,"geometry":{"type":"LineString","coordinates":[[-106.11409,28.63669],[-106.11432,28.63809],[-106.11442,28.6387],[-106.11461,28.63985],[-106.11478,28.64099]]},"properties":{"id":901,"nombre":"Avenida Enrique Elías Müller","clase":"secondary"}},{"type":"Feature","id":902,"geometry":{"type":"LineString","coordinates":[[-105.99112,28.66744],[-105.99081,28.66731],[-105.99052,28.66725],[-105.99011,28.66723],[-105.98962,28.66725],[-105.98897,28.66742],[-105.98767,28.66777],[-105.98676,28.66802],[-105.98627,28.66815],[-105.98538,28.66839],[-105.98493,28.6685]]},"properties":{"id":902,"nombre":"Avenida Equus","clase":"secondary"}},{"type":"Feature","id":903,"geometry":{"type":"LineString","coordinates":[[-105.99109,28.66806],[-105.99195,28.66863],[-105.99325,28.66949],[-105.99434,28.67024],[-105.99524,28.67086],[-105.99572,28.67054],[-105.99559,28.67045],[-105.9946,28.66977],[-105.99357,28.66908]]},"properties":{"id":903,"nombre":"Avenida Equus","clase":"secondary"}},{"type":"Feature","id":904,"geometry":{"type":"LineString","coordinates":[[-105.99109,28.66806],[-105.99125,28.66787],[-105.99144,28.66765],[-105.99125,28.66752],[-105.99112,28.66744]]},"properties":{"id":904,"nombre":"Avenida Equus","clase":"secondary"}},{"type":"Feature","id":905,"geometry":{"type":"LineString","coordinates":[[-105.97889,28.67036],[-105.98159,28.66961],[-105.98324,28.66916],[-105.98534,28.66859]]},"properties":{"id":905,"nombre":"Avenida Equus","clase":"secondary"}},{"type":"Feature","id":906,"geometry":{"type":"LineString","coordinates":[[-105.98304,28.66903],[-105.9815,28.66943],[-105.98059,28.66968],[-105.98013,28.66981],[-105.97925,28.67005],[-105.97877,28.67018],[-105.97762,28.6705],[-105.97715,28.67063]]},"properties":{"id":906,"nombre":"Avenida Equus","clase":"secondary"}},{"type":"Feature","id":907,"geometry":{"type":"LineString","coordinates":[[-105.97715,28.67063],[-105.97671,28.67075],[-105.97577,28.671],[-105.97521,28.67116],[-105.97464,28.6713],[-105.97367,28.67138],[-105.97196,28.67149],[-105.9705,28.67159],[-105.96718,28.6717],[-105.96601,28.6719]]},"properties":{"id":907,"nombre":"Avenida Equus","clase":"secondary"}},{"type":"Feature","id":908,"geometry":{"type":"LineString","coordinates":[[-105.98493,28.6685],[-105.98313,28.669],[-105.98304,28.66903]]},"properties":{"id":908,"nombre":"Avenida Equus","clase":"secondary"}},{"type":"Feature","id":909,"geometry":{"type":"LineString","coordinates":[[-105.9979,28.67237],[-105.99822,28.67254],[-105.9983,28.67258]]},"properties":{"id":909,"nombre":"Avenida Equus","clase":"secondary"}},{"type":"Feature","id":910,"geometry":{"type":"LineString","coordinates":[[-105.98904,28.66762],[-105.9897,28.66744],[-105.98997,28.66745],[-105.99024,28.66752],[-105.9905,28.66766],[-105.99109,28.66806]]},"properties":{"id":910,"nombre":"Avenida Equus","clase":"secondary"}},{"type":"Feature","id":911,"geometry":{"type":"LineString","coordinates":[[-105.98871,28.6677],[-105.98904,28.66762]]},"properties":{"id":911,"nombre":"Avenida Equus","clase":"secondary"}},{"type":"Feature","id":912,"geometry":{"type":"LineString","coordinates":[[-105.98664,28.66823],[-105.98871,28.6677]]},"properties":{"id":912,"nombre":"Avenida Equus","clase":"secondary"}},{"type":"Feature","id":913,"geometry":{"type":"LineString","coordinates":[[-105.98534,28.66859],[-105.98664,28.66823]]},"properties":{"id":913,"nombre":"Avenida Equus","clase":"secondary"}},{"type":"Feature","id":914,"geometry":{"type":"LineString","coordinates":[[-105.96601,28.6719],[-105.96381,28.67217],[-105.96244,28.6724],[-105.96026,28.67282],[-105.9595,28.67286],[-105.95913,28.67282]]},"properties":{"id":914,"nombre":"Avenida Equus","clase":"secondary"}},{"type":"Feature","id":915,"geometry":{"type":"LineString","coordinates":[[-105.96601,28.67207],[-105.9672,28.67185],[-105.97051,28.67174],[-105.97246,28.67162],[-105.97363,28.67155]]},"properties":{"id":915,"nombre":"Avenida Equus","clase":"secondary"}},{"type":"Feature","id":916,"geometry":{"type":"LineString","coordinates":[[-105.95913,28.67282],[-105.95701,28.67246],[-105.95457,28.67202],[-105.95328,28.6718],[-105.95281,28.67172]]},"properties":{"id":916,"nombre":"Avenida Equus","clase":"secondary"}},{"type":"Feature","id":917,"geometry":{"type":"LineString","coordinates":[[-105.95914,28.67298],[-105.95988,28.67301],[-105.96067,28.67292],[-105.96328,28.67241],[-105.96567,28.67212],[-105.96601,28.67207]]},"properties":{"id":917,"nombre":"Avenida Equus","clase":"secondary"}},{"type":"Feature","id":918,"geometry":{"type":"LineString","coordinates":[[-105.97838,28.67049],[-105.97889,28.67036]]},"properties":{"id":918,"nombre":"Avenida Equus","clase":"secondary"}},{"type":"Feature","id":919,"geometry":{"type":"LineString","coordinates":[[-105.95118,28.67142],[-105.9502,28.67126]]},"properties":{"id":919,"nombre":"Avenida Equus","clase":"secondary"}},{"type":"Feature","id":920,"geometry":{"type":"LineString","coordinates":[[-105.95236,28.67163],[-105.95118,28.67142]]},"properties":{"id":920,"nombre":"Avenida Equus","clase":"secondary"}},{"type":"Feature","id":921,"geometry":{"type":"LineString","coordinates":[[-105.95281,28.67172],[-105.95236,28.67163]]},"properties":{"id":921,"nombre":"Avenida Equus","clase":"secondary"}},{"type":"Feature","id":922,"geometry":{"type":"LineString","coordinates":[[-105.99798,28.67183],[-105.99729,28.67145],[-105.99614,28.67081],[-105.99572,28.67054]]},"properties":{"id":922,"nombre":"Avenida Equus","clase":"secondary"}},{"type":"Feature","id":923,"geometry":{"type":"LineString","coordinates":[[-105.99642,28.67157],[-105.997,28.67189],[-105.99739,28.67211],[-105.99775,28.67229],[-105.9979,28.67237]]},"properties":{"id":923,"nombre":"Avenida Equus","clase":"secondary"}},{"type":"Feature","id":924,"geometry":{"type":"LineString","coordinates":[[-105.9954,28.67097],[-105.99619,28.67145],[-105.99642,28.67157]]},"properties":{"id":924,"nombre":"Avenida Equus","clase":"secondary"}},{"type":"Feature","id":925,"geometry":{"type":"LineString","coordinates":[[-105.99357,28.66908],[-105.99201,28.66803],[-105.99144,28.66765]]},"properties":{"id":925,"nombre":"Avenida Equus","clase":"secondary"}},{"type":"Feature","id":926,"geometry":{"type":"LineString","coordinates":[[-105.97633,28.67104],[-105.97838,28.67049]]},"properties":{"id":926,"nombre":"Avenida Equus","clase":"secondary"}},{"type":"Feature","id":927,"geometry":{"type":"LineString","coordinates":[[-105.95453,28.67219],[-105.95604,28.67246],[-105.9585,28.6729],[-105.95914,28.67298]]},"properties":{"id":927,"nombre":"Avenida Equus","clase":"secondary"}},{"type":"Feature","id":928,"geometry":{"type":"LineString","coordinates":[[-105.95016,28.67142],[-105.95453,28.67219]]},"properties":{"id":928,"nombre":"Avenida Equus","clase":"secondary"}},{"type":"Feature","id":929,"geometry":{"type":"LineString","coordinates":[[-105.99775,28.67229],[-105.9979,28.67222],[-105.99799,28.67211],[-105.99802,28.67198],[-105.99798,28.67183]]},"properties":{"id":929,"nombre":"Avenida Equus","clase":"secondary"}},{"type":"Feature","id":930,"geometry":{"type":"LineString","coordinates":[[-105.99886,28.67159],[-105.99857,28.67182],[-105.99839,28.67189],[-105.99818,28.67189],[-105.99798,28.67183]]},"properties":{"id":930,"nombre":"Avenida Equus","clase":"secondary"}},{"type":"Feature","id":931,"geometry":{"type":"LineString","coordinates":[[-105.97363,28.67155],[-105.97454,28.67149],[-105.97491,28.67142],[-105.97633,28.67104]]},"properties":{"id":931,"nombre":"Avenida Equus","clase":"secondary"}},{"type":"Feature","id":932,"geometry":{"type":"LineString","coordinates":[[-106.09565,28.72935],[-106.09464,28.72952],[-106.0929,28.72981],[-106.09271,28.72984]]},"properties":{"id":932,"nombre":"Avenida Fedor Dostoievski","clase":"secondary"}},{"type":"Feature","id":933,"geometry":{"type":"LineString","coordinates":[[-106.12855,28.72313],[-106.12837,28.72321],[-106.12709,28.7237],[-106.12646,28.72394],[-106.1258,28.72419],[-106.1246,28.72465],[-106.12278,28.72534]]},"properties":{"id":933,"nombre":"Avenida Fedor Dostoievski","clase":"secondary"}},{"type":"Feature","id":934,"geometry":{"type":"LineString","coordinates":[[-106.12659,28.72401],[-106.12748,28.72368],[-106.12813,28.72342],[-106.12847,28.72329],[-106.12863,28.72325]]},"properties":{"id":934,"nombre":"Avenida Fedor Dostoievski","clase":"secondary"}},{"type":"Feature","id":935,"geometry":{"type":"LineString","coordinates":[[-106.12643,28.72408],[-106.12659,28.72401]]},"properties":{"id":935,"nombre":"Avenida Fedor Dostoievski","clase":"secondary"}},{"type":"Feature","id":936,"geometry":{"type":"LineString","coordinates":[[-106.12015,28.72647],[-106.12283,28.72545],[-106.12466,28.72476],[-106.12509,28.72459],[-106.12594,28.72427]]},"properties":{"id":936,"nombre":"Avenida Fedor Dostoievski","clase":"secondary"}},{"type":"Feature","id":937,"geometry":{"type":"LineString","coordinates":[[-106.11662,28.72782],[-106.11774,28.72739],[-106.11831,28.72717],[-106.12007,28.7265],[-106.12015,28.72647]]},"properties":{"id":937,"nombre":"Avenida Fedor Dostoievski","clase":"secondary"}},{"type":"Feature","id":938,"geometry":{"type":"LineString","coordinates":[[-106.11325,28.7291],[-106.11411,28.72877],[-106.11542,28.72827],[-106.11585,28.72811],[-106.11662,28.72782]]},"properties":{"id":938,"nombre":"Avenida Fedor Dostoievski","clase":"secondary"}},{"type":"Feature","id":939,"geometry":{"type":"LineString","coordinates":[[-106.12278,28.72534],[-106.12158,28.7258],[-106.12001,28.72639],[-106.11948,28.7266],[-106.11784,28.72722],[-106.11739,28.7274],[-106.11624,28.72784]]},"properties":{"id":939,"nombre":"Avenida Fedor Dostoievski","clase":"secondary"}},{"type":"Feature","id":940,"geometry":{"type":"LineString","coordinates":[[-106.1158,28.72801],[-106.11512,28.72827],[-106.11426,28.72859],[-106.11364,28.72883],[-106.11334,28.72894],[-106.11315,28.72901]]},"properties":{"id":940,"nombre":"Avenida Fedor Dostoievski","clase":"secondary"}},{"type":"Feature","id":941,"geometry":{"type":"LineString","coordinates":[[-106.12594,28.72427],[-106.12616,28.72418],[-106.12636,28.7241],[-106.12643,28.72408]]},"properties":{"id":941,"nombre":"Avenida Fedor Dostoievski","clase":"secondary"}},{"type":"Feature","id":942,"geometry":{"type":"LineString","coordinates":[[-106.11624,28.72784],[-106.1158,28.72801]]},"properties":{"id":942,"nombre":"Avenida Fedor Dostoievski","clase":"secondary"}},{"type":"Feature","id":943,"geometry":{"type":"LineString","coordinates":[[-106.09274,28.72995],[-106.09289,28.72992]]},"properties":{"id":943,"nombre":"Avenida Fedor Dostoievski","clase":"secondary"}},{"type":"Feature","id":944,"geometry":{"type":"LineString","coordinates":[[-106.11292,28.72908],[-106.11264,28.72915],[-106.11236,28.72918],[-106.11201,28.72918],[-106.11163,28.72913],[-106.11104,28.72894],[-106.10952,28.7284],[-106.10849,28.72802],[-106.10741,28.72764],[-106.10665,28.72745],[-106.10635,28.72743],[-106.10597,28.72747],[-106.10554,28.72758]]},"properties":{"id":944,"nombre":"Avenida Fedor Dostoyevzki","clase":"secondary"}},{"type":"Feature","id":945,"geometry":{"type":"LineString","coordinates":[[-106.11298,28.7292],[-106.1132,28.72912],[-106.11325,28.7291]]},"properties":{"id":945,"nombre":"Avenida Fedor Dostoyevzki","clase":"secondary"}},{"type":"Feature","id":946,"geometry":{"type":"LineString","coordinates":[[-106.09289,28.72992],[-106.09544,28.72954],[-106.09568,28.7295],[-106.09621,28.72942],[-106.09862,28.72902],[-106.09957,28.72888]]},"properties":{"id":946,"nombre":"Avenida Fedor Dostoyevzki","clase":"secondary"}},{"type":"Feature","id":947,"geometry":{"type":"LineString","coordinates":[[-106.11315,28.72901],[-106.11292,28.72908]]},"properties":{"id":947,"nombre":"Avenida Fedor Dostoyevzki","clase":"secondary"}},{"type":"Feature","id":948,"geometry":{"type":"LineString","coordinates":[[-106.10554,28.72758],[-106.10484,28.72784],[-106.10449,28.72795],[-106.10323,28.72816],[-106.10183,28.72838],[-106.09951,28.72874]]},"properties":{"id":948,"nombre":"Avenida Fedor Dostoyevzki","clase":"secondary"}},{"type":"Feature","id":949,"geometry":{"type":"LineString","coordinates":[[-106.10751,28.72783],[-106.10839,28.72815],[-106.11097,28.72909],[-106.11151,28.72925],[-106.11167,28.72928],[-106.11186,28.72932],[-106.11223,28.72933],[-106.11254,28.72931],[-106.11283,28.72924],[-106.11298,28.7292]]},"properties":{"id":949,"nombre":"Avenida Fedor Dostoyevzki","clase":"secondary"}},{"type":"Feature","id":950,"geometry":{"type":"LineString","coordinates":[[-106.10491,28.72796],[-106.1052,28.72785],[-106.10572,28.72767],[-106.10629,28.72757],[-106.10689,28.72761],[-106.10751,28.72783]]},"properties":{"id":950,"nombre":"Avenida Fedor Dostoyevzki","clase":"secondary"}},{"type":"Feature","id":951,"geometry":{"type":"LineString","coordinates":[[-106.1033,28.7283],[-106.10434,28.72813],[-106.1045,28.7281],[-106.10462,28.72807],[-106.10491,28.72796]]},"properties":{"id":951,"nombre":"Avenida Fedor Dostoyevzki","clase":"secondary"}},{"type":"Feature","id":952,"geometry":{"type":"LineString","coordinates":[[-106.10189,28.7285],[-106.1033,28.7283]]},"properties":{"id":952,"nombre":"Avenida Fedor Dostoyevzki","clase":"secondary"}},{"type":"Feature","id":953,"geometry":{"type":"LineString","coordinates":[[-106.10084,28.72868],[-106.10189,28.7285]]},"properties":{"id":953,"nombre":"Avenida Fedor Dostoyevzki","clase":"secondary"}},{"type":"Feature","id":954,"geometry":{"type":"LineString","coordinates":[[-106.09597,28.7293],[-106.09565,28.72935]]},"properties":{"id":954,"nombre":"Avenida Fedor Dostoyevzki","clase":"secondary"}},{"type":"Feature","id":955,"geometry":{"type":"LineString","coordinates":[[-106.0962,28.72926],[-106.09597,28.7293]]},"properties":{"id":955,"nombre":"Avenida Fedor Dostoyevzki","clase":"secondary"}},{"type":"Feature","id":956,"geometry":{"type":"LineString","coordinates":[[-106.09856,28.72889],[-106.09763,28.72903],[-106.09662,28.7292],[-106.09648,28.72922],[-106.0962,28.72926]]},"properties":{"id":956,"nombre":"Avenida Fedor Dostoyevzki","clase":"secondary"}},{"type":"Feature","id":957,"geometry":{"type":"LineString","coordinates":[[-106.09951,28.72874],[-106.09926,28.72878],[-106.09856,28.72889]]},"properties":{"id":957,"nombre":"Avenida Fedor Dostoyevzki","clase":"secondary"}},{"type":"Feature","id":958,"geometry":{"type":"LineString","coordinates":[[-106.09957,28.72888],[-106.10084,28.72868]]},"properties":{"id":958,"nombre":"Avenida Fedor Dostoyevzki","clase":"secondary"}},{"type":"Feature","id":959,"geometry":{"type":"LineString","coordinates":[[-106.10901,28.65534],[-106.11031,28.65556],[-106.11079,28.65565],[-106.11254,28.65597],[-106.1143,28.65628],[-106.11518,28.65644]]},"properties":{"id":959,"nombre":"Avenida Francisco Villa","clase":"primary"}},{"type":"Feature","id":960,"geometry":{"type":"LineString","coordinates":[[-106.12019,28.65969],[-106.12065,28.66074],[-106.12112,28.66177],[-106.1214,28.66242],[-106.12178,28.66317],[-106.1223,28.66383],[-106.12292,28.66437],[-106.1243,28.66539]]},"properties":{"id":960,"nombre":"Avenida Francisco Villa","clase":"primary"}},{"type":"Feature","id":961,"geometry":{"type":"LineString","coordinates":[[-106.12025,28.65952],[-106.11966,28.65816],[-106.11934,28.65759],[-106.11925,28.65748],[-106.11887,28.65715],[-106.11841,28.65692],[-106.11736,28.65669],[-106.11609,28.65647],[-106.11521,28.65631]]},"properties":{"id":961,"nombre":"Avenida Francisco Villa","clase":"primary"}},{"type":"Feature","id":962,"geometry":{"type":"LineString","coordinates":[[-106.12016,28.65959],[-106.12019,28.65969]]},"properties":{"id":962,"nombre":"Avenida Francisco Villa","clase":"primary"}},{"type":"Feature","id":963,"geometry":{"type":"LineString","coordinates":[[-106.12147,28.66228],[-106.12083,28.66084],[-106.12031,28.65967],[-106.12025,28.65952]]},"properties":{"id":963,"nombre":"Avenida Francisco Villa","clase":"primary"}},{"type":"Feature","id":964,"geometry":{"type":"LineString","coordinates":[[-106.09875,28.65329],[-106.09894,28.65324],[-106.09938,28.65313],[-106.09955,28.65308],[-106.09972,28.65306],[-106.09984,28.65305],[-106.1,28.65307],[-106.10016,28.65311],[-106.10029,28.65316],[-106.10033,28.65319],[-106.10051,28.6533],[-106.10083,28.65357],[-106.1011,28.65375],[-106.10137,28.65388],[-106.10164,28.65396],[-106.10192,28.65403],[-106.10277,28.65418],[-106.10362,28.65434],[-106.10449,28.65451]]},"properties":{"id":964,"nombre":"Avenida Francisco Villa","clase":"primary"}},{"type":"Feature","id":965,"geometry":{"type":"LineString","coordinates":[[-106.09881,28.65318],[-106.09872,28.65321],[-106.09864,28.65324]]},"properties":{"id":965,"nombre":"Avenida Francisco Villa","clase":"primary"}},{"type":"Feature","id":966,"geometry":{"type":"LineString","coordinates":[[-106.10166,28.65388],[-106.10144,28.65381],[-106.10124,28.65372],[-106.10106,28.65361],[-106.10086,28.65347],[-106.10058,28.65323],[-106.10037,28.6531],[-106.10015,28.653],[-106.09998,28.65297],[-106.09985,28.65296],[-106.09966,28.65296],[-106.09946,28.653],[-106.09903,28.65312],[-106.09881,28.65318]]},"properties":{"id":966,"nombre":"Avenida Francisco Villa","clase":"primary"}},{"type":"Feature","id":967,"geometry":{"type":"LineString","coordinates":[[-106.11789,28.65693],[-106.11883,28.65726],[-106.11913,28.65751],[-106.11936,28.65784],[-106.11984,28.65887],[-106.12016,28.65959]]},"properties":{"id":967,"nombre":"Avenida Francisco Villa","clase":"primary"}},{"type":"Feature","id":968,"geometry":{"type":"LineString","coordinates":[[-106.1105,28.6555],[-106.10904,28.65521],[-106.10801,28.65502],[-106.10701,28.65486],[-106.10628,28.65474],[-106.10452,28.65442],[-106.10365,28.65425]]},"properties":{"id":968,"nombre":"Avenida Francisco Villa","clase":"primary"}},{"type":"Feature","id":969,"geometry":{"type":"LineString","coordinates":[[-106.10625,28.65484],[-106.10712,28.65501],[-106.10797,28.65516],[-106.1089,28.65532],[-106.10901,28.65534]]},"properties":{"id":969,"nombre":"Avenida Francisco Villa","clase":"primary"}},{"type":"Feature","id":970,"geometry":{"type":"LineString","coordinates":[[-106.10552,28.65471],[-106.10625,28.65484]]},"properties":{"id":970,"nombre":"Avenida Francisco Villa","clase":"primary"}},{"type":"Feature","id":971,"geometry":{"type":"LineString","coordinates":[[-106.10449,28.65451],[-106.10552,28.65471]]},"properties":{"id":971,"nombre":"Avenida Francisco Villa","clase":"primary"}},{"type":"Feature","id":972,"geometry":{"type":"LineString","coordinates":[[-106.11344,28.656],[-106.11169,28.6557],[-106.11064,28.65552],[-106.1105,28.6555]]},"properties":{"id":972,"nombre":"Avenida Francisco Villa","clase":"primary"}},{"type":"Feature","id":973,"geometry":{"type":"LineString","coordinates":[[-106.11521,28.65631],[-106.11434,28.65616],[-106.11344,28.656]]},"properties":{"id":973,"nombre":"Avenida Francisco Villa","clase":"primary"}},{"type":"Feature","id":974,"geometry":{"type":"LineString","coordinates":[[-106.1312,28.66454],[-106.13086,28.66459],[-106.13052,28.66466],[-106.13035,28.6647],[-106.12989,28.66481]]},"properties":{"id":974,"nombre":"Avenida Francisco Villa","clase":"secondary"}},{"type":"Feature","id":975,"geometry":{"type":"LineString","coordinates":[[-106.12989,28.66481],[-106.12906,28.66499],[-106.12875,28.66506],[-106.12722,28.66541],[-106.12693,28.66547],[-106.12657,28.66555],[-106.12592,28.66566],[-106.12563,28.66565],[-106.12528,28.66561],[-106.12468,28.66543],[-106.12398,28.66499]]},"properties":{"id":975,"nombre":"Avenida Francisco Villa","clase":"primary"}},{"type":"Feature","id":976,"geometry":{"type":"LineString","coordinates":[[-106.13322,28.66513],[-106.13296,28.66494],[-106.13265,28.66478],[-106.13234,28.66466],[-106.13197,28.66456],[-106.13164,28.66454],[-106.1312,28.66454]]},"properties":{"id":976,"nombre":"Avenida Francisco Villa","clase":"secondary"}},{"type":"Feature","id":977,"geometry":{"type":"LineString","coordinates":[[-106.13035,28.66519],[-106.13133,28.66497],[-106.13186,28.66491],[-106.13215,28.66493],[-106.13249,28.66499],[-106.13273,28.66506],[-106.13309,28.66522],[-106.13354,28.66561],[-106.13401,28.66603],[-106.13468,28.66671],[-106.13495,28.66726],[-106.13506,28.66752]]},"properties":{"id":977,"nombre":"Avenida Francisco Villa","clase":"secondary"}},{"type":"Feature","id":978,"geometry":{"type":"LineString","coordinates":[[-106.12994,28.66529],[-106.13035,28.66519]]},"properties":{"id":978,"nombre":"Avenida Francisco Villa","clase":"secondary"}},{"type":"Feature","id":979,"geometry":{"type":"LineString","coordinates":[[-106.12953,28.66538],[-106.12994,28.66529]]},"properties":{"id":979,"nombre":"Avenida Francisco Villa","clase":"primary"}},{"type":"Feature","id":980,"geometry":{"type":"LineString","coordinates":[[-106.1243,28.66539],[-106.12458,28.66558],[-106.12473,28.66566],[-106.12506,28.66578],[-106.12537,28.66588],[-106.1256,28.66595],[-106.12622,28.66608],[-106.12666,28.66609],[-106.12711,28.66607],[-106.12774,28.66604],[-106.12808,28.66594],[-106.12829,28.66583],[-106.12855,28.66566],[-106.12878,28.66555],[-106.12903,28.66549],[-106.12953,28.66538]]},"properties":{"id":980,"nombre":"Avenida Francisco Villa","clase":"primary"}},{"type":"Feature","id":981,"geometry":{"type":"LineString","coordinates":[[-106.13415,28.66597],[-106.13406,28.66588],[-106.13366,28.66552],[-106.13322,28.66513]]},"properties":{"id":981,"nombre":"Avenida Francisco Villa","clase":"secondary"}},{"type":"Feature","id":982,"geometry":{"type":"LineString","coordinates":[[-106.13457,28.66637],[-106.1344,28.66622],[-106.13415,28.66597]]},"properties":{"id":982,"nombre":"Avenida Francisco Villa","clase":"secondary"}},{"type":"Feature","id":983,"geometry":{"type":"LineString","coordinates":[[-106.13517,28.66746],[-106.13492,28.66687],[-106.13474,28.66656],[-106.13457,28.66637]]},"properties":{"id":983,"nombre":"Avenida Francisco Villa","clase":"secondary"}},{"type":"Feature","id":984,"geometry":{"type":"LineString","coordinates":[[-106.13506,28.66752],[-106.13534,28.66804],[-106.13564,28.66841],[-106.13607,28.66881],[-106.13625,28.66893],[-106.13644,28.66902],[-106.1366,28.66916],[-106.13669,28.6693],[-106.13686,28.66962],[-106.13699,28.66981],[-106.13715,28.66997],[-106.13777,28.6704],[-106.13837,28.67085],[-106.1386,28.67096],[-106.13884,28.67104],[-106.13916,28.67111],[-106.13982,28.6712]]},"properties":{"id":984,"nombre":"Avenida Francisco Villa","clase":"secondary"}},{"type":"Feature","id":985,"geometry":{"type":"LineString","coordinates":[[-106.11518,28.65644],[-106.11606,28.6566],[-106.11697,28.65676],[-106.11789,28.65693]]},"properties":{"id":985,"nombre":"Avenida Francisco Villa","clase":"primary"}},{"type":"Feature","id":986,"geometry":{"type":"LineString","coordinates":[[-106.13546,28.66799],[-106.13536,28.66781],[-106.13525,28.66763],[-106.13517,28.66746]]},"properties":{"id":986,"nombre":"Avenida Francisco Villa","clase":"secondary"}},{"type":"Feature","id":987,"geometry":{"type":"LineString","coordinates":[[-106.14113,28.6704],[-106.14096,28.67061],[-106.14074,28.67074],[-106.14051,28.67084],[-106.1401,28.67093],[-106.13953,28.67101],[-106.13909,28.67097],[-106.13879,28.6709],[-106.13849,28.67077],[-106.13802,28.67044],[-106.13742,28.67001],[-106.13722,28.66986],[-106.13704,28.66967],[-106.13684,28.66929],[-106.13671,28.66908],[-106.1365,28.6689],[-106.1363,28.66878],[-106.13605,28.66859],[-106.13578,28.66834],[-106.13559,28.66814],[-106.13546,28.66799]]},"properties":{"id":987,"nombre":"Avenida Francisco Villa","clase":"secondary"}},{"type":"Feature","id":988,"geometry":{"type":"LineString","coordinates":[[-106.14118,28.67033],[-106.14113,28.6704]]},"properties":{"id":988,"nombre":"Avenida Francisco Villa","clase":"secondary"}},{"type":"Feature","id":989,"geometry":{"type":"LineString","coordinates":[[-106.09867,28.65332],[-106.09875,28.65329]]},"properties":{"id":989,"nombre":"Avenida Francisco Villa","clase":"primary"}},{"type":"Feature","id":990,"geometry":{"type":"LineString","coordinates":[[-106.10217,28.65399],[-106.10196,28.65395],[-106.10183,28.65392],[-106.10166,28.65388]]},"properties":{"id":990,"nombre":"Avenida Francisco Villa","clase":"primary"}},{"type":"Feature","id":991,"geometry":{"type":"LineString","coordinates":[[-106.10279,28.6541],[-106.10217,28.65399]]},"properties":{"id":991,"nombre":"Avenida Francisco Villa","clase":"primary"}},{"type":"Feature","id":992,"geometry":{"type":"LineString","coordinates":[[-106.12153,28.66241],[-106.12147,28.66228]]},"properties":{"id":992,"nombre":"Avenida Francisco Villa","clase":"primary"}},{"type":"Feature","id":993,"geometry":{"type":"LineString","coordinates":[[-106.14208,28.66949],[-106.14227,28.6694],[-106.14243,28.66929],[-106.14265,28.66913],[-106.14293,28.66906],[-106.14291,28.66902],[-106.14269,28.66903],[-106.14238,28.66913],[-106.14219,28.66921],[-106.14196,28.66935],[-106.14178,28.66947],[-106.14168,28.66955],[-106.14158,28.66967],[-106.14146,28.66984],[-106.14118,28.67033]]},"properties":{"id":993,"nombre":"Avenida Francisco Villa","clase":"secondary"}},{"type":"Feature","id":994,"geometry":{"type":"LineString","coordinates":[[-106.14243,28.66929],[-106.14241,28.66921],[-106.14239,28.66915],[-106.14238,28.66913]]},"properties":{"id":994,"nombre":"Avenida Francisco Villa","clase":"secondary"}},{"type":"Feature","id":995,"geometry":{"type":"LineString","coordinates":[[-106.14605,28.66899],[-106.14559,28.66898],[-106.14515,28.66902],[-106.14461,28.66897],[-106.14421,28.66896],[-106.14383,28.66903],[-106.14359,28.66907],[-106.1434,28.66908],[-106.1432,28.66906],[-106.14307,28.66904]]},"properties":{"id":995,"nombre":"Avenida Francisco Villa","clase":"secondary"}},{"type":"Feature","id":996,"geometry":{"type":"LineString","coordinates":[[-106.14196,28.66935],[-106.14197,28.66938],[-106.14201,28.66943],[-106.14205,28.66947],[-106.14208,28.66949]]},"properties":{"id":996,"nombre":"Avenida Francisco Villa","clase":"secondary"}},{"type":"Feature","id":997,"geometry":{"type":"LineString","coordinates":[[-106.13982,28.6712],[-106.14002,28.67122],[-106.14025,28.67121],[-106.14057,28.67112],[-106.14085,28.67096],[-106.14109,28.67072],[-106.14126,28.67046],[-106.1414,28.67019],[-106.14161,28.66982],[-106.14172,28.66968],[-106.14181,28.66961],[-106.14196,28.66954],[-106.14208,28.66949]]},"properties":{"id":997,"nombre":"Avenida Francisco Villa","clase":"secondary"}},{"type":"Feature","id":998,"geometry":{"type":"LineString","coordinates":[[-106.10365,28.65425],[-106.10339,28.6542],[-106.10279,28.6541]]},"properties":{"id":998,"nombre":"Avenida Francisco Villa","clase":"primary"}},{"type":"Feature","id":999,"geometry":{"type":"LineString","coordinates":[[-106.12316,28.66437],[-106.12248,28.66379],[-106.12185,28.66302],[-106.12153,28.66241]]},"properties":{"id":999,"nombre":"Avenida Francisco Villa","clase":"primary"}},{"type":"Feature","id":1000,"geometry":{"type":"LineString","coordinates":[[-106.12398,28.66499],[-106.12333,28.66451],[-106.12316,28.66437]]},"properties":{"id":1000,"nombre":"Avenida Francisco Villa","clase":"primary"}},{"type":"Feature","id":1001,"geometry":{"type":"LineString","coordinates":[[-106.08986,28.61574],[-106.08965,28.6161],[-106.08928,28.61675],[-106.08873,28.61796],[-106.08785,28.62],[-106.0876,28.62057]]},"properties":{"id":1001,"nombre":"Avenida Francisco Zarco MAteos","clase":"primary"}},{"type":"Feature","id":1002,"geometry":{"type":"LineString","coordinates":[[-106.08986,28.61574],[-106.09029,28.615],[-106.09122,28.61338],[-106.09154,28.61283],[-106.0918,28.61239]]},"properties":{"id":1002,"nombre":"Avenida Francisco Zarco MAteos","clase":"primary"}},{"type":"Feature","id":1003,"geometry":{"type":"LineString","coordinates":[[-106.11083,28.61807],[-106.11085,28.61835],[-106.11088,28.61849],[-106.11097,28.61867],[-106.11117,28.61899],[-106.11132,28.61917],[-106.11148,28.61931],[-106.11204,28.61961],[-106.11326,28.62014],[-106.11335,28.62019],[-106.11338,28.62026],[-106.1134,28.62048]]},"properties":{"id":1003,"nombre":"Avenida Fuente del Agua Felíz","clase":"secondary"}},{"type":"Feature","id":1004,"geometry":{"type":"LineString","coordinates":[[-106.11113,28.61859],[-106.11105,28.6181],[-106.11103,28.61798]]},"properties":{"id":1004,"nombre":"Avenida Fuente del Agua Felíz","clase":"secondary"}},{"type":"Feature","id":1005,"geometry":{"type":"LineString","coordinates":[[-106.11345,28.62015],[-106.11343,28.62013],[-106.11169,28.61932],[-106.11149,28.6192],[-106.11137,28.61909],[-106.11118,28.61883],[-106.11115,28.61874],[-106.11113,28.61859]]},"properties":{"id":1005,"nombre":"Avenida Fuente del Agua Felíz","clase":"secondary"}},{"type":"Feature","id":1006,"geometry":{"type":"LineString","coordinates":[[-105.99585,28.67686],[-105.99649,28.67733],[-106.00005,28.67977],[-106.0007,28.68023]]},"properties":{"id":1006,"nombre":"Avenida Fuerza Aérea Mexicana","clase":"primary"}},{"type":"Feature","id":1007,"geometry":{"type":"LineString","coordinates":[[-105.99603,28.67686],[-105.99591,28.67678]]},"properties":{"id":1007,"nombre":"Avenida Fuerza Aérea Mexicana","clase":"primary"}},{"type":"Feature","id":1008,"geometry":{"type":"LineString","coordinates":[[-105.99659,28.67724],[-105.99603,28.67686]]},"properties":{"id":1008,"nombre":"Avenida Fuerza Aérea Mexicana","clase":"primary"}},{"type":"Feature","id":1009,"geometry":{"type":"LineString","coordinates":[[-106.01142,28.68751],[-106.01248,28.68822],[-106.0129,28.6885],[-106.01297,28.68859],[-106.01298,28.68864]]},"properties":{"id":1009,"nombre":"Avenida Fuerza Aérea Mexicana","clase":"primary"}},{"type":"Feature","id":1010,"geometry":{"type":"LineString","coordinates":[[-106.01244,28.68804],[-106.01168,28.68753],[-106.01023,28.68652],[-106.0082,28.68513],[-106.00671,28.68413],[-106.00659,28.68405]]},"properties":{"id":1010,"nombre":"Avenida Fuerza Aérea Mexicana","clase":"primary"}},{"type":"Feature","id":1011,"geometry":{"type":"LineString","coordinates":[[-106.00142,28.68053],[-106.00078,28.68009],[-106.00076,28.68007],[-105.99659,28.67724]]},"properties":{"id":1011,"nombre":"Avenida Fuerza Aérea Mexicana","clase":"primary"}},{"type":"Feature","id":1012,"geometry":{"type":"LineString","coordinates":[[-106.00258,28.6813],[-106.00222,28.68107],[-106.00191,28.68086],[-106.00142,28.68053]]},"properties":{"id":1012,"nombre":"Avenida Fuerza Aérea Mexicana","clase":"primary"}},{"type":"Feature","id":1013,"geometry":{"type":"LineString","coordinates":[[-106.00243,28.68139],[-106.00356,28.68216],[-106.00481,28.68302],[-106.00612,28.68392],[-106.00716,28.68463],[-106.008,28.6852],[-106.0096,28.68631]]},"properties":{"id":1013,"nombre":"Avenida Fuerza Aérea Mexicana","clase":"primary"}},{"type":"Feature","id":1014,"geometry":{"type":"LineString","coordinates":[[-106.00659,28.68405],[-106.0059,28.68358],[-106.00416,28.6824],[-106.00321,28.68176],[-106.00258,28.6813]]},"properties":{"id":1014,"nombre":"Avenida Fuerza Aérea Mexicana","clase":"primary"}},{"type":"Feature","id":1015,"geometry":{"type":"LineString","coordinates":[[-106.0007,28.68023],[-106.00172,28.68091],[-106.00219,28.68123],[-106.00243,28.68139]]},"properties":{"id":1015,"nombre":"Avenida Fuerza Aérea Mexicana","clase":"primary"}},{"type":"Feature","id":1016,"geometry":{"type":"LineString","coordinates":[[-106.0102,28.68671],[-106.01095,28.6872],[-106.01142,28.68751]]},"properties":{"id":1016,"nombre":"Avenida Fuerza Aérea Mexicana","clase":"primary"}},{"type":"Feature","id":1017,"geometry":{"type":"LineString","coordinates":[[-106.0096,28.68631],[-106.0102,28.68671]]},"properties":{"id":1017,"nombre":"Avenida Fuerza Aérea Mexicana","clase":"primary"}},{"type":"Feature","id":1018,"geometry":{"type":"LineString","coordinates":[[-106.0132,28.6884],[-106.01301,28.68839],[-106.01279,28.68827],[-106.01244,28.68804]]},"properties":{"id":1018,"nombre":"Avenida Fuerza Aérea Mexicana","clase":"primary"}},{"type":"Feature","id":1019,"geometry":{"type":"LineString","coordinates":[[-106.11938,28.65222],[-106.11914,28.6517],[-106.11875,28.65085],[-106.1183,28.64988],[-106.11782,28.64884],[-106.11754,28.64824],[-106.11742,28.64798]]},"properties":{"id":1019,"nombre":"Avenida George Washington","clase":"secondary"}},{"type":"Feature","id":1020,"geometry":{"type":"LineString","coordinates":[[-106.11683,28.64607],[-106.11678,28.64623],[-106.11677,28.64651],[-106.11681,28.64669],[-106.11693,28.64696],[-106.11707,28.64725],[-106.11711,28.64734]]},"properties":{"id":1020,"nombre":"Avenida George Washington","clase":"secondary"}},{"type":"Feature","id":1021,"geometry":{"type":"LineString","coordinates":[[-106.11683,28.64607],[-106.11694,28.64579],[-106.11715,28.64548],[-106.1175,28.64506],[-106.11783,28.64439],[-106.11838,28.64361],[-106.119,28.6425],[-106.11915,28.64236],[-106.1195,28.64219],[-106.1203,28.64184],[-106.12075,28.64165]]},"properties":{"id":1021,"nombre":"Avenida George Washington","clase":"secondary"}},{"type":"Feature","id":1022,"geometry":{"type":"LineString","coordinates":[[-106.12318,28.64131],[-106.12276,28.64141],[-106.12238,28.64138],[-106.12176,28.64128],[-106.12154,28.64131],[-106.12124,28.64141],[-106.12075,28.64165]]},"properties":{"id":1022,"nombre":"Avenida George Washington","clase":"secondary"}},{"type":"Feature","id":1023,"geometry":{"type":"LineString","coordinates":[[-106.09396,28.64998],[-106.09531,28.65022],[-106.0968,28.65049],[-106.09808,28.65071],[-106.09871,28.65082]]},"properties":{"id":1023,"nombre":"Avenida Glandorf","clase":"secondary"}},{"type":"Feature","id":1024,"geometry":{"type":"LineString","coordinates":[[-106.09252,28.64973],[-106.09318,28.64984],[-106.09396,28.64998]]},"properties":{"id":1024,"nombre":"Avenida Glandorf","clase":"secondary"}},{"type":"Feature","id":1025,"geometry":{"type":"LineString","coordinates":[[-106.09106,28.64945],[-106.09167,28.64957],[-106.09252,28.64973]]},"properties":{"id":1025,"nombre":"Avenida Glandorf","clase":"secondary"}},{"type":"Feature","id":1026,"geometry":{"type":"LineString","coordinates":[[-106.15562,28.737],[-106.1552,28.73717],[-106.15191,28.73807],[-106.14768,28.73922],[-106.14693,28.73943]]},"properties":{"id":1026,"nombre":"Avenida Guillermo Prieto Luján","clase":"primary"}},{"type":"Feature","id":1027,"geometry":{"type":"LineString","coordinates":[[-106.12764,28.74737],[-106.12998,28.74633],[-106.1324,28.74525],[-106.13324,28.74488]]},"properties":{"id":1027,"nombre":"Avenida Guillermo Prieto Luján","clase":"primary"}},{"type":"Feature","id":1028,"geometry":{"type":"LineString","coordinates":[[-106.13376,28.74465],[-106.13805,28.74277],[-106.13832,28.74266],[-106.14069,28.74164]]},"properties":{"id":1028,"nombre":"Avenida Guillermo Prieto Luján","clase":"primary"}},{"type":"Feature","id":1029,"geometry":{"type":"LineString","coordinates":[[-106.14206,28.74103],[-106.143,28.74069],[-106.14475,28.74019],[-106.14599,28.73985],[-106.14977,28.73883]]},"properties":{"id":1029,"nombre":"Avenida Guillermo Prieto Luján","clase":"primary"}},{"type":"Feature","id":1030,"geometry":{"type":"LineString","coordinates":[[-106.15555,28.73721],[-106.15573,28.73712]]},"properties":{"id":1030,"nombre":"Avenida Guillermo Prieto Luján","clase":"primary"}},{"type":"Feature","id":1031,"geometry":{"type":"LineString","coordinates":[[-106.14401,28.74023],[-106.14222,28.74075],[-106.14076,28.74139],[-106.14002,28.74171],[-106.13824,28.74251]]},"properties":{"id":1031,"nombre":"Avenida Guillermo Prieto Luján","clase":"primary"}},{"type":"Feature","id":1032,"geometry":{"type":"LineString","coordinates":[[-106.13824,28.74251],[-106.13715,28.74296],[-106.13369,28.7445],[-106.13318,28.74473],[-106.13028,28.74599]]},"properties":{"id":1032,"nombre":"Avenida Guillermo Prieto Luján","clase":"primary"}},{"type":"Feature","id":1033,"geometry":{"type":"LineString","coordinates":[[-106.12777,28.74711],[-106.12757,28.74719],[-106.12621,28.74777],[-106.12496,28.74831]]},"properties":{"id":1033,"nombre":"Avenida Guillermo Prieto Luján","clase":"primary"}},{"type":"Feature","id":1034,"geometry":{"type":"LineString","coordinates":[[-106.13324,28.74488],[-106.13347,28.74478],[-106.13376,28.74465]]},"properties":{"id":1034,"nombre":"Avenida Guillermo Prieto Luján","clase":"primary"}},{"type":"Feature","id":1035,"geometry":{"type":"LineString","coordinates":[[-106.14085,28.74157],[-106.14206,28.74103]]},"properties":{"id":1035,"nombre":"Avenida Guillermo Prieto Luján","clase":"primary"}},{"type":"Feature","id":1036,"geometry":{"type":"LineString","coordinates":[[-106.14479,28.74002],[-106.1447,28.74004],[-106.14401,28.74023]]},"properties":{"id":1036,"nombre":"Avenida Guillermo Prieto Luján","clase":"primary"}},{"type":"Feature","id":1037,"geometry":{"type":"LineString","coordinates":[[-106.14693,28.73943],[-106.14479,28.74002]]},"properties":{"id":1037,"nombre":"Avenida Guillermo Prieto Luján","clase":"primary"}},{"type":"Feature","id":1038,"geometry":{"type":"LineString","coordinates":[[-106.14977,28.73883],[-106.15149,28.73837],[-106.15512,28.73737],[-106.15555,28.73721]]},"properties":{"id":1038,"nombre":"Avenida Guillermo Prieto Luján","clase":"primary"}},{"type":"Feature","id":1039,"geometry":{"type":"LineString","coordinates":[[-106.12482,28.7486],[-106.12606,28.74807],[-106.12764,28.74737]]},"properties":{"id":1039,"nombre":"Avenida Guillermo Prieto Luján","clase":"primary"}},{"type":"Feature","id":1040,"geometry":{"type":"LineString","coordinates":[[-106.12963,28.74627],[-106.12777,28.74711]]},"properties":{"id":1040,"nombre":"Avenida Guillermo Prieto Luján","clase":"primary"}},{"type":"Feature","id":1041,"geometry":{"type":"LineString","coordinates":[[-106.13028,28.74599],[-106.12963,28.74627]]},"properties":{"id":1041,"nombre":"Avenida Guillermo Prieto Luján","clase":"primary"}},{"type":"Feature","id":1042,"geometry":{"type":"LineString","coordinates":[[-106.14069,28.74164],[-106.14085,28.74157]]},"properties":{"id":1042,"nombre":"Avenida Guillermo Prieto Luján","clase":"primary"}},{"type":"Feature","id":1043,"geometry":{"type":"LineString","coordinates":[[-106.06912,28.64308],[-106.06832,28.64244],[-106.06739,28.64173],[-106.06556,28.64032],[-106.06371,28.63891]]},"properties":{"id":1043,"nombre":"Avenida Gómez Morín","clase":"secondary"}},{"type":"Feature","id":1044,"geometry":{"type":"LineString","coordinates":[[-106.05242,28.63235],[-106.05346,28.63293],[-106.05429,28.63341],[-106.05533,28.63401],[-106.05639,28.63461],[-106.05744,28.63519],[-106.05843,28.63574]]},"properties":{"id":1044,"nombre":"Avenida Gómez Morín","clase":"secondary"}},{"type":"Feature","id":1045,"geometry":{"type":"LineString","coordinates":[[-106.05843,28.63574],[-106.06012,28.63669],[-106.06157,28.6375],[-106.06259,28.63807],[-106.06277,28.6382],[-106.06353,28.63878]]},"properties":{"id":1045,"nombre":"Avenida Gómez Morín","clase":"secondary"}},{"type":"Feature","id":1046,"geometry":{"type":"LineString","coordinates":[[-106.06353,28.63878],[-106.06371,28.63891]]},"properties":{"id":1046,"nombre":"Avenida Gómez Morín","clase":"secondary"}},{"type":"Feature","id":1047,"geometry":{"type":"LineString","coordinates":[[-106.15115,28.58904],[-106.1516,28.58912],[-106.15178,28.58926],[-106.15264,28.5904],[-106.15299,28.59106],[-106.15331,28.5917],[-106.15365,28.59234],[-106.15387,28.59276],[-106.15401,28.593],[-106.15419,28.59319],[-106.15496,28.59377],[-106.1551,28.59396]]},"properties":{"id":1047,"nombre":"Avenida Haciendas del Real","clase":"secondary"}},{"type":"Feature","id":1048,"geometry":{"type":"LineString","coordinates":[[-106.15068,28.58846],[-106.15075,28.5887],[-106.15086,28.58885],[-106.15099,28.58896],[-106.15115,28.58904]]},"properties":{"id":1048,"nombre":"Avenida Haciendas del Real","clase":"secondary"}},{"type":"Feature","id":1049,"geometry":{"type":"LineString","coordinates":[[-106.15186,28.5886],[-106.1516,28.58841],[-106.15137,28.58829],[-106.15121,28.58826],[-106.15099,28.58828]]},"properties":{"id":1049,"nombre":"Avenida Haciendas del Real","clase":"secondary"}},{"type":"Feature","id":1050,"geometry":{"type":"LineString","coordinates":[[-106.15668,28.59639],[-106.15739,28.5975],[-106.15751,28.59771],[-106.15752,28.59746],[-106.15697,28.59662],[-106.156,28.59514],[-106.15521,28.5939]]},"properties":{"id":1050,"nombre":"Avenida Haciendas del Real","clase":"secondary"}},{"type":"Feature","id":1051,"geometry":{"type":"LineString","coordinates":[[-106.1551,28.59396],[-106.15604,28.59543],[-106.15663,28.59632],[-106.15668,28.59639]]},"properties":{"id":1051,"nombre":"Avenida Haciendas del Real","clase":"secondary"}},{"type":"Feature","id":1052,"geometry":{"type":"LineString","coordinates":[[-106.15311,28.59095],[-106.15292,28.59056],[-106.1528,28.59036],[-106.1519,28.58919],[-106.15184,28.58897],[-106.15186,28.5886]]},"properties":{"id":1052,"nombre":"Avenida Haciendas del Real","clase":"secondary"}},{"type":"Feature","id":1053,"geometry":{"type":"LineString","coordinates":[[-106.15383,28.59238],[-106.15379,28.59229],[-106.15352,28.59178],[-106.15311,28.59095]]},"properties":{"id":1053,"nombre":"Avenida Haciendas del Real","clase":"secondary"}},{"type":"Feature","id":1054,"geometry":{"type":"LineString","coordinates":[[-106.15487,28.59354],[-106.15436,28.59317],[-106.1542,28.59303],[-106.15407,28.59284],[-106.15383,28.59238]]},"properties":{"id":1054,"nombre":"Avenida Haciendas del Real","clase":"secondary"}},{"type":"Feature","id":1055,"geometry":{"type":"LineString","coordinates":[[-106.15521,28.5939],[-106.15519,28.59386],[-106.15511,28.59377],[-106.15499,28.59365],[-106.15487,28.59354]]},"properties":{"id":1055,"nombre":"Avenida Haciendas del Real","clase":"secondary"}},{"type":"Feature","id":1056,"geometry":{"type":"LineString","coordinates":[[-106.08447,28.68916],[-106.08419,28.68839],[-106.08385,28.68744],[-106.08346,28.68634],[-106.08315,28.68548],[-106.08294,28.68488],[-106.08235,28.68324]]},"properties":{"id":1056,"nombre":"Avenida Heroico Colegio Militar","clase":"primary"}},{"type":"Feature","id":1057,"geometry":{"type":"LineString","coordinates":[[-106.08441,28.68935],[-106.0845,28.68961],[-106.08473,28.69022],[-106.08524,28.69168],[-106.0855,28.69241],[-106.08598,28.69377],[-106.08608,28.69407],[-106.08626,28.69456]]},"properties":{"id":1057,"nombre":"Avenida Heroico Colegio Militar","clase":"primary"}},{"type":"Feature","id":1058,"geometry":{"type":"LineString","coordinates":[[-106.08451,28.68931],[-106.08447,28.68916]]},"properties":{"id":1058,"nombre":"Avenida Heroico Colegio Militar","clase":"primary"}},{"type":"Feature","id":1059,"geometry":{"type":"LineString","coordinates":[[-106.08843,28.70067],[-106.08939,28.70342],[-106.08955,28.70384],[-106.09036,28.70614]]},"properties":{"id":1059,"nombre":"Avenida Heroico Colegio Militar","clase":"primary"}},{"type":"Feature","id":1060,"geometry":{"type":"LineString","coordinates":[[-106.08856,28.7007],[-106.08837,28.70019],[-106.08804,28.69928],[-106.0878,28.69862],[-106.08749,28.69773],[-106.0873,28.69721],[-106.08704,28.69646],[-106.08659,28.69518]]},"properties":{"id":1060,"nombre":"Avenida Heroico Colegio Militar","clase":"primary"}},{"type":"Feature","id":1061,"geometry":{"type":"LineString","coordinates":[[-106.08902,28.70204],[-106.08885,28.70157],[-106.08856,28.7007]]},"properties":{"id":1061,"nombre":"Avenida Heroico Colegio Militar","clase":"primary"}},{"type":"Feature","id":1062,"geometry":{"type":"LineString","coordinates":[[-106.08919,28.70253],[-106.08902,28.70204]]},"properties":{"id":1062,"nombre":"Avenida Heroico Colegio Militar","clase":"primary"}},{"type":"Feature","id":1063,"geometry":{"type":"LineString","coordinates":[[-106.08932,28.7029],[-106.08919,28.70253]]},"properties":{"id":1063,"nombre":"Avenida Heroico Colegio Militar","clase":"primary"}},{"type":"Feature","id":1064,"geometry":{"type":"LineString","coordinates":[[-106.08949,28.70339],[-106.08932,28.7029]]},"properties":{"id":1064,"nombre":"Avenida Heroico Colegio Militar","clase":"primary"}},{"type":"Feature","id":1065,"geometry":{"type":"LineString","coordinates":[[-106.08998,28.70474],[-106.08965,28.70381],[-106.08959,28.70367],[-106.08949,28.70339]]},"properties":{"id":1065,"nombre":"Avenida Heroico Colegio Militar","clase":"primary"}},{"type":"Feature","id":1066,"geometry":{"type":"LineString","coordinates":[[-106.09016,28.70523],[-106.08998,28.70474]]},"properties":{"id":1066,"nombre":"Avenida Heroico Colegio Militar","clase":"primary"}},{"type":"Feature","id":1067,"geometry":{"type":"LineString","coordinates":[[-106.09032,28.70566],[-106.09016,28.70523]]},"properties":{"id":1067,"nombre":"Avenida Heroico Colegio Militar","clase":"primary"}},{"type":"Feature","id":1068,"geometry":{"type":"LineString","coordinates":[[-106.09047,28.70611],[-106.09032,28.70566]]},"properties":{"id":1068,"nombre":"Avenida Heroico Colegio Militar","clase":"primary"}},{"type":"Feature","id":1069,"geometry":{"type":"LineString","coordinates":[[-106.09036,28.70614],[-106.09069,28.70705],[-106.09124,28.70861],[-106.09146,28.70903],[-106.09175,28.70949],[-106.09348,28.71201]]},"properties":{"id":1069,"nombre":"Avenida Heroico Colegio Militar","clase":"primary"}},{"type":"Feature","id":1070,"geometry":{"type":"LineString","coordinates":[[-106.09081,28.70701],[-106.09047,28.70611]]},"properties":{"id":1070,"nombre":"Avenida Heroico Colegio Militar","clase":"primary"}},{"type":"Feature","id":1071,"geometry":{"type":"LineString","coordinates":[[-106.07409,28.66079],[-106.07467,28.66231]]},"properties":{"id":1071,"nombre":"Avenida Heroico Colegio Militar","clase":"secondary"}},{"type":"Feature","id":1072,"geometry":{"type":"LineString","coordinates":[[-106.07533,28.66413],[-106.07619,28.66648],[-106.07627,28.66667],[-106.07688,28.66839],[-106.07716,28.66919],[-106.07761,28.67047]]},"properties":{"id":1072,"nombre":"Avenida Heroico Colegio Militar","clase":"primary"}},{"type":"Feature","id":1073,"geometry":{"type":"LineString","coordinates":[[-106.07482,28.66276],[-106.07533,28.66413]]},"properties":{"id":1073,"nombre":"Avenida Heroico Colegio Militar","clase":"primary"}},{"type":"Feature","id":1074,"geometry":{"type":"LineString","coordinates":[[-106.07467,28.66231],[-106.07482,28.66276]]},"properties":{"id":1074,"nombre":"Avenida Heroico Colegio Militar","clase":"primary"}},{"type":"Feature","id":1075,"geometry":{"type":"LineString","coordinates":[[-106.07566,28.66469],[-106.07526,28.66355],[-106.07482,28.66233],[-106.0748,28.66229]]},"properties":{"id":1075,"nombre":"Avenida Heroico Colegio Militar","clase":"primary"}},{"type":"Feature","id":1076,"geometry":{"type":"LineString","coordinates":[[-106.0768,28.66781],[-106.07665,28.66739],[-106.07627,28.66632],[-106.07566,28.66469]]},"properties":{"id":1076,"nombre":"Avenida Heroico Colegio Militar","clase":"primary"}},{"type":"Feature","id":1077,"geometry":{"type":"LineString","coordinates":[[-106.0747,28.66203],[-106.07461,28.66179],[-106.07423,28.66074]]},"properties":{"id":1077,"nombre":"Avenida Heroico Colegio Militar","clase":"secondary"}},{"type":"Feature","id":1078,"geometry":{"type":"LineString","coordinates":[[-106.07761,28.67047],[-106.078,28.67153],[-106.07834,28.67246],[-106.07853,28.67298],[-106.07927,28.67505],[-106.07932,28.67518],[-106.07951,28.67573],[-106.07969,28.67622]]},"properties":{"id":1078,"nombre":"Avenida Heroico Colegio Militar","clase":"primary"}},{"type":"Feature","id":1079,"geometry":{"type":"LineString","coordinates":[[-106.08095,28.67931],[-106.08048,28.67804],[-106.07995,28.67654],[-106.07953,28.67532],[-106.07947,28.67514],[-106.07857,28.67273]]},"properties":{"id":1079,"nombre":"Avenida Heroico Colegio Militar","clase":"primary"}},{"type":"Feature","id":1080,"geometry":{"type":"LineString","coordinates":[[-106.0837,28.68746],[-106.08407,28.6884],[-106.08436,28.68917],[-106.08441,28.68935]]},"properties":{"id":1080,"nombre":"Avenida Heroico Colegio Militar","clase":"primary"}},{"type":"Feature","id":1081,"geometry":{"type":"LineString","coordinates":[[-106.08002,28.67713],[-106.08082,28.67934],[-106.08138,28.68088],[-106.08152,28.68129],[-106.08182,28.68215],[-106.08196,28.68252]]},"properties":{"id":1081,"nombre":"Avenida Heroico Colegio Militar","clase":"primary"}},{"type":"Feature","id":1082,"geometry":{"type":"LineString","coordinates":[[-106.07969,28.67622],[-106.07987,28.67669],[-106.08002,28.67713]]},"properties":{"id":1082,"nombre":"Avenida Heroico Colegio Militar","clase":"primary"}},{"type":"Feature","id":1083,"geometry":{"type":"LineString","coordinates":[[-106.08349,28.6868],[-106.0837,28.68746]]},"properties":{"id":1083,"nombre":"Avenida Heroico Colegio Militar","clase":"primary"}},{"type":"Feature","id":1084,"geometry":{"type":"LineString","coordinates":[[-106.08222,28.68325],[-106.08271,28.68461],[-106.08302,28.68549],[-106.08349,28.6868]]},"properties":{"id":1084,"nombre":"Avenida Heroico Colegio Militar","clase":"primary"}},{"type":"Feature","id":1085,"geometry":{"type":"LineString","coordinates":[[-106.08671,28.69582],[-106.08721,28.69724],[-106.08771,28.69865],[-106.08801,28.69949],[-106.08818,28.69996],[-106.08843,28.70067]]},"properties":{"id":1085,"nombre":"Avenida Heroico Colegio Militar","clase":"primary"}},{"type":"Feature","id":1086,"geometry":{"type":"LineString","coordinates":[[-106.08575,28.69275],[-106.08552,28.69213],[-106.08514,28.69109],[-106.08467,28.68975],[-106.08451,28.68931]]},"properties":{"id":1086,"nombre":"Avenida Heroico Colegio Militar","clase":"primary"}},{"type":"Feature","id":1087,"geometry":{"type":"LineString","coordinates":[[-106.08626,28.69456],[-106.08647,28.69514],[-106.08649,28.6952],[-106.08671,28.69582]]},"properties":{"id":1087,"nombre":"Avenida Heroico Colegio Militar","clase":"primary"}},{"type":"Feature","id":1088,"geometry":{"type":"LineString","coordinates":[[-106.08226,28.68295],[-106.08198,28.68218],[-106.08178,28.68159],[-106.08166,28.68128],[-106.0813,28.68025],[-106.08108,28.67966],[-106.08095,28.67931]]},"properties":{"id":1088,"nombre":"Avenida Heroico Colegio Militar","clase":"primary"}},{"type":"Feature","id":1089,"geometry":{"type":"LineString","coordinates":[[-106.08196,28.68252],[-106.08222,28.68325]]},"properties":{"id":1089,"nombre":"Avenida Heroico Colegio Militar","clase":"primary"}},{"type":"Feature","id":1090,"geometry":{"type":"LineString","coordinates":[[-106.08235,28.68324],[-106.08226,28.68295]]},"properties":{"id":1090,"nombre":"Avenida Heroico Colegio Militar","clase":"primary"}},{"type":"Feature","id":1091,"geometry":{"type":"LineString","coordinates":[[-106.08636,28.69453],[-106.08619,28.69399],[-106.08588,28.69312],[-106.08575,28.69275]]},"properties":{"id":1091,"nombre":"Avenida Heroico Colegio Militar","clase":"primary"}},{"type":"Feature","id":1092,"geometry":{"type":"LineString","coordinates":[[-106.08657,28.69512],[-106.08636,28.69453]]},"properties":{"id":1092,"nombre":"Avenida Heroico Colegio Militar","clase":"primary"}},{"type":"Feature","id":1093,"geometry":{"type":"LineString","coordinates":[[-106.09094,28.70738],[-106.09081,28.70701]]},"properties":{"id":1093,"nombre":"Avenida Heroico Colegio Militar","clase":"primary"}},{"type":"Feature","id":1094,"geometry":{"type":"LineString","coordinates":[[-106.09112,28.70795],[-106.09094,28.70738]]},"properties":{"id":1094,"nombre":"Avenida Heroico Colegio Militar","clase":"primary"}},{"type":"Feature","id":1095,"geometry":{"type":"LineString","coordinates":[[-106.09132,28.70853],[-106.09112,28.70795]]},"properties":{"id":1095,"nombre":"Avenida Heroico Colegio Militar","clase":"primary"}},{"type":"Feature","id":1096,"geometry":{"type":"LineString","coordinates":[[-106.0917,28.70922],[-106.09153,28.70894],[-106.09146,28.70882],[-106.09141,28.70872],[-106.09132,28.70853]]},"properties":{"id":1096,"nombre":"Avenida Heroico Colegio Militar","clase":"primary"}},{"type":"Feature","id":1097,"geometry":{"type":"LineString","coordinates":[[-106.09205,28.70973],[-106.09185,28.70943],[-106.0917,28.70922]]},"properties":{"id":1097,"nombre":"Avenida Heroico Colegio Militar","clase":"primary"}},{"type":"Feature","id":1098,"geometry":{"type":"LineString","coordinates":[[-106.09319,28.7114],[-106.09233,28.71014],[-106.09205,28.70973]]},"properties":{"id":1098,"nombre":"Avenida Heroico Colegio Militar","clase":"primary"}},{"type":"Feature","id":1099,"geometry":{"type":"LineString","coordinates":[[-106.09378,28.71244],[-106.09478,28.71392],[-106.09491,28.71409],[-106.09515,28.71435],[-106.09547,28.71462],[-106.09579,28.71482],[-106.0961,28.71497],[-106.09644,28.71508],[-106.09646,28.71509]]},"properties":{"id":1099,"nombre":"Avenida Heroico Colegio Militar","clase":"primary"}},{"type":"Feature","id":1100,"geometry":{"type":"LineString","coordinates":[[-106.09394,28.71252],[-106.09388,28.71244],[-106.09379,28.7123],[-106.09319,28.7114]]},"properties":{"id":1100,"nombre":"Avenida Heroico Colegio Militar","clase":"primary"}},{"type":"Feature","id":1101,"geometry":{"type":"LineString","coordinates":[[-106.09658,28.71502],[-106.09625,28.71492],[-106.09577,28.71469],[-106.0954,28.71444],[-106.09518,28.71424],[-106.09499,28.71402],[-106.09394,28.71252]]},"properties":{"id":1101,"nombre":"Avenida Heroico Colegio Militar","clase":"primary"}},{"type":"Feature","id":1102,"geometry":{"type":"LineString","coordinates":[[-106.07794,28.67094],[-106.07734,28.66929],[-106.07714,28.66874],[-106.0768,28.66781]]},"properties":{"id":1102,"nombre":"Avenida Heroico Colegio Militar","clase":"primary"}},{"type":"Feature","id":1103,"geometry":{"type":"LineString","coordinates":[[-106.07857,28.67273],[-106.07834,28.67206],[-106.07819,28.67163],[-106.07794,28.67094]]},"properties":{"id":1103,"nombre":"Avenida Heroico Colegio Militar","clase":"primary"}},{"type":"Feature","id":1104,"geometry":{"type":"LineString","coordinates":[[-106.09348,28.71201],[-106.09354,28.71208],[-106.09378,28.71244]]},"properties":{"id":1104,"nombre":"Avenida Heroico Colegio Militar","clase":"primary"}},{"type":"Feature","id":1105,"geometry":{"type":"LineString","coordinates":[[-106.0748,28.66229],[-106.0747,28.66203]]},"properties":{"id":1105,"nombre":"Avenida Heroico Colegio Militar","clase":"secondary"}},{"type":"Feature","id":1106,"geometry":{"type":"LineString","coordinates":[[-106.08659,28.69518],[-106.08657,28.69512]]},"properties":{"id":1106,"nombre":"Avenida Heroico Colegio Militar","clase":"primary"}},{"type":"Feature","id":1107,"geometry":{"type":"LineString","coordinates":[[-106.10519,28.71238],[-106.10404,28.71281],[-106.10286,28.71325],[-106.10136,28.71383],[-106.09845,28.71493],[-106.09798,28.71507],[-106.09752,28.71512],[-106.09712,28.71511],[-106.09682,28.71507],[-106.09658,28.71502]]},"properties":{"id":1107,"nombre":"Avenida Homero","clase":"primary"}},{"type":"Feature","id":1108,"geometry":{"type":"LineString","coordinates":[[-106.12868,28.70349],[-106.12807,28.70372],[-106.12796,28.70376],[-106.12658,28.70431],[-106.12595,28.70455],[-106.12534,28.70476],[-106.12439,28.70509],[-106.12362,28.7054],[-106.12201,28.70601],[-106.12184,28.70608],[-106.1209,28.70643],[-106.11976,28.70686],[-106.11927,28.70704]]},"properties":{"id":1108,"nombre":"Avenida Homero","clase":"primary"}},{"type":"Feature","id":1109,"geometry":{"type":"LineString","coordinates":[[-106.12798,28.70392],[-106.12805,28.70385],[-106.12822,28.70378],[-106.12905,28.70345],[-106.1298,28.70315],[-106.13045,28.70275],[-106.13108,28.70227],[-106.13514,28.69925],[-106.13688,28.69793]]},"properties":{"id":1109,"nombre":"Avenida Homero","clase":"secondary"}},{"type":"Feature","id":1110,"geometry":{"type":"LineString","coordinates":[[-106.12798,28.70392],[-106.12837,28.70382],[-106.12888,28.70373],[-106.12961,28.70359],[-106.12987,28.70356],[-106.13013,28.70356],[-106.13049,28.70364],[-106.13083,28.70378],[-106.13117,28.70393],[-106.13146,28.704],[-106.1318,28.704],[-106.13201,28.70396],[-106.13215,28.70391],[-106.13258,28.70362],[-106.13314,28.70327],[-106.13338,28.70315],[-106.13364,28.70305],[-106.13398,28.70294],[-106.13428,28.70287],[-106.1346,28.70281],[-106.13574,28.70263]]},"properties":{"id":1110,"nombre":"Avenida Homero","clase":"primary"}},{"type":"Feature","id":1111,"geometry":{"type":"LineString","coordinates":[[-106.12432,28.70527],[-106.12492,28.70504],[-106.12605,28.70465],[-106.12681,28.70437],[-106.12759,28.70407],[-106.12798,28.70392]]},"properties":{"id":1111,"nombre":"Avenida Homero","clase":"primary"}},{"type":"Feature","id":1112,"geometry":{"type":"LineString","coordinates":[[-106.10538,28.71241],[-106.10579,28.71226],[-106.10923,28.71098],[-106.1096,28.71084],[-106.11114,28.71026],[-106.11293,28.70958]]},"properties":{"id":1112,"nombre":"Avenida Homero","clase":"primary"}},{"type":"Feature","id":1113,"geometry":{"type":"LineString","coordinates":[[-106.10534,28.71232],[-106.10519,28.71238]]},"properties":{"id":1113,"nombre":"Avenida Homero","clase":"primary"}},{"type":"Feature","id":1114,"geometry":{"type":"LineString","coordinates":[[-106.11707,28.70787],[-106.11441,28.70889],[-106.11344,28.70925],[-106.11287,28.70948],[-106.11028,28.71044],[-106.10971,28.71066]]},"properties":{"id":1114,"nombre":"Avenida Homero","clase":"primary"}},{"type":"Feature","id":1115,"geometry":{"type":"LineString","coordinates":[[-106.11927,28.70704],[-106.11707,28.70787]]},"properties":{"id":1115,"nombre":"Avenida Homero","clase":"primary"}},{"type":"Feature","id":1116,"geometry":{"type":"LineString","coordinates":[[-106.11932,28.70717],[-106.11993,28.70695],[-106.12096,28.70656],[-106.12189,28.70621],[-106.122,28.70617],[-106.12432,28.70527]]},"properties":{"id":1116,"nombre":"Avenida Homero","clase":"primary"}},{"type":"Feature","id":1117,"geometry":{"type":"LineString","coordinates":[[-106.10524,28.71247],[-106.10538,28.71241]]},"properties":{"id":1117,"nombre":"Avenida Homero","clase":"primary"}},{"type":"Feature","id":1118,"geometry":{"type":"LineString","coordinates":[[-106.13574,28.70263],[-106.13603,28.70258]]},"properties":{"id":1118,"nombre":"Avenida Homero","clase":"primary"}},{"type":"Feature","id":1119,"geometry":{"type":"LineString","coordinates":[[-106.13735,28.69758],[-106.13796,28.69691],[-106.13842,28.69642],[-106.13959,28.69524],[-106.14019,28.69495],[-106.1406,28.69485],[-106.14111,28.69485],[-106.14166,28.69495],[-106.14238,28.69517],[-106.14289,28.69532],[-106.14331,28.69546]]},"properties":{"id":1119,"nombre":"Avenida Homero","clase":"secondary"}},{"type":"Feature","id":1120,"geometry":{"type":"LineString","coordinates":[[-106.13716,28.69757],[-106.1348,28.69935],[-106.13268,28.70095],[-106.13051,28.7026],[-106.12986,28.70301],[-106.12956,28.70315],[-106.12911,28.70334],[-106.12868,28.70349]]},"properties":{"id":1120,"nombre":"Avenida Homero","clase":"secondary"}},{"type":"Feature","id":1121,"geometry":{"type":"LineString","coordinates":[[-106.1056,28.71222],[-106.10534,28.71232]]},"properties":{"id":1121,"nombre":"Avenida Homero","clase":"primary"}},{"type":"Feature","id":1122,"geometry":{"type":"LineString","coordinates":[[-106.1416,28.69482],[-106.14114,28.69473],[-106.14053,28.69475],[-106.13991,28.69492],[-106.13933,28.69527],[-106.13893,28.69568],[-106.1383,28.69638],[-106.13789,28.69682],[-106.13725,28.69749]]},"properties":{"id":1122,"nombre":"Avenida Homero","clase":"secondary"}},{"type":"Feature","id":1123,"geometry":{"type":"LineString","coordinates":[[-106.10971,28.71066],[-106.10916,28.71087],[-106.10768,28.71143],[-106.10718,28.71162],[-106.10593,28.71209],[-106.10564,28.7122],[-106.1056,28.71222]]},"properties":{"id":1123,"nombre":"Avenida Homero","clase":"primary"}},{"type":"Feature","id":1124,"geometry":{"type":"LineString","coordinates":[[-106.09646,28.71509],[-106.09682,28.71516],[-106.09717,28.7152],[-106.09755,28.71519],[-106.09788,28.71516],[-106.09811,28.71512],[-106.0984,28.71503],[-106.10278,28.71338],[-106.10344,28.71314],[-106.10401,28.71293],[-106.10468,28.71268],[-106.10524,28.71247]]},"properties":{"id":1124,"nombre":"Avenida Homero","clase":"primary"}},{"type":"Feature","id":1125,"geometry":{"type":"LineString","coordinates":[[-106.14331,28.69546],[-106.14337,28.69547],[-106.14353,28.69552]]},"properties":{"id":1125,"nombre":"Avenida Homero","clase":"secondary"}},{"type":"Feature","id":1126,"geometry":{"type":"LineString","coordinates":[[-106.14338,28.69531],[-106.14323,28.6953],[-106.14244,28.69507],[-106.1416,28.69482]]},"properties":{"id":1126,"nombre":"Avenida Homero","clase":"secondary"}},{"type":"Feature","id":1127,"geometry":{"type":"LineString","coordinates":[[-106.11293,28.70958],[-106.11463,28.70893],[-106.11893,28.70732],[-106.11932,28.70717]]},"properties":{"id":1127,"nombre":"Avenida Homero","clase":"primary"}},{"type":"Feature","id":1128,"geometry":{"type":"LineString","coordinates":[[-106.11112,28.62156],[-106.11105,28.62161],[-106.1108,28.62178],[-106.11077,28.6218],[-106.11074,28.62182]]},"properties":{"id":1128,"nombre":"Avenida I. Politécnico Nacional","clase":"primary"}},{"type":"Feature","id":1129,"geometry":{"type":"LineString","coordinates":[[-106.11086,28.6219],[-106.11089,28.62187],[-106.11092,28.62186],[-106.11117,28.62169],[-106.11125,28.62164]]},"properties":{"id":1129,"nombre":"Avenida I. Politécnico Nacional","clase":"primary"}},{"type":"Feature","id":1130,"geometry":{"type":"LineString","coordinates":[[-106.05159,28.62156],[-106.05162,28.62162]]},"properties":{"id":1130,"nombre":"Avenida Idependencia","clase":"primary"}},{"type":"Feature","id":1131,"geometry":{"type":"LineString","coordinates":[[-106.05159,28.62156],[-106.05156,28.62151],[-106.05153,28.62146]]},"properties":{"id":1131,"nombre":"Avenida Idependencia","clase":"primary"}},{"type":"Feature","id":1132,"geometry":{"type":"LineString","coordinates":[[-106.08894,28.67776],[-106.08884,28.67779]]},"properties":{"id":1132,"nombre":"Avenida Ignacio Zaragoza","clase":"secondary"}},{"type":"Feature","id":1133,"geometry":{"type":"LineString","coordinates":[[-106.09631,28.67542],[-106.09522,28.67577],[-106.09429,28.67607],[-106.09377,28.67623],[-106.0933,28.67638],[-106.09265,28.67659],[-106.09181,28.67686],[-106.09143,28.67698],[-106.09052,28.67727],[-106.08894,28.67776]]},"properties":{"id":1133,"nombre":"Avenida Ignacio Zaragoza","clase":"secondary"}},{"type":"Feature","id":1134,"geometry":{"type":"LineString","coordinates":[[-106.10235,28.67348],[-106.10179,28.67366],[-106.10119,28.67385],[-106.10041,28.6741],[-106.09989,28.67427],[-106.09814,28.67483],[-106.09751,28.67503],[-106.09631,28.67542]]},"properties":{"id":1134,"nombre":"Avenida Ignacio Zaragoza","clase":"secondary"}},{"type":"Feature","id":1135,"geometry":{"type":"LineString","coordinates":[[-106.14038,28.74727],[-106.1393,28.74762],[-106.13901,28.74771],[-106.13815,28.74798],[-106.1375,28.74819],[-106.13654,28.74849],[-106.13626,28.74858],[-106.13602,28.74866],[-106.13512,28.74894],[-106.13476,28.74906],[-106.13452,28.74914]]},"properties":{"id":1135,"nombre":"Avenida Imperio","clase":"secondary"}},{"type":"Feature","id":1136,"geometry":{"type":"LineString","coordinates":[[-106.14055,28.74723],[-106.14038,28.74727]]},"properties":{"id":1136,"nombre":"Avenida Imperio","clase":"secondary"}},{"type":"Feature","id":1137,"geometry":{"type":"LineString","coordinates":[[-106.14046,28.74742],[-106.14061,28.74737]]},"properties":{"id":1137,"nombre":"Avenida Imperio","clase":"secondary"}},{"type":"Feature","id":1138,"geometry":{"type":"LineString","coordinates":[[-106.13382,28.74937],[-106.13321,28.74956],[-106.13233,28.74985],[-106.13157,28.7501],[-106.1297,28.75067],[-106.12833,28.75111],[-106.12789,28.75125]]},"properties":{"id":1138,"nombre":"Avenida Imperio","clase":"secondary"}},{"type":"Feature","id":1139,"geometry":{"type":"LineString","coordinates":[[-106.13373,28.74959],[-106.13392,28.7495],[-106.13458,28.74928],[-106.13496,28.74916],[-106.1356,28.74897],[-106.13604,28.74884],[-106.1364,28.74873],[-106.13866,28.74801],[-106.13981,28.74764]]},"properties":{"id":1139,"nombre":"Avenida Imperio","clase":"secondary"}},{"type":"Feature","id":1140,"geometry":{"type":"LineString","coordinates":[[-106.12981,28.75093],[-106.1302,28.75072],[-106.13054,28.75054],[-106.13161,28.7502],[-106.13238,28.74996],[-106.13311,28.74974],[-106.13328,28.74973],[-106.13351,28.7497],[-106.13373,28.74959]]},"properties":{"id":1140,"nombre":"Avenida Imperio","clase":"secondary"}},{"type":"Feature","id":1141,"geometry":{"type":"LineString","coordinates":[[-106.12969,28.75097],[-106.12981,28.75093]]},"properties":{"id":1141,"nombre":"Avenida Imperio","clase":"secondary"}},{"type":"Feature","id":1142,"geometry":{"type":"LineString","coordinates":[[-106.12789,28.75125],[-106.127,28.75154],[-106.12589,28.7519],[-106.12536,28.75207]]},"properties":{"id":1142,"nombre":"Avenida Imperio","clase":"secondary"}},{"type":"Feature","id":1143,"geometry":{"type":"LineString","coordinates":[[-106.12838,28.75123],[-106.12899,28.75105],[-106.12935,28.75103],[-106.12954,28.75101],[-106.12969,28.75097]]},"properties":{"id":1143,"nombre":"Avenida Imperio","clase":"secondary"}},{"type":"Feature","id":1144,"geometry":{"type":"LineString","coordinates":[[-106.12794,28.75137],[-106.12838,28.75123]]},"properties":{"id":1144,"nombre":"Avenida Imperio","clase":"secondary"}},{"type":"Feature","id":1145,"geometry":{"type":"LineString","coordinates":[[-106.1275,28.75151],[-106.12794,28.75137]]},"properties":{"id":1145,"nombre":"Avenida Imperio","clase":"secondary"}},{"type":"Feature","id":1146,"geometry":{"type":"LineString","coordinates":[[-106.12705,28.75165],[-106.1275,28.75151]]},"properties":{"id":1146,"nombre":"Avenida Imperio","clase":"secondary"}},{"type":"Feature","id":1147,"geometry":{"type":"LineString","coordinates":[[-106.12586,28.75203],[-106.12593,28.75201],[-106.12696,28.75168],[-106.12705,28.75165]]},"properties":{"id":1147,"nombre":"Avenida Imperio","clase":"secondary"}},{"type":"Feature","id":1148,"geometry":{"type":"LineString","coordinates":[[-106.13452,28.74914],[-106.13442,28.74917],[-106.13382,28.74937]]},"properties":{"id":1148,"nombre":"Avenida Imperio","clase":"secondary"}},{"type":"Feature","id":1149,"geometry":{"type":"LineString","coordinates":[[-106.13981,28.74764],[-106.14046,28.74742]]},"properties":{"id":1149,"nombre":"Avenida Imperio","clase":"secondary"}},{"type":"Feature","id":1150,"geometry":{"type":"LineString","coordinates":[[-106.12541,28.75218],[-106.12549,28.75215],[-106.12586,28.75203]]},"properties":{"id":1150,"nombre":"Avenida Imperio","clase":"secondary"}},{"type":"Feature","id":1151,"geometry":{"type":"LineString","coordinates":[[-106.0546,28.62333],[-106.05667,28.6245],[-106.05872,28.62565],[-106.06075,28.62681]]},"properties":{"id":1151,"nombre":"Avenida Independencia","clase":"primary"}},{"type":"Feature","id":1152,"geometry":{"type":"LineString","coordinates":[[-106.07253,28.63354],[-106.07285,28.63376],[-106.07337,28.63416],[-106.07405,28.63474],[-106.0752,28.63564],[-106.07611,28.63633],[-106.0766,28.63676],[-106.07705,28.63718],[-106.07742,28.63751]]},"properties":{"id":1152,"nombre":"Avenida Independencia","clase":"primary"}},{"type":"Feature","id":1153,"geometry":{"type":"LineString","coordinates":[[-106.07848,28.63845],[-106.07941,28.63931],[-106.08022,28.64005],[-106.08062,28.6404],[-106.0809,28.64065],[-106.08121,28.64092],[-106.08191,28.64161],[-106.08226,28.64187],[-106.08321,28.64236]]},"properties":{"id":1153,"nombre":"Avenida Independencia","clase":"primary"}},{"type":"Feature","id":1154,"geometry":{"type":"LineString","coordinates":[[-106.08359,28.64265],[-106.08436,28.64336]]},"properties":{"id":1154,"nombre":"Avenida Independencia","clase":"primary"}},{"type":"Feature","id":1155,"geometry":{"type":"LineString","coordinates":[[-106.06885,28.63145],[-106.07072,28.63253],[-106.07189,28.6332],[-106.07253,28.63354]]},"properties":{"id":1155,"nombre":"Avenida Independencia","clase":"primary"}},{"type":"Feature","id":1156,"geometry":{"type":"LineString","coordinates":[[-106.05355,28.62274],[-106.05407,28.62304],[-106.0546,28.62333]]},"properties":{"id":1156,"nombre":"Avenida Independencia","clase":"primary"}},{"type":"Feature","id":1157,"geometry":{"type":"LineString","coordinates":[[-106.0658,28.62969],[-106.06718,28.63049],[-106.06791,28.63091],[-106.06885,28.63145]]},"properties":{"id":1157,"nombre":"Avenida Independencia","clase":"primary"}},{"type":"Feature","id":1158,"geometry":{"type":"LineString","coordinates":[[-106.06281,28.62794],[-106.0638,28.62855],[-106.06478,28.62912],[-106.0658,28.62969]]},"properties":{"id":1158,"nombre":"Avenida Independencia","clase":"primary"}},{"type":"Feature","id":1159,"geometry":{"type":"LineString","coordinates":[[-106.08321,28.64236],[-106.0834,28.64249],[-106.08359,28.64265]]},"properties":{"id":1159,"nombre":"Avenida Independencia","clase":"primary"}},{"type":"Feature","id":1160,"geometry":{"type":"LineString","coordinates":[[-106.05162,28.62162],[-106.05176,28.62175],[-106.05206,28.62192],[-106.05273,28.62228],[-106.05355,28.62274]]},"properties":{"id":1160,"nombre":"Avenida Independencia","clase":"primary"}},{"type":"Feature","id":1161,"geometry":{"type":"LineString","coordinates":[[-106.06075,28.62681],[-106.0618,28.62741],[-106.06281,28.62794]]},"properties":{"id":1161,"nombre":"Avenida Independencia","clase":"primary"}},{"type":"Feature","id":1162,"geometry":{"type":"LineString","coordinates":[[-106.07742,28.63751],[-106.07782,28.63787],[-106.07817,28.63818],[-106.07848,28.63845]]},"properties":{"id":1162,"nombre":"Avenida Independencia","clase":"primary"}},{"type":"Feature","id":1163,"geometry":{"type":"LineString","coordinates":[[-106.12441,28.686],[-106.12466,28.68651],[-106.12484,28.68689],[-106.12564,28.68855],[-106.12575,28.68876]]},"properties":{"id":1163,"nombre":"Avenida Ingeniero López Rayón","clase":"secondary"}},{"type":"Feature","id":1164,"geometry":{"type":"LineString","coordinates":[[-106.09538,28.62319],[-106.09442,28.62286],[-106.09407,28.62275],[-106.09363,28.62263],[-106.09263,28.6223],[-106.09087,28.6217],[-106.08975,28.62131],[-106.08877,28.62097]]},"properties":{"id":1164,"nombre":"Avenida Instituto Politécnico Nacional","clase":"primary"}},{"type":"Feature","id":1165,"geometry":{"type":"LineString","coordinates":[[-106.10176,28.62536],[-106.10227,28.62549],[-106.10254,28.62548],[-106.10307,28.62535],[-106.10353,28.62522],[-106.10404,28.62507],[-106.10461,28.62491],[-106.10539,28.62469],[-106.10575,28.62458],[-106.1062,28.62446],[-106.10679,28.62418],[-106.10942,28.62271],[-106.11003,28.62235],[-106.11029,28.62219],[-106.11046,28.62207]]},"properties":{"id":1165,"nombre":"Avenida Instituto Politécnico Nacional","clase":"primary"}},{"type":"Feature","id":1166,"geometry":{"type":"LineString","coordinates":[[-106.10176,28.62536],[-106.1011,28.62514],[-106.10043,28.62492],[-106.09981,28.62472],[-106.09941,28.62457],[-106.09925,28.6245],[-106.09905,28.62443],[-106.09862,28.62433],[-106.09762,28.62416],[-106.0971,28.62407],[-106.09653,28.62383],[-106.09578,28.62339]]},"properties":{"id":1166,"nombre":"Avenida Instituto Politécnico Nacional","clase":"primary"}},{"type":"Feature","id":1167,"geometry":{"type":"LineString","coordinates":[[-106.09578,28.62339],[-106.09554,28.62327],[-106.09538,28.62319]]},"properties":{"id":1167,"nombre":"Avenida Instituto Politécnico Nacional","clase":"primary"}},{"type":"Feature","id":1168,"geometry":{"type":"LineString","coordinates":[[-106.0876,28.62057],[-106.08786,28.62067],[-106.08877,28.62097]]},"properties":{"id":1168,"nombre":"Avenida Instituto Politécnico Nacional","clase":"primary"}},{"type":"Feature","id":1169,"geometry":{"type":"LineString","coordinates":[[-106.09402,28.6228],[-106.09438,28.62293],[-106.0953,28.62324],[-106.09569,28.62343],[-106.09579,28.62349],[-106.09617,28.62374],[-106.09654,28.62393],[-106.09688,28.62408],[-106.09727,28.6242],[-106.09802,28.62429],[-106.09867,28.62442],[-106.09914,28.62452],[-106.09933,28.62458],[-106.09941,28.62457]]},"properties":{"id":1169,"nombre":"Avenida Instituto Politécnico Nacional","clase":"primary"}},{"type":"Feature","id":1170,"geometry":{"type":"LineString","coordinates":[[-106.11125,28.62164],[-106.11163,28.6214]]},"properties":{"id":1170,"nombre":"Avenida Instituto Politécnico Nacional","clase":"secondary"}},{"type":"Feature","id":1171,"geometry":{"type":"LineString","coordinates":[[-106.11066,28.62188],[-106.11053,28.62202],[-106.11046,28.62207]]},"properties":{"id":1171,"nombre":"Avenida Instituto Politécnico Nacional","clase":"primary"}},{"type":"Feature","id":1172,"geometry":{"type":"LineString","coordinates":[[-106.11076,28.62194],[-106.11086,28.6219]]},"properties":{"id":1172,"nombre":"Avenida Instituto Politécnico Nacional","clase":"primary"}},{"type":"Feature","id":1173,"geometry":{"type":"LineString","coordinates":[[-106.11053,28.62202],[-106.11071,28.62196],[-106.11076,28.62194]]},"properties":{"id":1173,"nombre":"Avenida Instituto Politécnico Nacional","clase":"primary"}},{"type":"Feature","id":1174,"geometry":{"type":"LineString","coordinates":[[-106.11074,28.62182],[-106.11066,28.62188]]},"properties":{"id":1174,"nombre":"Avenida Instituto Politécnico Nacional","clase":"primary"}},{"type":"Feature","id":1175,"geometry":{"type":"LineString","coordinates":[[-106.0937,28.62268],[-106.09402,28.6228]]},"properties":{"id":1175,"nombre":"Avenida Instituto Politécnico Nacional","clase":"primary"}},{"type":"Feature","id":1176,"geometry":{"type":"LineString","coordinates":[[-106.09363,28.62263],[-106.0937,28.62268]]},"properties":{"id":1176,"nombre":"Avenida Instituto Politécnico Nacional","clase":"primary"}},{"type":"Feature","id":1177,"geometry":{"type":"LineString","coordinates":[[-106.09287,28.68638],[-106.09392,28.686],[-106.09444,28.68581],[-106.09498,28.68562],[-106.0959,28.68529],[-106.09655,28.68505],[-106.09832,28.68441],[-106.09862,28.6843]]},"properties":{"id":1177,"nombre":"Avenida Juan Escutia","clase":"primary"}},{"type":"Feature","id":1178,"geometry":{"type":"LineString","coordinates":[[-106.11636,28.67827],[-106.11706,28.67858],[-106.11733,28.67893],[-106.11761,28.67934],[-106.11804,28.67969],[-106.11838,28.67994],[-106.11917,28.68043],[-106.11954,28.68052],[-106.11986,28.68052],[-106.12039,28.68036],[-106.12086,28.68017],[-106.12117,28.67997],[-106.12148,28.67965]]},"properties":{"id":1178,"nombre":"Avenida Juan Escutia","clase":"primary"}},{"type":"Feature","id":1179,"geometry":{"type":"LineString","coordinates":[[-106.12298,28.6781],[-106.12395,28.67776],[-106.1247,28.6775],[-106.12498,28.67745],[-106.12535,28.6775],[-106.12593,28.6777],[-106.12641,28.67775],[-106.12677,28.67768],[-106.12701,28.67745],[-106.12719,28.67715],[-106.12735,28.67691],[-106.12765,28.67656],[-106.12841,28.67576]]},"properties":{"id":1179,"nombre":"Avenida Juan Escutia","clase":"primary"}},{"type":"Feature","id":1180,"geometry":{"type":"LineString","coordinates":[[-106.1288,28.67536],[-106.12988,28.67416],[-106.13016,28.67383],[-106.13036,28.67355],[-106.13056,28.6732],[-106.13095,28.67247],[-106.13113,28.67213],[-106.13131,28.67188],[-106.13153,28.67163],[-106.13177,28.67141],[-106.13205,28.67121],[-106.13229,28.67106],[-106.13259,28.67092]]},"properties":{"id":1180,"nombre":"Avenida Juan Escutia","clase":"primary"}},{"type":"Feature","id":1181,"geometry":{"type":"LineString","coordinates":[[-106.1253,28.67738],[-106.12484,28.67734],[-106.12438,28.67747],[-106.12342,28.6778],[-106.12262,28.67811],[-106.12223,28.67847],[-106.12194,28.67884],[-106.12158,28.67915],[-106.12127,28.67934],[-106.12048,28.67964],[-106.12009,28.67976],[-106.11995,28.67979],[-106.11966,28.6798],[-106.11932,28.67973],[-106.11899,28.67954],[-106.11885,28.67945]]},"properties":{"id":1181,"nombre":"Avenida Juan Escutia","clase":"primary"}},{"type":"Feature","id":1182,"geometry":{"type":"LineString","coordinates":[[-106.11816,28.67892],[-106.11786,28.67875],[-106.11755,28.67867],[-106.11723,28.67853],[-106.11679,28.67828],[-106.1164,28.67817],[-106.11606,28.67812],[-106.11561,28.67813],[-106.11514,28.67823],[-106.11413,28.67859],[-106.11361,28.67878],[-106.11288,28.67904],[-106.11208,28.67933]]},"properties":{"id":1182,"nombre":"Avenida Juan Escutia","clase":"primary"}},{"type":"Feature","id":1183,"geometry":{"type":"LineString","coordinates":[[-106.13214,28.67105],[-106.13179,28.67127],[-106.13153,28.67148],[-106.13135,28.67167],[-106.13117,28.67191],[-106.13093,28.67232],[-106.13052,28.67312],[-106.13027,28.67351],[-106.13006,28.6738],[-106.12948,28.67448],[-106.12875,28.67526],[-106.12836,28.67566]]},"properties":{"id":1183,"nombre":"Avenida Juan Escutia","clase":"primary"}},{"type":"Feature","id":1184,"geometry":{"type":"LineString","coordinates":[[-106.12723,28.67686],[-106.1271,28.67703],[-106.12692,28.67737],[-106.12675,28.67755],[-106.12649,28.67763],[-106.1262,28.67763],[-106.12584,28.67754],[-106.1253,28.67738]]},"properties":{"id":1184,"nombre":"Avenida Juan Escutia","clase":"primary"}},{"type":"Feature","id":1185,"geometry":{"type":"LineString","coordinates":[[-106.09283,28.6863],[-106.09201,28.68666],[-106.09033,28.6875],[-106.08958,28.68788],[-106.08944,28.68799],[-106.08977,28.68787],[-106.09143,28.68705],[-106.0924,28.68658],[-106.09267,28.68646]]},"properties":{"id":1185,"nombre":"Avenida Juan Escutia","clase":"primary"}},{"type":"Feature","id":1186,"geometry":{"type":"LineString","coordinates":[[-106.11885,28.67945],[-106.11853,28.67921],[-106.11831,28.67904],[-106.1182,28.67895],[-106.11816,28.67892]]},"properties":{"id":1186,"nombre":"Avenida Juan Escutia","clase":"primary"}},{"type":"Feature","id":1187,"geometry":{"type":"LineString","coordinates":[[-106.09293,28.68626],[-106.09283,28.6863]]},"properties":{"id":1187,"nombre":"Avenida Juan Escutia","clase":"primary"}},{"type":"Feature","id":1188,"geometry":{"type":"LineString","coordinates":[[-106.08447,28.68916],[-106.08436,28.68917]]},"properties":{"id":1188,"nombre":"Avenida Juan Escutia","clase":"primary"}},{"type":"Feature","id":1189,"geometry":{"type":"LineString","coordinates":[[-106.08451,28.68931],[-106.08547,28.68901],[-106.08598,28.68889],[-106.08729,28.68861],[-106.08855,28.68829],[-106.08923,28.68809],[-106.08944,28.68799]]},"properties":{"id":1189,"nombre":"Avenida Juan Escutia","clase":"primary"}},{"type":"Feature","id":1190,"geometry":{"type":"LineString","coordinates":[[-106.1051,28.68194],[-106.10678,28.68133],[-106.1079,28.68091],[-106.1085,28.6807],[-106.10952,28.68034],[-106.11053,28.67997],[-106.11107,28.67978]]},"properties":{"id":1190,"nombre":"Avenida Juan Escutia","clase":"primary"}},{"type":"Feature","id":1191,"geometry":{"type":"LineString","coordinates":[[-106.10065,28.68358],[-106.10111,28.68341],[-106.10137,28.68331],[-106.10215,28.68302],[-106.10264,28.68283],[-106.10363,28.68247],[-106.1046,28.68212],[-106.1051,28.68194]]},"properties":{"id":1191,"nombre":"Avenida Juan Escutia","clase":"primary"}},{"type":"Feature","id":1192,"geometry":{"type":"LineString","coordinates":[[-106.09651,28.68496],[-106.09585,28.68519],[-106.09511,28.68546],[-106.09439,28.68571],[-106.09388,28.68591],[-106.09293,28.68626]]},"properties":{"id":1192,"nombre":"Avenida Juan Escutia","clase":"primary"}},{"type":"Feature","id":1193,"geometry":{"type":"LineString","coordinates":[[-106.10008,28.68367],[-106.09858,28.68421],[-106.09693,28.6848],[-106.09651,28.68496]]},"properties":{"id":1193,"nombre":"Avenida Juan Escutia","clase":"primary"}},{"type":"Feature","id":1194,"geometry":{"type":"LineString","coordinates":[[-106.10013,28.68376],[-106.10065,28.68358]]},"properties":{"id":1194,"nombre":"Avenida Juan Escutia","clase":"primary"}},{"type":"Feature","id":1195,"geometry":{"type":"LineString","coordinates":[[-106.09933,28.68405],[-106.09968,28.68393],[-106.10013,28.68376]]},"properties":{"id":1195,"nombre":"Avenida Juan Escutia","clase":"primary"}},{"type":"Feature","id":1196,"geometry":{"type":"LineString","coordinates":[[-106.13286,28.67065],[-106.13257,28.67081],[-106.13235,28.67093],[-106.13214,28.67105]]},"properties":{"id":1196,"nombre":"Avenida Juan Escutia","clase":"primary"}},{"type":"Feature","id":1197,"geometry":{"type":"LineString","coordinates":[[-106.13259,28.67092],[-106.13263,28.6709],[-106.13287,28.67077],[-106.13293,28.67075]]},"properties":{"id":1197,"nombre":"Avenida Juan Escutia","clase":"primary"}},{"type":"Feature","id":1198,"geometry":{"type":"LineString","coordinates":[[-106.12236,28.67854],[-106.12257,28.67832],[-106.1227,28.67822],[-106.12285,28.67815],[-106.12298,28.6781]]},"properties":{"id":1198,"nombre":"Avenida Juan Escutia","clase":"primary"}},{"type":"Feature","id":1199,"geometry":{"type":"LineString","coordinates":[[-106.11469,28.67847],[-106.11544,28.67827],[-106.11591,28.67822],[-106.11636,28.67827]]},"properties":{"id":1199,"nombre":"Avenida Juan Escutia","clase":"primary"}},{"type":"Feature","id":1200,"geometry":{"type":"LineString","coordinates":[[-106.11416,28.67866],[-106.11469,28.67847]]},"properties":{"id":1200,"nombre":"Avenida Juan Escutia","clase":"primary"}},{"type":"Feature","id":1201,"geometry":{"type":"LineString","coordinates":[[-106.11364,28.67885],[-106.11381,28.67878],[-106.11416,28.67866]]},"properties":{"id":1201,"nombre":"Avenida Juan Escutia","clase":"primary"}},{"type":"Feature","id":1202,"geometry":{"type":"LineString","coordinates":[[-106.11312,28.67903],[-106.11364,28.67885]]},"properties":{"id":1202,"nombre":"Avenida Juan Escutia","clase":"primary"}},{"type":"Feature","id":1203,"geometry":{"type":"LineString","coordinates":[[-106.1126,28.67922],[-106.11292,28.6791],[-106.11312,28.67903]]},"properties":{"id":1203,"nombre":"Avenida Juan Escutia","clase":"primary"}},{"type":"Feature","id":1204,"geometry":{"type":"LineString","coordinates":[[-106.12178,28.67927],[-106.12236,28.67854]]},"properties":{"id":1204,"nombre":"Avenida Juan Escutia","clase":"primary"}},{"type":"Feature","id":1205,"geometry":{"type":"LineString","coordinates":[[-106.11208,28.67933],[-106.11156,28.67953],[-106.1105,28.67991],[-106.1095,28.68028],[-106.10849,28.68063],[-106.1081,28.68076],[-106.10731,28.68103],[-106.10666,28.68128],[-106.10506,28.68186]]},"properties":{"id":1205,"nombre":"Avenida Juan Escutia","clase":"primary"}},{"type":"Feature","id":1206,"geometry":{"type":"LineString","coordinates":[[-106.11211,28.6794],[-106.1126,28.67922]]},"properties":{"id":1206,"nombre":"Avenida Juan Escutia","clase":"primary"}},{"type":"Feature","id":1207,"geometry":{"type":"LineString","coordinates":[[-106.11159,28.67959],[-106.11201,28.67944],[-106.11211,28.6794]]},"properties":{"id":1207,"nombre":"Avenida Juan Escutia","clase":"primary"}},{"type":"Feature","id":1208,"geometry":{"type":"LineString","coordinates":[[-106.12148,28.67965],[-106.12178,28.67927]]},"properties":{"id":1208,"nombre":"Avenida Juan Escutia","clase":"primary"}},{"type":"Feature","id":1209,"geometry":{"type":"LineString","coordinates":[[-106.11107,28.67978],[-106.11159,28.67959]]},"properties":{"id":1209,"nombre":"Avenida Juan Escutia","clase":"primary"}},{"type":"Feature","id":1210,"geometry":{"type":"LineString","coordinates":[[-106.10406,28.68222],[-106.1026,28.68276],[-106.10133,28.68322],[-106.10097,28.68335],[-106.10008,28.68367]]},"properties":{"id":1210,"nombre":"Avenida Juan Escutia","clase":"primary"}},{"type":"Feature","id":1211,"geometry":{"type":"LineString","coordinates":[[-106.08516,28.68901],[-106.08476,28.68909],[-106.08447,28.68916]]},"properties":{"id":1211,"nombre":"Avenida Juan Escutia","clase":"primary"}},{"type":"Feature","id":1212,"geometry":{"type":"LineString","coordinates":[[-106.12836,28.67566],[-106.12798,28.67605],[-106.1276,28.67645],[-106.12723,28.67686]]},"properties":{"id":1212,"nombre":"Avenida Juan Escutia","clase":"primary"}},{"type":"Feature","id":1213,"geometry":{"type":"LineString","coordinates":[[-106.12841,28.67576],[-106.1288,28.67536]]},"properties":{"id":1213,"nombre":"Avenida Juan Escutia","clase":"primary"}},{"type":"Feature","id":1214,"geometry":{"type":"LineString","coordinates":[[-106.08547,28.68901],[-106.08516,28.68901]]},"properties":{"id":1214,"nombre":"Avenida Juan Escutia","clase":"primary"}},{"type":"Feature","id":1215,"geometry":{"type":"LineString","coordinates":[[-106.09267,28.68646],[-106.09287,28.68638]]},"properties":{"id":1215,"nombre":"Avenida Juan Escutia","clase":"primary"}},{"type":"Feature","id":1216,"geometry":{"type":"LineString","coordinates":[[-106.10506,28.68186],[-106.10406,28.68222]]},"properties":{"id":1216,"nombre":"Avenida Juan Escutia","clase":"primary"}},{"type":"Feature","id":1217,"geometry":{"type":"LineString","coordinates":[[-106.09862,28.6843],[-106.09871,28.68426],[-106.09896,28.68418],[-106.09933,28.68405]]},"properties":{"id":1217,"nombre":"Avenida Juan Escutia","clase":"primary"}},{"type":"Feature","id":1218,"geometry":{"type":"LineString","coordinates":[[-106.05455,28.65845],[-106.05589,28.65789],[-106.05627,28.6577],[-106.05656,28.65746],[-106.05704,28.65699],[-106.0581,28.65596],[-106.05894,28.65513],[-106.05929,28.65479]]},"properties":{"id":1218,"nombre":"Avenida Juárez","clase":"primary"}},{"type":"Feature","id":1219,"geometry":{"type":"LineString","coordinates":[[-106.06535,28.6486],[-106.06493,28.64901],[-106.06376,28.65021],[-106.06212,28.65182],[-106.06049,28.65345]]},"properties":{"id":1219,"nombre":"Avenida Juárez","clase":"primary"}},{"type":"Feature","id":1220,"geometry":{"type":"LineString","coordinates":[[-106.05887,28.65507],[-106.05816,28.65579],[-106.05804,28.65592],[-106.05713,28.65683]]},"properties":{"id":1220,"nombre":"Avenida Juárez","clase":"primary"}},{"type":"Feature","id":1221,"geometry":{"type":"LineString","coordinates":[[-106.06544,28.64867],[-106.06567,28.64844],[-106.06621,28.64786],[-106.06618,28.64784],[-106.06543,28.64853],[-106.06535,28.6486]]},"properties":{"id":1221,"nombre":"Avenida Juárez","clase":"primary"}},{"type":"Feature","id":1222,"geometry":{"type":"LineString","coordinates":[[-106.06625,28.64779],[-106.0673,28.64678],[-106.06765,28.64644],[-106.06775,28.64636]]},"properties":{"id":1222,"nombre":"Avenida Juárez","clase":"primary"}},{"type":"Feature","id":1223,"geometry":{"type":"LineString","coordinates":[[-106.06507,28.64904],[-106.0653,28.64881],[-106.06544,28.64867]]},"properties":{"id":1223,"nombre":"Avenida Juárez","clase":"primary"}},{"type":"Feature","id":1224,"geometry":{"type":"LineString","coordinates":[[-106.065,28.64911],[-106.06507,28.64904]]},"properties":{"id":1224,"nombre":"Avenida Juárez","clase":"primary"}},{"type":"Feature","id":1225,"geometry":{"type":"LineString","coordinates":[[-106.06465,28.64945],[-106.065,28.64911]]},"properties":{"id":1225,"nombre":"Avenida Juárez","clase":"primary"}},{"type":"Feature","id":1226,"geometry":{"type":"LineString","coordinates":[[-106.06383,28.65027],[-106.06415,28.64995],[-106.06465,28.64945]]},"properties":{"id":1226,"nombre":"Avenida Juárez","clase":"primary"}},{"type":"Feature","id":1227,"geometry":{"type":"LineString","coordinates":[[-106.06299,28.6511],[-106.0633,28.65079],[-106.06383,28.65027]]},"properties":{"id":1227,"nombre":"Avenida Juárez","clase":"primary"}},{"type":"Feature","id":1228,"geometry":{"type":"LineString","coordinates":[[-106.06221,28.65188],[-106.06299,28.6511]]},"properties":{"id":1228,"nombre":"Avenida Juárez","clase":"primary"}},{"type":"Feature","id":1229,"geometry":{"type":"LineString","coordinates":[[-106.06138,28.6527],[-106.06221,28.65188]]},"properties":{"id":1229,"nombre":"Avenida Juárez","clase":"primary"}},{"type":"Feature","id":1230,"geometry":{"type":"LineString","coordinates":[[-106.06049,28.65345],[-106.05966,28.65426],[-106.05887,28.65507]]},"properties":{"id":1230,"nombre":"Avenida Juárez","clase":"primary"}},{"type":"Feature","id":1231,"geometry":{"type":"LineString","coordinates":[[-106.06057,28.65351],[-106.06138,28.6527]]},"properties":{"id":1231,"nombre":"Avenida Juárez","clase":"primary"}},{"type":"Feature","id":1232,"geometry":{"type":"LineString","coordinates":[[-106.05975,28.65433],[-106.06057,28.65351]]},"properties":{"id":1232,"nombre":"Avenida Juárez","clase":"primary"}},{"type":"Feature","id":1233,"geometry":{"type":"LineString","coordinates":[[-106.05713,28.65683],[-106.05654,28.65742],[-106.05621,28.65769],[-106.05594,28.65783],[-106.05508,28.65816],[-106.05456,28.65833]]},"properties":{"id":1233,"nombre":"Avenida Juárez","clase":"trunk"}},{"type":"Feature","id":1234,"geometry":{"type":"LineString","coordinates":[[-106.05929,28.65479],[-106.05975,28.65433]]},"properties":{"id":1234,"nombre":"Avenida Juárez","clase":"primary"}},{"type":"Feature","id":1235,"geometry":{"type":"LineString","coordinates":[[-106.09968,28.64273],[-106.09956,28.6425],[-106.09957,28.64224],[-106.09969,28.64211],[-106.09989,28.64204],[-106.10011,28.64207],[-106.10031,28.64222],[-106.10047,28.6426]]},"properties":{"id":1235,"nombre":"Avenida La Cantera","clase":"primary"}},{"type":"Feature","id":1236,"geometry":{"type":"LineString","coordinates":[[-106.09013,28.64201],[-106.09064,28.64186],[-106.09093,28.64179],[-106.09122,28.64175],[-106.09158,28.64174],[-106.09534,28.64174]]},"properties":{"id":1236,"nombre":"Avenida La Cantera","clase":"primary"}},{"type":"Feature","id":1237,"geometry":{"type":"LineString","coordinates":[[-106.08936,28.64192],[-106.08943,28.64194]]},"properties":{"id":1237,"nombre":"Avenida La Cantera","clase":"primary"}},{"type":"Feature","id":1238,"geometry":{"type":"LineString","coordinates":[[-106.13878,28.64871],[-106.13935,28.64858],[-106.14007,28.64841],[-106.14025,28.64836],[-106.14056,28.64824],[-106.14097,28.64804],[-106.14122,28.64788],[-106.14145,28.6477],[-106.14166,28.64748],[-106.14172,28.6474],[-106.14187,28.64718],[-106.14214,28.64676],[-106.14235,28.64647],[-106.14259,28.6462],[-106.14291,28.64592],[-106.14357,28.6454]]},"properties":{"id":1238,"nombre":"Avenida La Cantera","clase":"primary"}},{"type":"Feature","id":1239,"geometry":{"type":"LineString","coordinates":[[-106.14357,28.6454],[-106.14392,28.64512],[-106.14447,28.64469],[-106.14524,28.64412],[-106.1456,28.64395],[-106.14592,28.64387],[-106.14643,28.64386],[-106.14685,28.6439],[-106.14775,28.64407],[-106.14945,28.64441],[-106.15022,28.64457]]},"properties":{"id":1239,"nombre":"Avenida La Cantera","clase":"primary"}},{"type":"Feature","id":1240,"geometry":{"type":"LineString","coordinates":[[-106.14432,28.64448],[-106.14381,28.64489],[-106.14331,28.64528],[-106.14271,28.64576],[-106.14242,28.64601],[-106.14213,28.64632],[-106.14191,28.64661],[-106.14169,28.64696],[-106.1414,28.64735],[-106.14111,28.64761],[-106.1408,28.64783],[-106.14045,28.648],[-106.14007,28.64813],[-106.13986,28.64819]]},"properties":{"id":1240,"nombre":"Avenida La Cantera","clase":"primary"}},{"type":"Feature","id":1241,"geometry":{"type":"LineString","coordinates":[[-106.1393,28.64834],[-106.13871,28.64848]]},"properties":{"id":1241,"nombre":"Avenida La Cantera","clase":"primary"}},{"type":"Feature","id":1242,"geometry":{"type":"LineString","coordinates":[[-106.09598,28.64171],[-106.09374,28.64169],[-106.09146,28.6417],[-106.09105,28.64172],[-106.09079,28.64177],[-106.09051,28.64184],[-106.09023,28.64192]]},"properties":{"id":1242,"nombre":"Avenida La Cantera","clase":"primary"}},{"type":"Feature","id":1243,"geometry":{"type":"LineString","coordinates":[[-106.14625,28.6436],[-106.14591,28.64363],[-106.14559,28.64371],[-106.14528,28.64383],[-106.14497,28.644],[-106.14466,28.64422],[-106.14432,28.64448]]},"properties":{"id":1243,"nombre":"Avenida La Cantera","clase":"primary"}},{"type":"Feature","id":1244,"geometry":{"type":"LineString","coordinates":[[-106.15095,28.64471],[-106.15068,28.64457],[-106.15055,28.64447],[-106.15036,28.64438],[-106.15018,28.64434],[-106.14742,28.64373],[-106.14689,28.64364],[-106.1465,28.6436],[-106.14625,28.6436]]},"properties":{"id":1244,"nombre":"Avenida La Cantera","clase":"primary"}},{"type":"Feature","id":1245,"geometry":{"type":"LineString","coordinates":[[-106.1503,28.64459],[-106.15039,28.64461],[-106.15095,28.64471]]},"properties":{"id":1245,"nombre":"Avenida La Cantera","clase":"primary"}},{"type":"Feature","id":1246,"geometry":{"type":"LineString","coordinates":[[-106.13986,28.64819],[-106.1393,28.64834]]},"properties":{"id":1246,"nombre":"Avenida La Cantera","clase":"primary"}},{"type":"Feature","id":1247,"geometry":{"type":"LineString","coordinates":[[-106.15022,28.64457],[-106.1503,28.64459]]},"properties":{"id":1247,"nombre":"Avenida La Cantera","clase":"primary"}},{"type":"Feature","id":1248,"geometry":{"type":"LineString","coordinates":[[-106.06493,28.64901],[-106.06504,28.64918],[-106.06522,28.64978],[-106.06548,28.65065],[-106.06562,28.65113],[-106.06588,28.65177],[-106.06601,28.65194],[-106.06595,28.65167],[-106.06563,28.65084],[-106.06545,28.65012],[-106.06518,28.64927],[-106.06507,28.64904]]},"properties":{"id":1248,"nombre":"Avenida La Junta","clase":"secondary"}},{"type":"Feature","id":1249,"geometry":{"type":"LineString","coordinates":[[-106.06507,28.64904],[-106.065,28.64894]]},"properties":{"id":1249,"nombre":"Avenida La Junta","clase":"secondary"}},{"type":"Feature","id":1250,"geometry":{"type":"LineString","coordinates":[[-106.10978,28.61232],[-106.10981,28.61233],[-106.10983,28.61237],[-106.10997,28.6132],[-106.11067,28.61704],[-106.11083,28.61807]]},"properties":{"id":1250,"nombre":"Avenida Las Lomas","clase":"secondary"}},{"type":"Feature","id":1251,"geometry":{"type":"LineString","coordinates":[[-106.11017,28.61319],[-106.10999,28.61233],[-106.10997,28.61226],[-106.10995,28.61222],[-106.10993,28.6122]]},"properties":{"id":1251,"nombre":"Avenida Las Lomas","clase":"secondary"}},{"type":"Feature","id":1252,"geometry":{"type":"LineString","coordinates":[[-106.11095,28.61747],[-106.11086,28.61696],[-106.11076,28.61641],[-106.11042,28.61468],[-106.11017,28.61319]]},"properties":{"id":1252,"nombre":"Avenida Las Lomas","clase":"secondary"}},{"type":"Feature","id":1253,"geometry":{"type":"LineString","coordinates":[[-106.11103,28.61798],[-106.11095,28.61747]]},"properties":{"id":1253,"nombre":"Avenida Las Lomas","clase":"secondary"}},{"type":"Feature","id":1254,"geometry":{"type":"LineString","coordinates":[[-106.08051,28.63651],[-106.07973,28.63586],[-106.07965,28.63578],[-106.0792,28.6354],[-106.07854,28.63485],[-106.07771,28.63413],[-106.07746,28.63391],[-106.0767,28.63324],[-106.07606,28.63272]]},"properties":{"id":1254,"nombre":"Avenida Melchor Ocampo","clase":"primary"}},{"type":"Feature","id":1255,"geometry":{"type":"LineString","coordinates":[[-106.08418,28.63958],[-106.084,28.63944],[-106.08332,28.63888],[-106.08277,28.63842],[-106.0816,28.63743],[-106.08089,28.63682],[-106.08051,28.63651]]},"properties":{"id":1255,"nombre":"Avenida Melchor Ocampo","clase":"primary"}},{"type":"Feature","id":1256,"geometry":{"type":"LineString","coordinates":[[-106.08531,28.64053],[-106.08511,28.64036],[-106.08424,28.63964],[-106.08418,28.63958]]},"properties":{"id":1256,"nombre":"Avenida Melchor Ocampo","clase":"primary"}},{"type":"Feature","id":1257,"geometry":{"type":"LineString","coordinates":[[-106.08667,28.64103],[-106.08594,28.64086],[-106.08562,28.64075],[-106.08531,28.64053]]},"properties":{"id":1257,"nombre":"Avenida Melchor Ocampo","clase":"primary"}},{"type":"Feature","id":1258,"geometry":{"type":"LineString","coordinates":[[-106.07425,28.6287],[-106.07387,28.62804],[-106.07364,28.62777],[-106.07318,28.62746],[-106.07178,28.62668],[-106.07114,28.62634],[-106.07011,28.62575],[-106.06955,28.62543],[-106.0691,28.62516]]},"properties":{"id":1258,"nombre":"Avenida Melchor Ocampo","clase":"primary"}},{"type":"Feature","id":1259,"geometry":{"type":"LineString","coordinates":[[-106.06504,28.62287],[-106.06401,28.62231],[-106.06305,28.62174],[-106.06096,28.62057],[-106.05891,28.61942]]},"properties":{"id":1259,"nombre":"Avenida Melchor Ocampo","clase":"primary"}},{"type":"Feature","id":1260,"geometry":{"type":"LineString","coordinates":[[-106.06808,28.62459],[-106.06706,28.62401],[-106.06548,28.6231],[-106.06504,28.62287]]},"properties":{"id":1260,"nombre":"Avenida Melchor Ocampo","clase":"primary"}},{"type":"Feature","id":1261,"geometry":{"type":"LineString","coordinates":[[-106.07537,28.63112],[-106.07499,28.62988],[-106.07481,28.62953],[-106.07455,28.62914],[-106.07437,28.62887],[-106.07425,28.6287]]},"properties":{"id":1261,"nombre":"Avenida Melchor Ocampo","clase":"primary"}},{"type":"Feature","id":1262,"geometry":{"type":"LineString","coordinates":[[-106.07555,28.63175],[-106.07548,28.63153],[-106.07546,28.63145],[-106.07537,28.63112]]},"properties":{"id":1262,"nombre":"Avenida Melchor Ocampo","clase":"primary"}},{"type":"Feature","id":1263,"geometry":{"type":"LineString","coordinates":[[-106.07606,28.63272],[-106.07587,28.63255],[-106.07577,28.63242],[-106.0757,28.63227],[-106.07555,28.63175]]},"properties":{"id":1263,"nombre":"Avenida Melchor Ocampo","clase":"primary"}},{"type":"Feature","id":1264,"geometry":{"type":"LineString","coordinates":[[-106.0691,28.62516],[-106.06858,28.62487],[-106.06808,28.62459]]},"properties":{"id":1264,"nombre":"Avenida Melchor Ocampo","clase":"primary"}},{"type":"Feature","id":1265,"geometry":{"type":"LineString","coordinates":[[-106.05891,28.61942],[-106.05836,28.61914],[-106.0579,28.61901],[-106.05778,28.61901],[-106.05772,28.61901]]},"properties":{"id":1265,"nombre":"Avenida Melchor Ocampo","clase":"primary"}},{"type":"Feature","id":1266,"geometry":{"type":"LineString","coordinates":[[-106.13895,28.71396],[-106.13906,28.71387],[-106.13938,28.71364]]},"properties":{"id":1266,"nombre":"Avenida Miguel de Cervantes Saavedra","clase":"secondary"}},{"type":"Feature","id":1267,"geometry":{"type":"LineString","coordinates":[[-106.13888,28.71401],[-106.13895,28.71396]]},"properties":{"id":1267,"nombre":"Avenida Miguel de Cervantes Saavedra","clase":"secondary"}},{"type":"Feature","id":1268,"geometry":{"type":"LineString","coordinates":[[-106.13053,28.72012],[-106.12956,28.72162],[-106.12912,28.72235],[-106.12879,28.72287],[-106.1287,28.72299]]},"properties":{"id":1268,"nombre":"Avenida Miguel de Cervantes Saavedra","clase":"secondary"}},{"type":"Feature","id":1269,"geometry":{"type":"LineString","coordinates":[[-106.12885,28.72308],[-106.12963,28.72181],[-106.12979,28.72156],[-106.13052,28.7204],[-106.13063,28.72025],[-106.1308,28.72007],[-106.131,28.71992],[-106.13145,28.71958],[-106.13308,28.71837],[-106.1342,28.71752],[-106.13501,28.71691]]},"properties":{"id":1269,"nombre":"Avenida Miguel de Cervantes Saavedra","clase":"secondary"}},{"type":"Feature","id":1270,"geometry":{"type":"LineString","coordinates":[[-106.13928,28.71355],[-106.13887,28.71385],[-106.13844,28.71417],[-106.13805,28.71446],[-106.13695,28.71527],[-106.13685,28.71535],[-106.1365,28.7156],[-106.13549,28.71636],[-106.13425,28.71729],[-106.13381,28.71763],[-106.13115,28.71961],[-106.13053,28.72012]]},"properties":{"id":1270,"nombre":"Avenida Miguel de Cervantes Saavedra","clase":"secondary"}},{"type":"Feature","id":1271,"geometry":{"type":"LineString","coordinates":[[-106.13867,28.71417],[-106.13888,28.71401]]},"properties":{"id":1271,"nombre":"Avenida Miguel de Cervantes Saavedra","clase":"secondary"}},{"type":"Feature","id":1272,"geometry":{"type":"LineString","coordinates":[[-106.13826,28.71448],[-106.13851,28.71428],[-106.13867,28.71417]]},"properties":{"id":1272,"nombre":"Avenida Miguel de Cervantes Saavedra","clase":"secondary"}},{"type":"Feature","id":1273,"geometry":{"type":"LineString","coordinates":[[-106.1379,28.71475],[-106.13826,28.71448]]},"properties":{"id":1273,"nombre":"Avenida Miguel de Cervantes Saavedra","clase":"secondary"}},{"type":"Feature","id":1274,"geometry":{"type":"LineString","coordinates":[[-106.13699,28.71542],[-106.13706,28.71537],[-106.13756,28.715],[-106.13764,28.71493],[-106.1379,28.71475]]},"properties":{"id":1274,"nombre":"Avenida Miguel de Cervantes Saavedra","clase":"secondary"}},{"type":"Feature","id":1275,"geometry":{"type":"LineString","coordinates":[[-106.13684,28.71554],[-106.13695,28.71545],[-106.13699,28.71542]]},"properties":{"id":1275,"nombre":"Avenida Miguel de Cervantes Saavedra","clase":"secondary"}},{"type":"Feature","id":1276,"geometry":{"type":"LineString","coordinates":[[-106.1366,28.71571],[-106.13684,28.71554]]},"properties":{"id":1276,"nombre":"Avenida Miguel de Cervantes Saavedra","clase":"secondary"}},{"type":"Feature","id":1277,"geometry":{"type":"LineString","coordinates":[[-106.13501,28.71691],[-106.13581,28.71631],[-106.13593,28.71621],[-106.1366,28.71571]]},"properties":{"id":1277,"nombre":"Avenida Miguel de Cervantes Saavedra","clase":"secondary"}},{"type":"Feature","id":1278,"geometry":{"type":"LineString","coordinates":[[-106.08349,28.632],[-106.08389,28.63226],[-106.08456,28.63268],[-106.08542,28.63322],[-106.08586,28.63351],[-106.08632,28.63379],[-106.08764,28.63462],[-106.0887,28.63529]]},"properties":{"id":1278,"nombre":"Avenida Mirador","clase":"secondary"}},{"type":"Feature","id":1279,"geometry":{"type":"LineString","coordinates":[[-106.10002,28.64117],[-106.10044,28.641],[-106.1008,28.64103],[-106.10127,28.6412],[-106.1025,28.64168],[-106.10296,28.64189],[-106.10321,28.64205],[-106.10343,28.64223],[-106.10376,28.64256],[-106.10398,28.64276],[-106.10423,28.64293],[-106.10443,28.64303],[-106.10468,28.64311],[-106.10495,28.64317],[-106.10515,28.64319],[-106.10572,28.64323],[-106.10605,28.64325],[-106.10634,28.64329],[-106.10712,28.64364]]},"properties":{"id":1279,"nombre":"Avenida Mirador","clase":"secondary"}},{"type":"Feature","id":1280,"geometry":{"type":"LineString","coordinates":[[-106.11213,28.64411],[-106.11238,28.64421],[-106.11295,28.64449],[-106.11332,28.64458],[-106.11416,28.64466],[-106.11437,28.64503],[-106.11461,28.64556],[-106.11477,28.64582],[-106.11491,28.64596],[-106.11522,28.64613],[-106.11551,28.64623],[-106.11565,28.64625],[-106.11641,28.64621],[-106.11679,28.64619],[-106.11832,28.64613]]},"properties":{"id":1280,"nombre":"Avenida Mirador","clase":"secondary"}},{"type":"Feature","id":1281,"geometry":{"type":"LineString","coordinates":[[-106.1087,28.64434],[-106.10931,28.64438],[-106.1103,28.64427],[-106.11144,28.64404],[-106.11191,28.64405],[-106.11213,28.64411]]},"properties":{"id":1281,"nombre":"Avenida Mirador","clase":"secondary"}},{"type":"Feature","id":1282,"geometry":{"type":"LineString","coordinates":[[-106.12081,28.64654],[-106.12143,28.64695],[-106.12175,28.64703],[-106.12199,28.64703],[-106.12234,28.6471],[-106.12291,28.64731],[-106.12314,28.64732],[-106.12378,28.64716],[-106.125,28.6468],[-106.12543,28.6466],[-106.12561,28.64647],[-106.12595,28.64617],[-106.12629,28.64609],[-106.12648,28.64609]]},"properties":{"id":1282,"nombre":"Avenida Mirador","clase":"secondary"}},{"type":"Feature","id":1283,"geometry":{"type":"LineString","coordinates":[[-106.12551,28.6464],[-106.12519,28.64663],[-106.12445,28.64685],[-106.12335,28.64718],[-106.12313,28.64723],[-106.1228,28.64718],[-106.12219,28.64694],[-106.12171,28.64691],[-106.12139,28.64681],[-106.12046,28.6463],[-106.11967,28.64602]]},"properties":{"id":1283,"nombre":"Avenida Mirador","clase":"secondary"}},{"type":"Feature","id":1284,"geometry":{"type":"LineString","coordinates":[[-106.11967,28.64602],[-106.11902,28.64601],[-106.11768,28.64604],[-106.11683,28.64607],[-106.11568,28.64614],[-106.11531,28.64606],[-106.115,28.6459],[-106.11477,28.64561],[-106.11446,28.64497],[-106.11427,28.64461]]},"properties":{"id":1284,"nombre":"Avenida Mirador","clase":"secondary"}},{"type":"Feature","id":1285,"geometry":{"type":"LineString","coordinates":[[-106.11411,28.64458],[-106.11416,28.64466]]},"properties":{"id":1285,"nombre":"Avenida Mirador","clase":"secondary"}},{"type":"Feature","id":1286,"geometry":{"type":"LineString","coordinates":[[-106.11411,28.64458],[-106.11316,28.64448],[-106.11275,28.64432],[-106.11227,28.64408],[-106.11194,28.64397],[-106.1115,28.64396],[-106.11029,28.64417],[-106.10979,28.64426],[-106.10925,28.64429],[-106.10873,28.64425],[-106.10825,28.6441],[-106.10778,28.64386]]},"properties":{"id":1286,"nombre":"Avenida Mirador","clase":"secondary"}},{"type":"Feature","id":1287,"geometry":{"type":"LineString","coordinates":[[-106.10778,28.64386],[-106.10652,28.64327],[-106.10625,28.64322],[-106.10575,28.64317],[-106.10521,28.64314],[-106.10498,28.64311],[-106.10468,28.64305],[-106.10454,28.643],[-106.10426,28.64287],[-106.10396,28.64265],[-106.10372,28.64241],[-106.10347,28.64216],[-106.10321,28.64197],[-106.10273,28.6417],[-106.10212,28.64143],[-106.10185,28.64132]]},"properties":{"id":1287,"nombre":"Avenida Mirador","clase":"secondary"}},{"type":"Feature","id":1288,"geometry":{"type":"LineString","coordinates":[[-106.09996,28.64107],[-106.09949,28.64128],[-106.09923,28.64129],[-106.09866,28.64123],[-106.09817,28.64125],[-106.0978,28.64127],[-106.09734,28.6411],[-106.09668,28.64078],[-106.09626,28.64068],[-106.09562,28.64075],[-106.0952,28.64071],[-106.09459,28.64045],[-106.09372,28.63979]]},"properties":{"id":1288,"nombre":"Avenida Mirador","clase":"secondary"}},{"type":"Feature","id":1289,"geometry":{"type":"LineString","coordinates":[[-106.0999,28.64122],[-106.10002,28.64117]]},"properties":{"id":1289,"nombre":"Avenida Mirador","clase":"secondary"}},{"type":"Feature","id":1290,"geometry":{"type":"LineString","coordinates":[[-106.08146,28.6307],[-106.08228,28.63123],[-106.08256,28.63141],[-106.08303,28.63171],[-106.08337,28.63192],[-106.08349,28.632]]},"properties":{"id":1290,"nombre":"Avenida Mirador","clase":"secondary"}},{"type":"Feature","id":1291,"geometry":{"type":"LineString","coordinates":[[-106.09135,28.63696],[-106.09238,28.63762],[-106.09258,28.63783],[-106.09265,28.63799],[-106.09272,28.63841],[-106.0928,28.6389],[-106.09293,28.63915],[-106.09308,28.63934],[-106.09375,28.63994],[-106.09417,28.6403],[-106.09454,28.64052],[-106.09516,28.6408],[-106.09548,28.64086],[-106.0958,28.64087]]},"properties":{"id":1291,"nombre":"Avenida Mirador","clase":"secondary"}},{"type":"Feature","id":1292,"geometry":{"type":"LineString","coordinates":[[-106.08351,28.63193],[-106.08318,28.63172],[-106.08291,28.63154],[-106.08247,28.63126],[-106.08152,28.63065]]},"properties":{"id":1292,"nombre":"Avenida Mirador","clase":"secondary"}},{"type":"Feature","id":1293,"geometry":{"type":"LineString","coordinates":[[-106.09139,28.63692],[-106.09033,28.63626],[-106.08927,28.63559],[-106.0882,28.63491],[-106.08713,28.63425],[-106.08636,28.63375]]},"properties":{"id":1293,"nombre":"Avenida Mirador","clase":"secondary"}},{"type":"Feature","id":1294,"geometry":{"type":"LineString","coordinates":[[-106.08393,28.63221],[-106.08362,28.63201],[-106.08351,28.63193]]},"properties":{"id":1294,"nombre":"Avenida Mirador","clase":"secondary"}},{"type":"Feature","id":1295,"geometry":{"type":"LineString","coordinates":[[-106.08461,28.63264],[-106.08429,28.63244],[-106.08409,28.63232],[-106.08393,28.63221]]},"properties":{"id":1295,"nombre":"Avenida Mirador","clase":"secondary"}},{"type":"Feature","id":1296,"geometry":{"type":"LineString","coordinates":[[-106.08547,28.63318],[-106.08488,28.63281],[-106.08461,28.63264]]},"properties":{"id":1296,"nombre":"Avenida Mirador","clase":"secondary"}},{"type":"Feature","id":1297,"geometry":{"type":"LineString","coordinates":[[-106.08591,28.63347],[-106.08547,28.63318]]},"properties":{"id":1297,"nombre":"Avenida Mirador","clase":"secondary"}},{"type":"Feature","id":1298,"geometry":{"type":"LineString","coordinates":[[-106.08636,28.63375],[-106.08591,28.63347]]},"properties":{"id":1298,"nombre":"Avenida Mirador","clase":"secondary"}},{"type":"Feature","id":1299,"geometry":{"type":"LineString","coordinates":[[-106.0887,28.63529],[-106.08975,28.63596],[-106.09083,28.63663],[-106.09135,28.63696]]},"properties":{"id":1299,"nombre":"Avenida Mirador","clase":"secondary"}},{"type":"Feature","id":1300,"geometry":{"type":"LineString","coordinates":[[-106.09192,28.63727],[-106.09139,28.63692]]},"properties":{"id":1300,"nombre":"Avenida Mirador","clase":"secondary"}},{"type":"Feature","id":1301,"geometry":{"type":"LineString","coordinates":[[-106.09242,28.63758],[-106.09192,28.63727]]},"properties":{"id":1301,"nombre":"Avenida Mirador","clase":"secondary"}},{"type":"Feature","id":1302,"geometry":{"type":"LineString","coordinates":[[-106.09275,28.638],[-106.09269,28.63786],[-106.09265,28.63779],[-106.09261,28.63773],[-106.09242,28.63758]]},"properties":{"id":1302,"nombre":"Avenida Mirador","clase":"secondary"}},{"type":"Feature","id":1303,"geometry":{"type":"LineString","coordinates":[[-106.11427,28.64461],[-106.11423,28.64454],[-106.11411,28.64458]]},"properties":{"id":1303,"nombre":"Avenida Mirador","clase":"secondary"}},{"type":"Feature","id":1304,"geometry":{"type":"LineString","coordinates":[[-106.12574,28.64561],[-106.12582,28.64592],[-106.12579,28.64609],[-106.12569,28.64624],[-106.12551,28.6464]]},"properties":{"id":1304,"nombre":"Avenida Mirador","clase":"secondary"}},{"type":"Feature","id":1305,"geometry":{"type":"LineString","coordinates":[[-106.09277,28.63806],[-106.09275,28.638]]},"properties":{"id":1305,"nombre":"Avenida Mirador","clase":"secondary"}},{"type":"Feature","id":1306,"geometry":{"type":"LineString","coordinates":[[-106.09315,28.63928],[-106.09295,28.639],[-106.09285,28.63866],[-106.09277,28.63806]]},"properties":{"id":1306,"nombre":"Avenida Mirador","clase":"secondary"}},{"type":"Feature","id":1307,"geometry":{"type":"LineString","coordinates":[[-106.09372,28.63979],[-106.09338,28.63949],[-106.09315,28.63928]]},"properties":{"id":1307,"nombre":"Avenida Mirador","clase":"secondary"}},{"type":"Feature","id":1308,"geometry":{"type":"LineString","coordinates":[[-106.119,28.64611],[-106.11935,28.64611],[-106.11963,28.64612],[-106.12021,28.64631],[-106.12081,28.64654]]},"properties":{"id":1308,"nombre":"Avenida Mirador","clase":"secondary"}},{"type":"Feature","id":1309,"geometry":{"type":"LineString","coordinates":[[-106.09895,28.64138],[-106.09939,28.6414],[-106.09967,28.64134],[-106.0999,28.64122]]},"properties":{"id":1309,"nombre":"Avenida Mirador","clase":"secondary"}},{"type":"Feature","id":1310,"geometry":{"type":"LineString","coordinates":[[-106.10712,28.64364],[-106.10772,28.64394],[-106.10843,28.64426],[-106.1087,28.64434]]},"properties":{"id":1310,"nombre":"Avenida Mirador","clase":"secondary"}},{"type":"Feature","id":1311,"geometry":{"type":"LineString","coordinates":[[-106.0958,28.64087],[-106.09623,28.64088],[-106.09693,28.64109],[-106.09757,28.64134],[-106.09798,28.6414],[-106.09845,28.64135],[-106.09895,28.64138]]},"properties":{"id":1311,"nombre":"Avenida Mirador","clase":"secondary"}},{"type":"Feature","id":1312,"geometry":{"type":"LineString","coordinates":[[-106.11832,28.64613],[-106.11867,28.64612],[-106.119,28.64611]]},"properties":{"id":1312,"nombre":"Avenida Mirador","clase":"secondary"}},{"type":"Feature","id":1313,"geometry":{"type":"LineString","coordinates":[[-106.10185,28.64132],[-106.1015,28.64119],[-106.10057,28.64088],[-106.10024,28.64094],[-106.09996,28.64107]]},"properties":{"id":1313,"nombre":"Avenida Mirador","clase":"secondary"}},{"type":"Feature","id":1314,"geometry":{"type":"LineString","coordinates":[[-106.04009,28.60034],[-106.04023,28.60018]]},"properties":{"id":1314,"nombre":"Avenida Misión de Santa Bárbara","clase":"secondary"}},{"type":"Feature","id":1315,"geometry":{"type":"LineString","coordinates":[[-106.04009,28.60034],[-106.03943,28.60113],[-106.0391,28.6015],[-106.03847,28.60224],[-106.038,28.6028],[-106.03774,28.60309],[-106.03754,28.60334],[-106.03745,28.60356],[-106.03744,28.60378],[-106.03753,28.60417],[-106.03772,28.60497]]},"properties":{"id":1315,"nombre":"Avenida Misión de Santa Bárbara","clase":"secondary"}},{"type":"Feature","id":1316,"geometry":{"type":"LineString","coordinates":[[-106.0382,28.60687],[-106.03809,28.60662],[-106.0379,28.60579],[-106.03781,28.60539],[-106.03772,28.60497]]},"properties":{"id":1316,"nombre":"Avenida Misión de Santa Bárbara","clase":"secondary"}},{"type":"Feature","id":1317,"geometry":{"type":"LineString","coordinates":[[-106.13838,28.64855],[-106.13846,28.64888],[-106.13873,28.64998],[-106.13888,28.65043],[-106.13899,28.65059],[-106.13915,28.65075],[-106.13959,28.65103],[-106.13978,28.65115],[-106.14033,28.65148],[-106.14061,28.65163],[-106.14087,28.65175],[-106.14111,28.65182],[-106.14137,28.65184],[-106.14164,28.65183],[-106.1421,28.65173],[-106.14245,28.65167],[-106.14272,28.65166],[-106.14311,28.65169],[-106.14351,28.65174]]},"properties":{"id":1317,"nombre":"Avenida Misión del Bosque","clase":"secondary"}},{"type":"Feature","id":1318,"geometry":{"type":"LineString","coordinates":[[-106.13878,28.64871],[-106.13871,28.64848]]},"properties":{"id":1318,"nombre":"Avenida Misión del Bosque","clase":"secondary"}},{"type":"Feature","id":1319,"geometry":{"type":"LineString","coordinates":[[-106.14965,28.65579],[-106.14967,28.65596],[-106.14981,28.65609],[-106.15,28.65611],[-106.15019,28.65599],[-106.15024,28.65582],[-106.15018,28.65569],[-106.15006,28.65561],[-106.14989,28.65559],[-106.14983,28.65561],[-106.14976,28.65564],[-106.14965,28.65579]]},"properties":{"id":1319,"nombre":"Avenida Misión del Bosque","clase":"secondary"}},{"type":"Feature","id":1320,"geometry":{"type":"LineString","coordinates":[[-106.15019,28.65599],[-106.15236,28.65674],[-106.15589,28.65776],[-106.15674,28.65799]]},"properties":{"id":1320,"nombre":"Avenida Misión del Bosque","clase":"secondary"}},{"type":"Feature","id":1321,"geometry":{"type":"LineString","coordinates":[[-106.14971,28.65569],[-106.14947,28.65561],[-106.14884,28.6554],[-106.14842,28.65518],[-106.14783,28.65504],[-106.14749,28.65495],[-106.14726,28.65482],[-106.14702,28.65461],[-106.14687,28.6544],[-106.14673,28.65407],[-106.1466,28.65376],[-106.14648,28.6535],[-106.14626,28.65319],[-106.14597,28.65283],[-106.14568,28.65257],[-106.14539,28.65234],[-106.14529,28.65227]]},"properties":{"id":1321,"nombre":"Avenida Misión del Bosque","clase":"secondary"}},{"type":"Feature","id":1322,"geometry":{"type":"LineString","coordinates":[[-106.14529,28.65227],[-106.14495,28.65207],[-106.14465,28.65193],[-106.14413,28.65176],[-106.14359,28.65163],[-106.14318,28.65157],[-106.14278,28.65155],[-106.14235,28.65158],[-106.14188,28.65168],[-106.14153,28.65173],[-106.14119,28.65171],[-106.14089,28.65163],[-106.14062,28.6515],[-106.14016,28.65124],[-106.13997,28.6511],[-106.13973,28.65087],[-106.13943,28.65052],[-106.13921,28.65016],[-106.13912,28.64994]]},"properties":{"id":1322,"nombre":"Avenida Misión del Bosque","clase":"secondary"}},{"type":"Feature","id":1323,"geometry":{"type":"LineString","coordinates":[[-106.13908,28.64987],[-106.13896,28.64948],[-106.13884,28.64899],[-106.1388,28.64879],[-106.13878,28.64871]]},"properties":{"id":1323,"nombre":"Avenida Misión del Bosque","clase":"secondary"}},{"type":"Feature","id":1324,"geometry":{"type":"LineString","coordinates":[[-106.15252,28.65668],[-106.1524,28.65664],[-106.1504,28.65594],[-106.15024,28.65588]]},"properties":{"id":1324,"nombre":"Avenida Misión del Bosque","clase":"secondary"}},{"type":"Feature","id":1325,"geometry":{"type":"LineString","coordinates":[[-106.14872,28.6555],[-106.1493,28.65568],[-106.14953,28.65575],[-106.14965,28.65579]]},"properties":{"id":1325,"nombre":"Avenida Misión del Bosque","clase":"secondary"}},{"type":"Feature","id":1326,"geometry":{"type":"LineString","coordinates":[[-106.15599,28.65767],[-106.15433,28.6572],[-106.15252,28.65668]]},"properties":{"id":1326,"nombre":"Avenida Misión del Bosque","clase":"secondary"}},{"type":"Feature","id":1327,"geometry":{"type":"LineString","coordinates":[[-106.15677,28.65788],[-106.15599,28.65767]]},"properties":{"id":1327,"nombre":"Avenida Misión del Bosque","clase":"secondary"}},{"type":"Feature","id":1328,"geometry":{"type":"LineString","coordinates":[[-106.15926,28.6581],[-106.15843,28.65816],[-106.15781,28.65812],[-106.1571,28.65797],[-106.15677,28.65788]]},"properties":{"id":1328,"nombre":"Avenida Misión del Bosque","clase":"secondary"}},{"type":"Feature","id":1329,"geometry":{"type":"LineString","coordinates":[[-106.15674,28.65799],[-106.15716,28.65812],[-106.15765,28.65822],[-106.15815,28.65827],[-106.1587,28.65827],[-106.15923,28.65823],[-106.1595,28.65819],[-106.16022,28.65798],[-106.16088,28.65768],[-106.16079,28.6576],[-106.16074,28.6576],[-106.1601,28.65789],[-106.15958,28.65804],[-106.15926,28.6581]]},"properties":{"id":1329,"nombre":"Avenida Misión del Bosque","clase":"secondary"}},{"type":"Feature","id":1330,"geometry":{"type":"LineString","coordinates":[[-106.14865,28.65548],[-106.14872,28.6555]]},"properties":{"id":1330,"nombre":"Avenida Misión del Bosque","clase":"secondary"}},{"type":"Feature","id":1331,"geometry":{"type":"LineString","coordinates":[[-106.14351,28.65174],[-106.1439,28.65181],[-106.14427,28.65191],[-106.14463,28.65205],[-106.14497,28.65221],[-106.14532,28.65243],[-106.14574,28.65277],[-106.14597,28.65301],[-106.14618,28.65327],[-106.14636,28.65357],[-106.14648,28.6538],[-106.14655,28.65396],[-106.14671,28.65436],[-106.14682,28.65455],[-106.14699,28.65474],[-106.14723,28.65494],[-106.14757,28.6551],[-106.14827,28.65534],[-106.14865,28.65548]]},"properties":{"id":1331,"nombre":"Avenida Misión del Bosque","clase":"secondary"}},{"type":"Feature","id":1332,"geometry":{"type":"LineString","coordinates":[[-106.13912,28.64994],[-106.13908,28.64987]]},"properties":{"id":1332,"nombre":"Avenida Misión del Bosque","clase":"secondary"}},{"type":"Feature","id":1333,"geometry":{"type":"LineString","coordinates":[[-106.08051,28.63651],[-106.07953,28.63746],[-106.07889,28.63807],[-106.07848,28.63845]]},"properties":{"id":1333,"nombre":"Avenida Niños Héroes","clase":"secondary"}},{"type":"Feature","id":1334,"geometry":{"type":"LineString","coordinates":[[-106.08315,28.63411],[-106.08259,28.63459],[-106.08217,28.63499],[-106.08158,28.63554],[-106.08075,28.63629],[-106.08051,28.63651]]},"properties":{"id":1334,"nombre":"Avenida Niños Héroes","clase":"secondary"}},{"type":"Feature","id":1335,"geometry":{"type":"LineString","coordinates":[[-106.03174,28.59831],[-106.03178,28.59813]]},"properties":{"id":1335,"nombre":"Avenida Nueva España","clase":"secondary"}},{"type":"Feature","id":1336,"geometry":{"type":"LineString","coordinates":[[-106.03174,28.59831],[-106.03164,28.59872],[-106.03159,28.59907],[-106.03156,28.59957],[-106.03157,28.60042],[-106.03158,28.60118],[-106.03164,28.60171],[-106.03188,28.60246],[-106.032,28.60287],[-106.03233,28.6039]]},"properties":{"id":1336,"nombre":"Avenida Nueva España","clase":"secondary"}},{"type":"Feature","id":1337,"geometry":{"type":"LineString","coordinates":[[-106.03207,28.60287],[-106.032,28.60276]]},"properties":{"id":1337,"nombre":"Avenida Nueva España","clase":"secondary"}},{"type":"Feature","id":1338,"geometry":{"type":"LineString","coordinates":[[-106.03214,28.60306],[-106.03207,28.60287]]},"properties":{"id":1338,"nombre":"Avenida Nueva España","clase":"secondary"}},{"type":"Feature","id":1339,"geometry":{"type":"LineString","coordinates":[[-106.03291,28.61322],[-106.03249,28.61417],[-106.03226,28.61471],[-106.03215,28.61552],[-106.03207,28.61603],[-106.03177,28.61697],[-106.03171,28.6172],[-106.03135,28.61893],[-106.03122,28.61957],[-106.03108,28.62021],[-106.03095,28.6208]]},"properties":{"id":1339,"nombre":"Avenida Nueva España","clase":"secondary"}},{"type":"Feature","id":1340,"geometry":{"type":"LineString","coordinates":[[-106.03291,28.61322],[-106.03296,28.61259],[-106.03311,28.61067],[-106.03319,28.6098],[-106.03322,28.60934],[-106.03327,28.60855],[-106.03328,28.60806],[-106.03321,28.6076],[-106.03315,28.60742]]},"properties":{"id":1340,"nombre":"Avenida Nueva España","clase":"secondary"}},{"type":"Feature","id":1341,"geometry":{"type":"LineString","coordinates":[[-106.03306,28.60722],[-106.03315,28.60742]]},"properties":{"id":1341,"nombre":"Avenida Nueva España","clase":"secondary"}},{"type":"Feature","id":1342,"geometry":{"type":"LineString","coordinates":[[-106.03306,28.60722],[-106.03301,28.607],[-106.03282,28.6065],[-106.03277,28.60631],[-106.03275,28.60609],[-106.03268,28.60542],[-106.03261,28.6049],[-106.03258,28.60463],[-106.03255,28.60437],[-106.0325,28.60413],[-106.03242,28.6039],[-106.0322,28.60325],[-106.03214,28.60306]]},"properties":{"id":1342,"nombre":"Avenida Nueva España","clase":"secondary"}},{"type":"Feature","id":1343,"geometry":{"type":"LineString","coordinates":[[-106.03096,28.62102],[-106.03095,28.62093],[-106.03095,28.62084],[-106.03095,28.6208]]},"properties":{"id":1343,"nombre":"Avenida Nueva España","clase":"secondary"}},{"type":"Feature","id":1344,"geometry":{"type":"LineString","coordinates":[[-106.03295,28.60702],[-106.03301,28.6071]]},"properties":{"id":1344,"nombre":"Avenida Nueva España","clase":"secondary"}},{"type":"Feature","id":1345,"geometry":{"type":"LineString","coordinates":[[-106.0328,28.60662],[-106.03295,28.60702]]},"properties":{"id":1345,"nombre":"Avenida Nueva España","clase":"secondary"}},{"type":"Feature","id":1346,"geometry":{"type":"LineString","coordinates":[[-106.03265,28.60609],[-106.03269,28.60632],[-106.03275,28.60652],[-106.0328,28.60662]]},"properties":{"id":1346,"nombre":"Avenida Nueva España","clase":"secondary"}},{"type":"Feature","id":1347,"geometry":{"type":"LineString","coordinates":[[-106.03254,28.60503],[-106.03255,28.60514],[-106.03259,28.60546],[-106.03263,28.60583],[-106.03265,28.60609]]},"properties":{"id":1347,"nombre":"Avenida Nueva España","clase":"secondary"}},{"type":"Feature","id":1348,"geometry":{"type":"LineString","coordinates":[[-106.03233,28.6039],[-106.03243,28.60426],[-106.03248,28.60465],[-106.03254,28.60503]]},"properties":{"id":1348,"nombre":"Avenida Nueva España","clase":"secondary"}},{"type":"Feature","id":1349,"geometry":{"type":"LineString","coordinates":[[-106.08807,28.64131],[-106.08797,28.64125],[-106.08774,28.64119],[-106.08761,28.64117],[-106.08667,28.64103]]},"properties":{"id":1349,"nombre":"Avenida Ocampo","clase":"primary"}},{"type":"Feature","id":1350,"geometry":{"type":"LineString","coordinates":[[-106.0875,28.64156],[-106.08724,28.64136],[-106.08706,28.64124],[-106.08667,28.64103]]},"properties":{"id":1350,"nombre":"Avenida Ocampo","clase":"primary"}},{"type":"Feature","id":1351,"geometry":{"type":"LineString","coordinates":[[-106.02695,28.65521],[-106.02609,28.65584],[-106.02584,28.65604],[-106.02559,28.6563],[-106.02425,28.658],[-106.02315,28.65945]]},"properties":{"id":1351,"nombre":"Avenida Palestina","clase":"secondary"}},{"type":"Feature","id":1352,"geometry":{"type":"LineString","coordinates":[[-106.02134,28.66179],[-106.02209,28.66093],[-106.02265,28.66028],[-106.02326,28.65951],[-106.02569,28.65636],[-106.02598,28.65605],[-106.02702,28.65529]]},"properties":{"id":1352,"nombre":"Avenida Palestina","clase":"secondary"}},{"type":"Feature","id":1353,"geometry":{"type":"LineString","coordinates":[[-106.01942,28.66291],[-106.01963,28.66284],[-106.01992,28.66267],[-106.02062,28.66228],[-106.02101,28.66206],[-106.02121,28.66189],[-106.02134,28.66179]]},"properties":{"id":1353,"nombre":"Avenida Palestina","clase":"secondary"}},{"type":"Feature","id":1354,"geometry":{"type":"LineString","coordinates":[[-106.01942,28.66291],[-106.01901,28.66316],[-106.01881,28.66334],[-106.01797,28.66433],[-106.01649,28.66605],[-106.01498,28.66782]]},"properties":{"id":1354,"nombre":"Avenida Palestina","clase":"secondary"}},{"type":"Feature","id":1355,"geometry":{"type":"LineString","coordinates":[[-106.01498,28.66782],[-106.01374,28.66927],[-106.0128,28.6704],[-106.01226,28.67103],[-106.01183,28.67154],[-106.01149,28.67193],[-106.0107,28.67286]]},"properties":{"id":1355,"nombre":"Avenida Palestina","clase":"secondary"}},{"type":"Feature","id":1356,"geometry":{"type":"LineString","coordinates":[[-106.0107,28.67286],[-106.00904,28.6748],[-106.00788,28.67616],[-106.00701,28.67719],[-106.00632,28.678]]},"properties":{"id":1356,"nombre":"Avenida Palestina","clase":"secondary"}},{"type":"Feature","id":1357,"geometry":{"type":"LineString","coordinates":[[-106.00395,28.6802],[-106.00307,28.68091],[-106.00279,28.68114],[-106.00243,28.68139]]},"properties":{"id":1357,"nombre":"Avenida Palestina","clase":"secondary"}},{"type":"Feature","id":1358,"geometry":{"type":"LineString","coordinates":[[-106.00395,28.6802],[-106.00465,28.67964],[-106.00505,28.67931],[-106.00537,28.67904],[-106.00632,28.678]]},"properties":{"id":1358,"nombre":"Avenida Palestina","clase":"secondary"}},{"type":"Feature","id":1359,"geometry":{"type":"LineString","coordinates":[[-106.02315,28.65945],[-106.02224,28.66056],[-106.02137,28.6616],[-106.02126,28.66172],[-106.02109,28.66188],[-106.02081,28.66207],[-106.02019,28.66243],[-106.01971,28.66272],[-106.01949,28.66286],[-106.01942,28.66291]]},"properties":{"id":1359,"nombre":"Avenida Palestina","clase":"secondary"}},{"type":"Feature","id":1360,"geometry":{"type":"LineString","coordinates":[[-106.09123,28.65632],[-106.09097,28.65655],[-106.09093,28.65658],[-106.09073,28.65676],[-106.08981,28.65757],[-106.08921,28.65807],[-106.08836,28.65882],[-106.08817,28.65899],[-106.08796,28.65923],[-106.08744,28.65971],[-106.08687,28.66022],[-106.08664,28.66043]]},"properties":{"id":1360,"nombre":"Avenida Pascual Orozco","clase":"secondary"}},{"type":"Feature","id":1361,"geometry":{"type":"LineString","coordinates":[[-106.09123,28.65632],[-106.09134,28.65623],[-106.09134,28.65597],[-106.09137,28.65567],[-106.0915,28.65459],[-106.0916,28.65342],[-106.0916,28.65284],[-106.09154,28.65189],[-106.09149,28.65125],[-106.09148,28.65107]]},"properties":{"id":1361,"nombre":"Avenida Pascual Orozco","clase":"secondary"}},{"type":"Feature","id":1362,"geometry":{"type":"LineString","coordinates":[[-106.09106,28.64945],[-106.09118,28.64983],[-106.09125,28.65017],[-106.09133,28.65078],[-106.09138,28.651],[-106.09148,28.65107]]},"properties":{"id":1362,"nombre":"Avenida Pascual Orozco","clase":"secondary"}},{"type":"Feature","id":1363,"geometry":{"type":"LineString","coordinates":[[-106.09017,28.64728],[-106.09016,28.64732],[-106.09051,28.64799],[-106.09081,28.64874],[-106.09106,28.64945]]},"properties":{"id":1363,"nombre":"Avenida Pascual Orozco","clase":"secondary"}},{"type":"Feature","id":1364,"geometry":{"type":"LineString","coordinates":[[-106.08539,28.66151],[-106.08527,28.66162]]},"properties":{"id":1364,"nombre":"Avenida Pascual Orozco","clase":"secondary"}},{"type":"Feature","id":1365,"geometry":{"type":"LineString","coordinates":[[-106.08539,28.66151],[-106.0856,28.66134],[-106.0859,28.66108],[-106.08604,28.66096],[-106.08664,28.66043]]},"properties":{"id":1365,"nombre":"Avenida Pascual Orozco","clase":"secondary"}},{"type":"Feature","id":1366,"geometry":{"type":"LineString","coordinates":[[-106.08903,28.65833],[-106.08926,28.65812],[-106.08934,28.658]]},"properties":{"id":1366,"nombre":"Avenida Pascual Orozco","clase":"secondary"}},{"type":"Feature","id":1367,"geometry":{"type":"LineString","coordinates":[[-106.0885,28.6588],[-106.08881,28.65852],[-106.08903,28.65833]]},"properties":{"id":1367,"nombre":"Avenida Pascual Orozco","clase":"secondary"}},{"type":"Feature","id":1368,"geometry":{"type":"LineString","coordinates":[[-106.08796,28.65923],[-106.08808,28.65917],[-106.0885,28.6588]]},"properties":{"id":1368,"nombre":"Avenida Pascual Orozco","clase":"secondary"}},{"type":"Feature","id":1369,"geometry":{"type":"LineString","coordinates":[[-106.15366,28.66386],[-106.1539,28.66387],[-106.15416,28.66386]]},"properties":{"id":1369,"nombre":"Avenida Paseo Boreal","clase":"secondary"}},{"type":"Feature","id":1370,"geometry":{"type":"LineString","coordinates":[[-106.15366,28.66386],[-106.15304,28.66387],[-106.15262,28.66383],[-106.15204,28.66375],[-106.1519,28.66373]]},"properties":{"id":1370,"nombre":"Avenida Paseo Boreal","clase":"secondary"}},{"type":"Feature","id":1371,"geometry":{"type":"LineString","coordinates":[[-106.13015,28.7026],[-106.12982,28.70285],[-106.12952,28.70303],[-106.12914,28.70323],[-106.12868,28.70349]]},"properties":{"id":1371,"nombre":"Avenida Periférico de la Juventud","clase":"primary"}},{"type":"Feature","id":1372,"geometry":{"type":"LineString","coordinates":[[-105.97889,28.67036],[-105.97932,28.67104],[-105.98047,28.67282],[-105.98179,28.67481]]},"properties":{"id":1372,"nombre":"Avenida Quinta Real","clase":"secondary"}},{"type":"Feature","id":1373,"geometry":{"type":"LineString","coordinates":[[-105.9765,28.6666],[-105.97586,28.66525],[-105.97577,28.66505],[-105.9753,28.66408]]},"properties":{"id":1373,"nombre":"Avenida Quinta Real","clase":"secondary"}},{"type":"Feature","id":1374,"geometry":{"type":"LineString","coordinates":[[-105.97721,28.66864],[-105.97734,28.66884],[-105.97751,28.66906],[-105.9776,28.66916],[-105.97768,28.66923],[-105.978,28.66947],[-105.97859,28.66994],[-105.97877,28.67018],[-105.97889,28.67036]]},"properties":{"id":1374,"nombre":"Avenida Quinta Real","clase":"secondary"}},{"type":"Feature","id":1375,"geometry":{"type":"LineString","coordinates":[[-105.97758,28.66895],[-105.97751,28.66884],[-105.97738,28.66863],[-105.97735,28.66856]]},"properties":{"id":1375,"nombre":"Avenida Quinta Real","clase":"secondary"}},{"type":"Feature","id":1376,"geometry":{"type":"LineString","coordinates":[[-105.97889,28.67014],[-105.97873,28.66994],[-105.97848,28.66969],[-105.97786,28.66923],[-105.97771,28.6691],[-105.97758,28.66895]]},"properties":{"id":1376,"nombre":"Avenida Quinta Real","clase":"secondary"}},{"type":"Feature","id":1377,"geometry":{"type":"LineString","coordinates":[[-105.979,28.67032],[-105.97895,28.67024],[-105.97889,28.67014]]},"properties":{"id":1377,"nombre":"Avenida Quinta Real","clase":"secondary"}},{"type":"Feature","id":1378,"geometry":{"type":"LineString","coordinates":[[-105.98058,28.67275],[-105.97975,28.67149],[-105.97939,28.67093],[-105.979,28.67032]]},"properties":{"id":1378,"nombre":"Avenida Quinta Real","clase":"secondary"}},{"type":"Feature","id":1379,"geometry":{"type":"LineString","coordinates":[[-105.9813,28.67383],[-105.98058,28.67275]]},"properties":{"id":1379,"nombre":"Avenida Quinta Real","clase":"secondary"}},{"type":"Feature","id":1380,"geometry":{"type":"LineString","coordinates":[[-105.98189,28.67475],[-105.9813,28.67383]]},"properties":{"id":1380,"nombre":"Avenida Quinta Real","clase":"secondary"}},{"type":"Feature","id":1381,"geometry":{"type":"LineString","coordinates":[[-105.98193,28.67502],[-105.98254,28.67593],[-105.98293,28.67651],[-105.98309,28.67676],[-105.98342,28.67718],[-105.98393,28.67772],[-105.98425,28.67804],[-105.98495,28.67864],[-105.98648,28.67989]]},"properties":{"id":1381,"nombre":"Avenida Quinta Real","clase":"secondary"}},{"type":"Feature","id":1382,"geometry":{"type":"LineString","coordinates":[[-105.98297,28.67636],[-105.98204,28.67497]]},"properties":{"id":1382,"nombre":"Avenida Quinta Real","clase":"secondary"}},{"type":"Feature","id":1383,"geometry":{"type":"LineString","coordinates":[[-105.98393,28.67755],[-105.9834,28.67693],[-105.98312,28.67658],[-105.98297,28.67636]]},"properties":{"id":1383,"nombre":"Avenida Quinta Real","clase":"secondary"}},{"type":"Feature","id":1384,"geometry":{"type":"LineString","coordinates":[[-105.98512,28.67862],[-105.98432,28.67793],[-105.98399,28.67761],[-105.98393,28.67755]]},"properties":{"id":1384,"nombre":"Avenida Quinta Real","clase":"secondary"}},{"type":"Feature","id":1385,"geometry":{"type":"LineString","coordinates":[[-105.97637,28.66663],[-105.9765,28.66691],[-105.97658,28.66708],[-105.97673,28.66734],[-105.97694,28.66766],[-105.97699,28.66779],[-105.97703,28.66801]]},"properties":{"id":1385,"nombre":"Avenida Quinta Real","clase":"secondary"}},{"type":"Feature","id":1386,"geometry":{"type":"LineString","coordinates":[[-105.97668,28.66698],[-105.97662,28.66686],[-105.97654,28.66668],[-105.9765,28.6666]]},"properties":{"id":1386,"nombre":"Avenida Quinta Real","clase":"secondary"}},{"type":"Feature","id":1387,"geometry":{"type":"LineString","coordinates":[[-105.97715,28.668],[-105.97709,28.66768],[-105.97702,28.66754],[-105.97677,28.66714],[-105.97668,28.66698]]},"properties":{"id":1387,"nombre":"Avenida Quinta Real","clase":"secondary"}},{"type":"Feature","id":1388,"geometry":{"type":"LineString","coordinates":[[-105.97574,28.6653],[-105.97625,28.66638],[-105.97637,28.66663]]},"properties":{"id":1388,"nombre":"Avenida Quinta Real","clase":"secondary"}},{"type":"Feature","id":1389,"geometry":{"type":"LineString","coordinates":[[-105.99031,28.68293],[-105.98963,28.68234],[-105.98769,28.68073],[-105.9858,28.67918],[-105.98512,28.67862]]},"properties":{"id":1389,"nombre":"Avenida Quinta Real","clase":"secondary"}},{"type":"Feature","id":1390,"geometry":{"type":"LineString","coordinates":[[-105.9876,28.68083],[-105.98961,28.68247],[-105.99026,28.68299],[-105.99096,28.68353],[-105.99107,28.68362],[-105.99114,28.68367]]},"properties":{"id":1390,"nombre":"Avenida Quinta Real","clase":"secondary"}},{"type":"Feature","id":1391,"geometry":{"type":"LineString","coordinates":[[-105.98648,28.67989],[-105.9876,28.68083]]},"properties":{"id":1391,"nombre":"Avenida Quinta Real","clase":"secondary"}},{"type":"Feature","id":1392,"geometry":{"type":"LineString","coordinates":[[-105.97506,28.66394],[-105.9756,28.66502],[-105.97568,28.66518],[-105.97574,28.6653]]},"properties":{"id":1392,"nombre":"Avenida Quinta Real","clase":"secondary"}},{"type":"Feature","id":1393,"geometry":{"type":"LineString","coordinates":[[-105.99108,28.68356],[-105.99104,28.68353],[-105.99099,28.6835],[-105.99081,28.68336],[-105.99031,28.68293]]},"properties":{"id":1393,"nombre":"Avenida Quinta Real","clase":"secondary"}},{"type":"Feature","id":1394,"geometry":{"type":"LineString","coordinates":[[-106.07516,28.64382],[-106.0757,28.64326],[-106.0763,28.64257],[-106.0765,28.64234],[-106.07706,28.64177],[-106.07727,28.64163],[-106.07775,28.64142],[-106.07816,28.64129]]},"properties":{"id":1394,"nombre":"Avenida Revolución N.","clase":"trunk"}},{"type":"Feature","id":1395,"geometry":{"type":"LineString","coordinates":[[-106.07312,28.64808],[-106.0734,28.64732],[-106.07407,28.64554],[-106.07446,28.64473],[-106.07506,28.64394],[-106.07516,28.64382]]},"properties":{"id":1395,"nombre":"Avenida Revolución N.","clase":"trunk"}},{"type":"Feature","id":1396,"geometry":{"type":"LineString","coordinates":[[-106.06438,28.65902],[-106.06444,28.65865],[-106.06496,28.65745],[-106.06532,28.65636],[-106.06552,28.65549]]},"properties":{"id":1396,"nombre":"Avenida Revolución N.","clase":"primary"}},{"type":"Feature","id":1397,"geometry":{"type":"LineString","coordinates":[[-106.08221,28.61647],[-106.08406,28.61552],[-106.08512,28.61498],[-106.0862,28.61443],[-106.0886,28.61319]]},"properties":{"id":1397,"nombre":"Avenida Ricardo Flores Magón","clase":"primary"}},{"type":"Feature","id":1398,"geometry":{"type":"LineString","coordinates":[[-106.084,28.61546],[-106.08226,28.61635],[-106.08068,28.61715],[-106.0803,28.61735],[-106.07977,28.61763],[-106.07852,28.61826],[-106.07842,28.61831]]},"properties":{"id":1398,"nombre":"Avenida Ricardo Flores Magón","clase":"primary"}},{"type":"Feature","id":1399,"geometry":{"type":"LineString","coordinates":[[-106.08039,28.6174],[-106.08052,28.61732],[-106.08213,28.61651],[-106.08221,28.61647]]},"properties":{"id":1399,"nombre":"Avenida Ricardo Flores Magón","clase":"primary"}},{"type":"Feature","id":1400,"geometry":{"type":"LineString","coordinates":[[-106.07916,28.61801],[-106.07979,28.6177],[-106.08004,28.61758],[-106.08039,28.6174]]},"properties":{"id":1400,"nombre":"Avenida Ricardo Flores Magón","clase":"primary"}},{"type":"Feature","id":1401,"geometry":{"type":"LineString","coordinates":[[-106.07639,28.61934],[-106.07627,28.61938]]},"properties":{"id":1401,"nombre":"Avenida Ricardo Flores Magón","clase":"primary"}},{"type":"Feature","id":1402,"geometry":{"type":"LineString","coordinates":[[-106.07631,28.61946],[-106.07664,28.61929],[-106.07796,28.61861],[-106.07916,28.61801]]},"properties":{"id":1402,"nombre":"Avenida Ricardo Flores Magón","clase":"primary"}},{"type":"Feature","id":1403,"geometry":{"type":"LineString","coordinates":[[-106.09263,28.61106],[-106.09088,28.61195],[-106.08971,28.61255],[-106.08724,28.61381]]},"properties":{"id":1403,"nombre":"Avenida Ricardo Flores Magón","clase":"primary"}},{"type":"Feature","id":1404,"geometry":{"type":"LineString","coordinates":[[-106.0886,28.61319],[-106.09053,28.61221],[-106.09146,28.61175],[-106.09185,28.61156],[-106.0925,28.61124]]},"properties":{"id":1404,"nombre":"Avenida Ricardo Flores Magón","clase":"primary"}},{"type":"Feature","id":1405,"geometry":{"type":"LineString","coordinates":[[-106.08724,28.61381],[-106.08563,28.61463],[-106.08424,28.61534],[-106.084,28.61546]]},"properties":{"id":1405,"nombre":"Avenida Ricardo Flores Magón","clase":"primary"}},{"type":"Feature","id":1406,"geometry":{"type":"LineString","coordinates":[[-106.07715,28.61896],[-106.07657,28.61925],[-106.07639,28.61934]]},"properties":{"id":1406,"nombre":"Avenida Ricardo Flores Magón","clase":"primary"}},{"type":"Feature","id":1407,"geometry":{"type":"LineString","coordinates":[[-106.07842,28.61831],[-106.07789,28.61857],[-106.07715,28.61896]]},"properties":{"id":1407,"nombre":"Avenida Ricardo Flores Magón","clase":"primary"}},{"type":"Feature","id":1408,"geometry":{"type":"LineString","coordinates":[[-106.07618,28.61949],[-106.07631,28.61946]]},"properties":{"id":1408,"nombre":"Avenida Ricardo Flores Magón","clase":"primary"}},{"type":"Feature","id":1409,"geometry":{"type":"LineString","coordinates":[[-106.11355,28.63383],[-106.11349,28.63478],[-106.1135,28.63512],[-106.11357,28.63534],[-106.11385,28.63576],[-106.11394,28.63591],[-106.11403,28.6363],[-106.11409,28.63669]]},"properties":{"id":1409,"nombre":"Avenida Río de Janeiro","clase":"secondary"}},{"type":"Feature","id":1410,"geometry":{"type":"LineString","coordinates":[[-106.11422,28.63688],[-106.11408,28.63608],[-106.11402,28.63584],[-106.1138,28.63554],[-106.11361,28.63521],[-106.11357,28.63503],[-106.11358,28.63476],[-106.11363,28.63383]]},"properties":{"id":1410,"nombre":"Avenida Río de Janeiro","clase":"secondary"}},{"type":"Feature","id":1411,"geometry":{"type":"LineString","coordinates":[[-106.09209,28.64572],[-106.09232,28.64583],[-106.09239,28.64589],[-106.09242,28.64598],[-106.09241,28.64613],[-106.0921,28.6476],[-106.09167,28.64957],[-106.09149,28.65064],[-106.09146,28.65093],[-106.09148,28.65107]]},"properties":{"id":1411,"nombre":"Avenida San Felipe","clase":"secondary"}},{"type":"Feature","id":1412,"geometry":{"type":"LineString","coordinates":[[-106.09259,28.64565],[-106.09269,28.64526],[-106.09281,28.64455],[-106.09263,28.64497],[-106.09244,28.64517],[-106.09228,28.64528],[-106.09217,28.64534]]},"properties":{"id":1412,"nombre":"Avenida San Felipe","clase":"secondary"}},{"type":"Feature","id":1413,"geometry":{"type":"LineString","coordinates":[[-106.09398,28.64065],[-106.09363,28.64138],[-106.09346,28.64177],[-106.09311,28.64321],[-106.09284,28.64441],[-106.09281,28.64455]]},"properties":{"id":1413,"nombre":"Avenida San Felipe","clase":"secondary"}},{"type":"Feature","id":1414,"geometry":{"type":"LineString","coordinates":[[-106.09398,28.64065],[-106.09424,28.64052],[-106.09444,28.64051],[-106.09454,28.64052]]},"properties":{"id":1414,"nombre":"Avenida San Felipe","clase":"secondary"}},{"type":"Feature","id":1415,"geometry":{"type":"LineString","coordinates":[[-106.09231,28.64673],[-106.09242,28.64639],[-106.09247,28.64619],[-106.09253,28.64597],[-106.09259,28.64565]]},"properties":{"id":1415,"nombre":"Avenida San Felipe","clase":"secondary"}},{"type":"Feature","id":1416,"geometry":{"type":"LineString","coordinates":[[-106.10282,28.60179],[-106.1027,28.60186],[-106.10246,28.60209],[-106.10212,28.60243],[-106.10175,28.6028],[-106.10106,28.60349],[-106.10073,28.60381],[-106.0997,28.60481],[-106.09927,28.60522],[-106.09842,28.60598]]},"properties":{"id":1416,"nombre":"Avenida Silvestre Terrazas","clase":"primary"}},{"type":"Feature","id":1417,"geometry":{"type":"LineString","coordinates":[[-106.10612,28.59856],[-106.10665,28.59773],[-106.10717,28.59673],[-106.10746,28.59616],[-106.10833,28.59444],[-106.10887,28.59339]]},"properties":{"id":1417,"nombre":"Avenida Silvestre Terrazas","clase":"trunk"}},{"type":"Feature","id":1418,"geometry":{"type":"LineString","coordinates":[[-106.10543,28.59934],[-106.10578,28.59896],[-106.10596,28.59876],[-106.10612,28.59856]]},"properties":{"id":1418,"nombre":"Avenida Silvestre Terrazas","clase":"trunk"}},{"type":"Feature","id":1419,"geometry":{"type":"LineString","coordinates":[[-106.1105,28.58991],[-106.11029,28.59033],[-106.10855,28.59374],[-106.10751,28.59574]]},"properties":{"id":1419,"nombre":"Avenida Silvestre Terrazas","clase":"trunk"}},{"type":"Feature","id":1420,"geometry":{"type":"LineString","coordinates":[[-106.09796,28.60636],[-106.09763,28.60661],[-106.09697,28.60713],[-106.09602,28.60789],[-106.09536,28.60843],[-106.09446,28.60919],[-106.09393,28.60969],[-106.09362,28.61001],[-106.09367,28.61004],[-106.09402,28.60973],[-106.0943,28.60944]]},"properties":{"id":1420,"nombre":"Avenida Silvestre Terrazas","clase":"primary"}},{"type":"Feature","id":1421,"geometry":{"type":"LineString","coordinates":[[-106.09314,28.61054],[-106.09341,28.61026],[-106.09357,28.61009]]},"properties":{"id":1421,"nombre":"Avenida Silvestre Terrazas","clase":"primary"}},{"type":"Feature","id":1422,"geometry":{"type":"LineString","coordinates":[[-106.10204,28.60263],[-106.10227,28.60239],[-106.10241,28.60231],[-106.10255,28.60227]]},"properties":{"id":1422,"nombre":"Avenida Silvestre Terrazas","clase":"primary"}},{"type":"Feature","id":1423,"geometry":{"type":"LineString","coordinates":[[-106.1011,28.60356],[-106.10117,28.6035],[-106.10134,28.60332],[-106.10152,28.60315],[-106.10204,28.60263]]},"properties":{"id":1423,"nombre":"Avenida Silvestre Terrazas","clase":"primary"}},{"type":"Feature","id":1424,"geometry":{"type":"LineString","coordinates":[[-106.10079,28.60387],[-106.1011,28.60356]]},"properties":{"id":1424,"nombre":"Avenida Silvestre Terrazas","clase":"primary"}},{"type":"Feature","id":1425,"geometry":{"type":"LineString","coordinates":[[-106.10045,28.6042],[-106.10079,28.60387]]},"properties":{"id":1425,"nombre":"Avenida Silvestre Terrazas","clase":"primary"}},{"type":"Feature","id":1426,"geometry":{"type":"LineString","coordinates":[[-106.0998,28.60485],[-106.10045,28.6042]]},"properties":{"id":1426,"nombre":"Avenida Silvestre Terrazas","clase":"primary"}},{"type":"Feature","id":1427,"geometry":{"type":"LineString","coordinates":[[-106.09938,28.60526],[-106.0998,28.60485]]},"properties":{"id":1427,"nombre":"Avenida Silvestre Terrazas","clase":"primary"}},{"type":"Feature","id":1428,"geometry":{"type":"LineString","coordinates":[[-106.09894,28.60564],[-106.09938,28.60526]]},"properties":{"id":1428,"nombre":"Avenida Silvestre Terrazas","clase":"primary"}},{"type":"Feature","id":1429,"geometry":{"type":"LineString","coordinates":[[-106.09842,28.60598],[-106.09796,28.60636]]},"properties":{"id":1429,"nombre":"Avenida Silvestre Terrazas","clase":"primary"}},{"type":"Feature","id":1430,"geometry":{"type":"LineString","coordinates":[[-106.0985,28.60605],[-106.09894,28.60564]]},"properties":{"id":1430,"nombre":"Avenida Silvestre Terrazas","clase":"primary"}},{"type":"Feature","id":1431,"geometry":{"type":"LineString","coordinates":[[-106.09804,28.60642],[-106.0985,28.60605]]},"properties":{"id":1431,"nombre":"Avenida Silvestre Terrazas","clase":"primary"}},{"type":"Feature","id":1432,"geometry":{"type":"LineString","coordinates":[[-106.09754,28.60681],[-106.09771,28.60668],[-106.09804,28.60642]]},"properties":{"id":1432,"nombre":"Avenida Silvestre Terrazas","clase":"primary"}},{"type":"Feature","id":1433,"geometry":{"type":"LineString","coordinates":[[-106.09705,28.60719],[-106.09754,28.60681]]},"properties":{"id":1433,"nombre":"Avenida Silvestre Terrazas","clase":"primary"}},{"type":"Feature","id":1434,"geometry":{"type":"LineString","coordinates":[[-106.09656,28.60758],[-106.09705,28.60719]]},"properties":{"id":1434,"nombre":"Avenida Silvestre Terrazas","clase":"primary"}},{"type":"Feature","id":1435,"geometry":{"type":"LineString","coordinates":[[-106.0961,28.60795],[-106.09656,28.60758]]},"properties":{"id":1435,"nombre":"Avenida Silvestre Terrazas","clase":"primary"}},{"type":"Feature","id":1436,"geometry":{"type":"LineString","coordinates":[[-106.09458,28.60918],[-106.09487,28.60893],[-106.0952,28.60867],[-106.09577,28.6082],[-106.0961,28.60795]]},"properties":{"id":1436,"nombre":"Avenida Silvestre Terrazas","clase":"primary"}},{"type":"Feature","id":1437,"geometry":{"type":"LineString","coordinates":[[-106.0943,28.60944],[-106.09458,28.60918]]},"properties":{"id":1437,"nombre":"Avenida Silvestre Terrazas","clase":"primary"}},{"type":"Feature","id":1438,"geometry":{"type":"LineString","coordinates":[[-106.10942,28.59233],[-106.11017,28.59087],[-106.11042,28.59033],[-106.11055,28.5901],[-106.11064,28.5899]]},"properties":{"id":1438,"nombre":"Avenida Silvestre Terrazas","clase":"trunk"}},{"type":"Feature","id":1439,"geometry":{"type":"LineString","coordinates":[[-106.10913,28.59287],[-106.10942,28.59233]]},"properties":{"id":1439,"nombre":"Avenida Silvestre Terrazas","clase":"trunk"}},{"type":"Feature","id":1440,"geometry":{"type":"LineString","coordinates":[[-106.10887,28.59339],[-106.10913,28.59287]]},"properties":{"id":1440,"nombre":"Avenida Silvestre Terrazas","clase":"trunk"}},{"type":"Feature","id":1441,"geometry":{"type":"LineString","coordinates":[[-106.10524,28.59953],[-106.10543,28.59934]]},"properties":{"id":1441,"nombre":"Avenida Silvestre Terrazas","clase":"trunk"}},{"type":"Feature","id":1442,"geometry":{"type":"LineString","coordinates":[[-106.10514,28.59945],[-106.10327,28.60131],[-106.10289,28.6017],[-106.10282,28.60179]]},"properties":{"id":1442,"nombre":"Avenida Silvestre Terrazas","clase":"trunk"}},{"type":"Feature","id":1443,"geometry":{"type":"LineString","coordinates":[[-106.10751,28.59574],[-106.10634,28.59801],[-106.10601,28.59849],[-106.10555,28.59902],[-106.10522,28.59936],[-106.10514,28.59945]]},"properties":{"id":1443,"nombre":"Avenida Silvestre Terrazas","clase":"trunk"}},{"type":"Feature","id":1444,"geometry":{"type":"LineString","coordinates":[[-106.14737,28.72881],[-106.14801,28.72954],[-106.14818,28.72971],[-106.14928,28.73084],[-106.15009,28.73165],[-106.15078,28.73235],[-106.15183,28.73342],[-106.15224,28.73384]]},"properties":{"id":1444,"nombre":"Avenida Tecnológico","clase":"trunk"}},{"type":"Feature","id":1445,"geometry":{"type":"LineString","coordinates":[[-106.1104,28.68799],[-106.11069,28.68841],[-106.11107,28.68879],[-106.11187,28.68964],[-106.1126,28.69039],[-106.11334,28.69115],[-106.11406,28.6919],[-106.11444,28.69228]]},"properties":{"id":1445,"nombre":"Avenida Tecnológico","clase":"primary"}},{"type":"Feature","id":1446,"geometry":{"type":"LineString","coordinates":[[-106.11067,28.68364],[-106.11084,28.68389],[-106.11102,28.68431],[-106.1111,28.68477],[-106.11107,28.68509],[-106.11093,28.68552],[-106.11057,28.68637],[-106.1103,28.68704],[-106.11025,28.68733],[-106.1103,28.68771],[-106.1104,28.68799]]},"properties":{"id":1446,"nombre":"Avenida Tecnológico","clase":"primary"}},{"type":"Feature","id":1447,"geometry":{"type":"LineString","coordinates":[[-106.08784,28.66383],[-106.08889,28.66475],[-106.08911,28.66493],[-106.09132,28.66684],[-106.09215,28.66758],[-106.09256,28.66793]]},"properties":{"id":1447,"nombre":"Avenida Tecnológico","clase":"primary"}},{"type":"Feature","id":1448,"geometry":{"type":"LineString","coordinates":[[-106.10389,28.67774],[-106.10482,28.67856],[-106.10495,28.67867],[-106.10551,28.67915],[-106.10608,28.6796],[-106.10631,28.67979],[-106.10895,28.6821],[-106.10909,28.68221]]},"properties":{"id":1448,"nombre":"Avenida Tecnológico","clase":"primary"}},{"type":"Feature","id":1449,"geometry":{"type":"LineString","coordinates":[[-106.15562,28.737],[-106.1554,28.73675],[-106.15264,28.73398],[-106.15122,28.73253],[-106.15039,28.73168],[-106.15007,28.73135]]},"properties":{"id":1449,"nombre":"Avenida Tecnológico","clase":"trunk"}},{"type":"Feature","id":1450,"geometry":{"type":"LineString","coordinates":[[-106.08801,28.66376],[-106.08704,28.66293],[-106.0863,28.66231],[-106.08579,28.66187],[-106.08517,28.66132],[-106.08384,28.66015],[-106.08366,28.65999],[-106.08264,28.65911],[-106.08124,28.6579],[-106.08061,28.65736],[-106.07997,28.65678]]},"properties":{"id":1450,"nombre":"Avenida Tecnológico","clase":"primary"}},{"type":"Feature","id":1451,"geometry":{"type":"LineString","coordinates":[[-106.10491,28.6784],[-106.10459,28.67813],[-106.1045,28.67805],[-106.10373,28.67739],[-106.10333,28.67704],[-106.10304,28.67678],[-106.10246,28.67629],[-106.10203,28.67591],[-106.10122,28.67519],[-106.10009,28.6742]]},"properties":{"id":1451,"nombre":"Avenida Tecnológico","clase":"primary"}},{"type":"Feature","id":1452,"geometry":{"type":"LineString","coordinates":[[-106.12595,28.70421],[-106.128,28.70634],[-106.12918,28.70761],[-106.13202,28.71053],[-106.13267,28.71121]]},"properties":{"id":1452,"nombre":"Avenida Tecnológico","clase":"primary"}},{"type":"Feature","id":1453,"geometry":{"type":"LineString","coordinates":[[-106.11589,28.69383],[-106.11661,28.69458],[-106.11733,28.69533],[-106.11806,28.69608],[-106.11874,28.69679],[-106.11953,28.69759],[-106.12022,28.6983]]},"properties":{"id":1453,"nombre":"Avenida Tecnológico","clase":"primary"}},{"type":"Feature","id":1454,"geometry":{"type":"LineString","coordinates":[[-106.11076,28.68355],[-106.10955,28.68249],[-106.10926,28.68225],[-106.10908,28.6821],[-106.10641,28.67978],[-106.10623,28.67962],[-106.10608,28.67948]]},"properties":{"id":1454,"nombre":"Avenida Tecnológico","clase":"primary"}},{"type":"Feature","id":1455,"geometry":{"type":"LineString","coordinates":[[-106.07974,28.65659],[-106.07946,28.65645],[-106.07964,28.65667],[-106.08023,28.65721],[-106.08113,28.65799],[-106.08242,28.65912],[-106.08343,28.66001],[-106.08372,28.66026],[-106.08446,28.66091]]},"properties":{"id":1455,"nombre":"Avenida Tecnológico","clase":"primary"}},{"type":"Feature","id":1456,"geometry":{"type":"LineString","coordinates":[[-106.0788,28.6559],[-106.07933,28.65633],[-106.07946,28.65645]]},"properties":{"id":1456,"nombre":"Avenida Tecnológico","clase":"primary"}},{"type":"Feature","id":1457,"geometry":{"type":"LineString","coordinates":[[-106.0788,28.6559],[-106.07838,28.65553],[-106.07749,28.65476],[-106.07692,28.65428],[-106.07624,28.65367],[-106.0754,28.65294],[-106.07453,28.6521],[-106.07372,28.65139],[-106.07361,28.65129]]},"properties":{"id":1457,"nombre":"Avenida Tecnológico","clase":"primary"}},{"type":"Feature","id":1458,"geometry":{"type":"LineString","coordinates":[[-106.14591,28.72643],[-106.14643,28.72743],[-106.14685,28.72812],[-106.14716,28.72855],[-106.14737,28.72881]]},"properties":{"id":1458,"nombre":"Avenida Tecnológico","clase":"trunk"}},{"type":"Feature","id":1459,"geometry":{"type":"LineString","coordinates":[[-106.14688,28.72775],[-106.14515,28.72479],[-106.14419,28.72314],[-106.14377,28.72255]]},"properties":{"id":1459,"nombre":"Avenida Tecnológico","clase":"primary"}},{"type":"Feature","id":1460,"geometry":{"type":"LineString","coordinates":[[-106.14377,28.72255],[-106.14289,28.72156],[-106.14151,28.72012],[-106.13986,28.71841],[-106.13944,28.71798]]},"properties":{"id":1460,"nombre":"Avenida Tecnológico","clase":"primary"}},{"type":"Feature","id":1461,"geometry":{"type":"LineString","coordinates":[[-106.14244,28.72135],[-106.14336,28.72228],[-106.14371,28.72269],[-106.14399,28.72307],[-106.14419,28.72342],[-106.14458,28.72409],[-106.14591,28.72643]]},"properties":{"id":1461,"nombre":"Avenida Tecnológico","clase":"primary"}},{"type":"Feature","id":1462,"geometry":{"type":"LineString","coordinates":[[-106.12675,28.70487],[-106.12611,28.7042],[-106.12355,28.70149],[-106.12277,28.70069]]},"properties":{"id":1462,"nombre":"Avenida Tecnológico","clase":"primary"}},{"type":"Feature","id":1463,"geometry":{"type":"LineString","coordinates":[[-106.12418,28.70238],[-106.12571,28.70395],[-106.12595,28.70421]]},"properties":{"id":1463,"nombre":"Avenida Tecnológico","clase":"primary"}},{"type":"Feature","id":1464,"geometry":{"type":"LineString","coordinates":[[-106.12841,28.70657],[-106.12675,28.70487]]},"properties":{"id":1464,"nombre":"Avenida Tecnológico","clase":"primary"}},{"type":"Feature","id":1465,"geometry":{"type":"LineString","coordinates":[[-106.07272,28.65065],[-106.07353,28.65134],[-106.07421,28.65193],[-106.07457,28.65221]]},"properties":{"id":1465,"nombre":"Avenida Tecnológico","clase":"primary"}},{"type":"Feature","id":1466,"geometry":{"type":"LineString","coordinates":[[-106.08645,28.66264],[-106.08691,28.66301],[-106.08721,28.66327],[-106.0875,28.66356],[-106.08784,28.66383]]},"properties":{"id":1466,"nombre":"Avenida Tecnológico","clase":"primary"}},{"type":"Feature","id":1467,"geometry":{"type":"LineString","coordinates":[[-106.10941,28.6825],[-106.11024,28.68323],[-106.11059,28.68356],[-106.11067,28.68364]]},"properties":{"id":1467,"nombre":"Avenida Tecnológico","clase":"primary"}},{"type":"Feature","id":1468,"geometry":{"type":"LineString","coordinates":[[-106.11311,28.69065],[-106.11214,28.68964],[-106.11203,28.68953],[-106.11122,28.68869],[-106.11081,28.68825],[-106.11067,28.68808],[-106.11053,28.68779],[-106.11047,28.68749],[-106.11048,28.6871],[-106.11059,28.68679],[-106.11096,28.68591]]},"properties":{"id":1468,"nombre":"Avenida Tecnológico","clase":"primary"}},{"type":"Feature","id":1469,"geometry":{"type":"LineString","coordinates":[[-106.11348,28.69104],[-106.11311,28.69065]]},"properties":{"id":1469,"nombre":"Avenida Tecnológico","clase":"primary"}},{"type":"Feature","id":1470,"geometry":{"type":"LineString","coordinates":[[-106.11417,28.69176],[-106.11384,28.69142],[-106.11348,28.69104]]},"properties":{"id":1470,"nombre":"Avenida Tecnológico","clase":"primary"}},{"type":"Feature","id":1471,"geometry":{"type":"LineString","coordinates":[[-106.09772,28.67238],[-106.0985,28.67306],[-106.09895,28.67345],[-106.10171,28.67587],[-106.10259,28.67662]]},"properties":{"id":1471,"nombre":"Avenida Tecnológico","clase":"primary"}},{"type":"Feature","id":1472,"geometry":{"type":"LineString","coordinates":[[-106.09689,28.67166],[-106.09772,28.67238]]},"properties":{"id":1472,"nombre":"Avenida Tecnológico","clase":"primary"}},{"type":"Feature","id":1473,"geometry":{"type":"LineString","coordinates":[[-106.10288,28.67687],[-106.1029,28.67688],[-106.10339,28.67731],[-106.10389,28.67774]]},"properties":{"id":1473,"nombre":"Avenida Tecnológico","clase":"primary"}},{"type":"Feature","id":1474,"geometry":{"type":"LineString","coordinates":[[-106.091,28.66636],[-106.08999,28.66549],[-106.08962,28.66517],[-106.08899,28.66462],[-106.08807,28.66381],[-106.08801,28.66376]]},"properties":{"id":1474,"nombre":"Avenida Tecnológico","clase":"primary"}},{"type":"Feature","id":1475,"geometry":{"type":"LineString","coordinates":[[-106.11473,28.69261],[-106.11554,28.69345],[-106.11589,28.69383]]},"properties":{"id":1475,"nombre":"Avenida Tecnológico","clase":"primary"}},{"type":"Feature","id":1476,"geometry":{"type":"LineString","coordinates":[[-106.10539,28.67882],[-106.10491,28.6784]]},"properties":{"id":1476,"nombre":"Avenida Tecnológico","clase":"primary"}},{"type":"Feature","id":1477,"geometry":{"type":"LineString","coordinates":[[-106.10909,28.68221],[-106.10941,28.6825]]},"properties":{"id":1477,"nombre":"Avenida Tecnológico","clase":"primary"}},{"type":"Feature","id":1478,"geometry":{"type":"LineString","coordinates":[[-106.11444,28.69228],[-106.11473,28.69261]]},"properties":{"id":1478,"nombre":"Avenida Tecnológico","clase":"primary"}},{"type":"Feature","id":1479,"geometry":{"type":"LineString","coordinates":[[-106.11886,28.69662],[-106.11875,28.69652],[-106.1185,28.69626],[-106.11668,28.69436],[-106.11637,28.69404],[-106.11605,28.69372],[-106.11561,28.69326],[-106.11495,28.69257],[-106.11469,28.6923],[-106.11417,28.69176]]},"properties":{"id":1479,"nombre":"Avenida Tecnológico","clase":"primary"}},{"type":"Feature","id":1480,"geometry":{"type":"LineString","coordinates":[[-106.12022,28.6983],[-106.12058,28.69866],[-106.12115,28.69924],[-106.12156,28.69964],[-106.12276,28.70092],[-106.12345,28.70164],[-106.12418,28.70238]]},"properties":{"id":1480,"nombre":"Avenida Tecnológico","clase":"primary"}},{"type":"Feature","id":1481,"geometry":{"type":"LineString","coordinates":[[-106.12143,28.69929],[-106.12113,28.69898],[-106.11965,28.69743],[-106.11908,28.69685],[-106.11886,28.69662]]},"properties":{"id":1481,"nombre":"Avenida Tecnológico","clase":"primary"}},{"type":"Feature","id":1482,"geometry":{"type":"LineString","coordinates":[[-106.10608,28.67948],[-106.1059,28.67932],[-106.10539,28.67882]]},"properties":{"id":1482,"nombre":"Avenida Tecnológico","clase":"primary"}},{"type":"Feature","id":1483,"geometry":{"type":"LineString","coordinates":[[-106.0915,28.66679],[-106.09145,28.66675],[-106.091,28.66636]]},"properties":{"id":1483,"nombre":"Avenida Tecnológico","clase":"primary"}},{"type":"Feature","id":1484,"geometry":{"type":"LineString","coordinates":[[-106.09223,28.66743],[-106.0915,28.66679]]},"properties":{"id":1484,"nombre":"Avenida Tecnológico","clase":"primary"}},{"type":"Feature","id":1485,"geometry":{"type":"LineString","coordinates":[[-106.09315,28.66823],[-106.0929,28.668],[-106.09223,28.66743]]},"properties":{"id":1485,"nombre":"Avenida Tecnológico","clase":"primary"}},{"type":"Feature","id":1486,"geometry":{"type":"LineString","coordinates":[[-106.09402,28.66897],[-106.09363,28.66863],[-106.09315,28.66823]]},"properties":{"id":1486,"nombre":"Avenida Tecnológico","clase":"primary"}},{"type":"Feature","id":1487,"geometry":{"type":"LineString","coordinates":[[-106.09384,28.66903],[-106.09443,28.66955],[-106.09487,28.66993],[-106.09651,28.67134],[-106.09689,28.67166]]},"properties":{"id":1487,"nombre":"Avenida Tecnológico","clase":"primary"}},{"type":"Feature","id":1488,"geometry":{"type":"LineString","coordinates":[[-106.09504,28.66986],[-106.09484,28.66968],[-106.09468,28.66955],[-106.09451,28.6694],[-106.09402,28.66897]]},"properties":{"id":1488,"nombre":"Avenida Tecnológico","clase":"primary"}},{"type":"Feature","id":1489,"geometry":{"type":"LineString","coordinates":[[-106.09536,28.67014],[-106.09504,28.66986]]},"properties":{"id":1489,"nombre":"Avenida Tecnológico","clase":"primary"}},{"type":"Feature","id":1490,"geometry":{"type":"LineString","coordinates":[[-106.0957,28.67043],[-106.09536,28.67014]]},"properties":{"id":1490,"nombre":"Avenida Tecnológico","clase":"primary"}},{"type":"Feature","id":1491,"geometry":{"type":"LineString","coordinates":[[-106.09603,28.67072],[-106.0957,28.67043]]},"properties":{"id":1491,"nombre":"Avenida Tecnológico","clase":"primary"}},{"type":"Feature","id":1492,"geometry":{"type":"LineString","coordinates":[[-106.0967,28.6713],[-106.09603,28.67072]]},"properties":{"id":1492,"nombre":"Avenida Tecnológico","clase":"primary"}},{"type":"Feature","id":1493,"geometry":{"type":"LineString","coordinates":[[-106.09705,28.6716],[-106.0967,28.6713]]},"properties":{"id":1493,"nombre":"Avenida Tecnológico","clase":"primary"}},{"type":"Feature","id":1494,"geometry":{"type":"LineString","coordinates":[[-106.09805,28.67246],[-106.09736,28.67186],[-106.09705,28.6716]]},"properties":{"id":1494,"nombre":"Avenida Tecnológico","clase":"primary"}},{"type":"Feature","id":1495,"geometry":{"type":"LineString","coordinates":[[-106.09846,28.67282],[-106.09805,28.67246]]},"properties":{"id":1495,"nombre":"Avenida Tecnológico","clase":"primary"}},{"type":"Feature","id":1496,"geometry":{"type":"LineString","coordinates":[[-106.10009,28.6742],[-106.09905,28.67333],[-106.09885,28.67316],[-106.09846,28.67282]]},"properties":{"id":1496,"nombre":"Avenida Tecnológico","clase":"primary"}},{"type":"Feature","id":1497,"geometry":{"type":"LineString","coordinates":[[-106.09256,28.66793],[-106.09297,28.6683],[-106.09317,28.66847],[-106.09384,28.66903]]},"properties":{"id":1497,"nombre":"Avenida Tecnológico","clase":"primary"}},{"type":"Feature","id":1498,"geometry":{"type":"LineString","coordinates":[[-106.13944,28.71798],[-106.1376,28.71607],[-106.13689,28.71532],[-106.13434,28.71267]]},"properties":{"id":1498,"nombre":"Avenida Tecnológico","clase":"primary"}},{"type":"Feature","id":1499,"geometry":{"type":"LineString","coordinates":[[-106.08446,28.66091],[-106.08527,28.66162],[-106.08605,28.66231],[-106.08645,28.66264]]},"properties":{"id":1499,"nombre":"Avenida Tecnológico","clase":"primary"}},{"type":"Feature","id":1500,"geometry":{"type":"LineString","coordinates":[[-106.12277,28.70069],[-106.12264,28.70054],[-106.12143,28.69929]]},"properties":{"id":1500,"nombre":"Avenida Tecnológico","clase":"primary"}},{"type":"Feature","id":1501,"geometry":{"type":"LineString","coordinates":[[-106.12853,28.70667],[-106.12841,28.70657]]},"properties":{"id":1501,"nombre":"Avenida Tecnológico","clase":"primary"}},{"type":"Feature","id":1502,"geometry":{"type":"LineString","coordinates":[[-106.13283,28.71109],[-106.13065,28.70885],[-106.12976,28.70792],[-106.12853,28.70667]]},"properties":{"id":1502,"nombre":"Avenida Tecnológico","clase":"primary"}},{"type":"Feature","id":1503,"geometry":{"type":"LineString","coordinates":[[-106.13399,28.71231],[-106.13283,28.71109]]},"properties":{"id":1503,"nombre":"Avenida Tecnológico","clase":"primary"}},{"type":"Feature","id":1504,"geometry":{"type":"LineString","coordinates":[[-106.13434,28.71267],[-106.13399,28.71231]]},"properties":{"id":1504,"nombre":"Avenida Tecnológico","clase":"primary"}},{"type":"Feature","id":1505,"geometry":{"type":"LineString","coordinates":[[-106.15224,28.73384],[-106.15533,28.73699],[-106.15555,28.73721],[-106.15569,28.73735]]},"properties":{"id":1505,"nombre":"Avenida Tecnológico","clase":"trunk"}},{"type":"Feature","id":1506,"geometry":{"type":"LineString","coordinates":[[-106.14833,28.7296],[-106.14799,28.72923],[-106.14737,28.72846],[-106.14688,28.72775]]},"properties":{"id":1506,"nombre":"Avenida Tecnológico","clase":"trunk"}},{"type":"Feature","id":1507,"geometry":{"type":"LineString","coordinates":[[-106.13267,28.71121],[-106.13361,28.71219],[-106.13541,28.71404],[-106.13673,28.71543]]},"properties":{"id":1507,"nombre":"Avenida Tecnológico","clase":"primary"}},{"type":"Feature","id":1508,"geometry":{"type":"LineString","coordinates":[[-106.11096,28.68591],[-106.11109,28.68558],[-106.11119,28.68531],[-106.11125,28.68496],[-106.11124,28.68448],[-106.11119,28.68428],[-106.11113,28.68411],[-106.11096,28.68379],[-106.11076,28.68355]]},"properties":{"id":1508,"nombre":"Avenida Tecnológico","clase":"primary"}},{"type":"Feature","id":1509,"geometry":{"type":"LineString","coordinates":[[-106.07997,28.65678],[-106.07974,28.65659]]},"properties":{"id":1509,"nombre":"Avenida Tecnológico","clase":"primary"}},{"type":"Feature","id":1510,"geometry":{"type":"LineString","coordinates":[[-106.13673,28.71543],[-106.13746,28.71617],[-106.1379,28.71662],[-106.13813,28.71685],[-106.13835,28.71709],[-106.13922,28.71801],[-106.14011,28.71892],[-106.14187,28.72076],[-106.14244,28.72135]]},"properties":{"id":1510,"nombre":"Avenida Tecnológico","clase":"primary"}},{"type":"Feature","id":1511,"geometry":{"type":"LineString","coordinates":[[-106.07361,28.65129],[-106.07286,28.65064],[-106.0728,28.65058]]},"properties":{"id":1511,"nombre":"Avenida Tecnológico","clase":"primary"}},{"type":"Feature","id":1512,"geometry":{"type":"LineString","coordinates":[[-106.15007,28.73135],[-106.14922,28.7305],[-106.14843,28.72969],[-106.14833,28.7296]]},"properties":{"id":1512,"nombre":"Avenida Tecnológico","clase":"trunk"}},{"type":"Feature","id":1513,"geometry":{"type":"LineString","coordinates":[[-106.10259,28.67662],[-106.10288,28.67687]]},"properties":{"id":1513,"nombre":"Avenida Tecnológico","clase":"primary"}},{"type":"Feature","id":1514,"geometry":{"type":"LineString","coordinates":[[-106.07252,28.64886],[-106.07272,28.64865],[-106.07289,28.64842],[-106.0731,28.6481],[-106.07312,28.64808]]},"properties":{"id":1514,"nombre":"Avenida Teofilo Borunda","clase":"trunk"}},{"type":"Feature","id":1515,"geometry":{"type":"LineString","coordinates":[[-106.06699,28.65252],[-106.06756,28.65209],[-106.07022,28.65036],[-106.07051,28.65018],[-106.07144,28.64958],[-106.07186,28.64931],[-106.07252,28.64886]]},"properties":{"id":1515,"nombre":"Avenida Teofilo Borunda","clase":"trunk"}},{"type":"Feature","id":1516,"geometry":{"type":"LineString","coordinates":[[-106.06694,28.65257],[-106.06699,28.65252]]},"properties":{"id":1516,"nombre":"Avenida Teofilo Borunda","clase":"trunk"}},{"type":"Feature","id":1517,"geometry":{"type":"LineString","coordinates":[[-106.06548,28.65605],[-106.06556,28.65529],[-106.06578,28.65408],[-106.06596,28.65357],[-106.06609,28.65334],[-106.06643,28.65299],[-106.06694,28.65257]]},"properties":{"id":1517,"nombre":"Avenida Teofilo Borunda","clase":"trunk"}},{"type":"Feature","id":1518,"geometry":{"type":"LineString","coordinates":[[-106.15115,28.58904],[-106.15186,28.5886],[-106.15239,28.58816],[-106.15263,28.58794],[-106.15286,28.58766],[-106.15299,28.5875],[-106.15301,28.58744],[-106.15296,28.58748],[-106.15284,28.5876],[-106.15272,28.58766],[-106.15257,28.58771],[-106.15236,28.58772],[-106.15187,28.58779],[-106.15153,28.5879],[-106.15099,28.58828],[-106.15026,28.58866],[-106.14925,28.589],[-106.14859,28.58913],[-106.14824,28.58917],[-106.14762,28.58923],[-106.14607,28.58939],[-106.14452,28.58955]]},"properties":{"id":1518,"nombre":"Avenida Teofilo Borunda","clase":"primary"}},{"type":"Feature","id":1519,"geometry":{"type":"LineString","coordinates":[[-106.12879,28.59475],[-106.12773,28.59599],[-106.12741,28.59636],[-106.12703,28.5968],[-106.12636,28.59759],[-106.12618,28.59778],[-106.12561,28.59845],[-106.12518,28.59895],[-106.12497,28.59919]]},"properties":{"id":1519,"nombre":"Avenida Teofilo Borunda","clase":"primary"}},{"type":"Feature","id":1520,"geometry":{"type":"LineString","coordinates":[[-106.12497,28.59919],[-106.12434,28.59995],[-106.12425,28.60004],[-106.12407,28.60025],[-106.12322,28.60124],[-106.12295,28.60158]]},"properties":{"id":1520,"nombre":"Avenida Teofilo Borunda","clase":"primary"}},{"type":"Feature","id":1521,"geometry":{"type":"LineString","coordinates":[[-106.12768,28.59722],[-106.13049,28.59393],[-106.13144,28.59285],[-106.13222,28.59214],[-106.13286,28.59175],[-106.13365,28.59144],[-106.13436,28.59126],[-106.1356,28.59113],[-106.13644,28.59106],[-106.13841,28.59086],[-106.14077,28.59063],[-106.14202,28.5905]]},"properties":{"id":1521,"nombre":"Avenida Teofilo Borunda","clase":"primary"}},{"type":"Feature","id":1522,"geometry":{"type":"LineString","coordinates":[[-106.06872,28.65142],[-106.06898,28.65125],[-106.06916,28.65115],[-106.07013,28.6505],[-106.07026,28.65041],[-106.07035,28.65032],[-106.07038,28.65026]]},"properties":{"id":1522,"nombre":"Avenida Teofilo Borunda","clase":"trunk"}},{"type":"Feature","id":1523,"geometry":{"type":"LineString","coordinates":[[-106.12589,28.5993],[-106.12662,28.59846],[-106.12669,28.59838],[-106.12744,28.59751],[-106.12768,28.59722]]},"properties":{"id":1523,"nombre":"Avenida Teofilo Borunda","clase":"primary"}},{"type":"Feature","id":1524,"geometry":{"type":"LineString","coordinates":[[-106.12515,28.60016],[-106.12554,28.59973],[-106.12588,28.59931],[-106.12589,28.5993]]},"properties":{"id":1524,"nombre":"Avenida Teofilo Borunda","clase":"primary"}},{"type":"Feature","id":1525,"geometry":{"type":"LineString","coordinates":[[-106.06756,28.65216],[-106.06776,28.65204],[-106.06857,28.65151],[-106.06872,28.65142]]},"properties":{"id":1525,"nombre":"Avenida Teofilo Borunda","clase":"trunk"}},{"type":"Feature","id":1526,"geometry":{"type":"LineString","coordinates":[[-106.14202,28.5905],[-106.14357,28.59034],[-106.14739,28.58997],[-106.14809,28.58991],[-106.14834,28.58988],[-106.14882,28.58981],[-106.14951,28.58968],[-106.14985,28.58959]]},"properties":{"id":1526,"nombre":"Avenida Teofilo Borunda","clase":"primary"}},{"type":"Feature","id":1527,"geometry":{"type":"LineString","coordinates":[[-106.14235,28.58976],[-106.14153,28.58984],[-106.14056,28.58993],[-106.13904,28.59009],[-106.13796,28.5902],[-106.13586,28.5904],[-106.13469,28.59051],[-106.13366,28.59071],[-106.13279,28.59099],[-106.13209,28.59134],[-106.13152,28.59175],[-106.13098,28.59225],[-106.13055,28.59271]]},"properties":{"id":1527,"nombre":"Avenida Teofilo Borunda","clase":"primary"}},{"type":"Feature","id":1528,"geometry":{"type":"LineString","coordinates":[[-106.06541,28.65634],[-106.06548,28.65605]]},"properties":{"id":1528,"nombre":"Avenida Teofilo Borunda","clase":"trunk"}},{"type":"Feature","id":1529,"geometry":{"type":"LineString","coordinates":[[-106.14985,28.58959],[-106.15001,28.58954],[-106.15018,28.58947],[-106.15061,28.58931],[-106.15115,28.58904]]},"properties":{"id":1529,"nombre":"Avenida Teofilo Borunda","clase":"primary"}},{"type":"Feature","id":1530,"geometry":{"type":"LineString","coordinates":[[-106.05948,28.65911],[-106.06031,28.65952],[-106.06115,28.65966],[-106.06207,28.65969],[-106.06253,28.65975],[-106.06309,28.65987],[-106.06352,28.65987],[-106.06393,28.65972],[-106.06419,28.65951],[-106.06437,28.65926],[-106.06446,28.65902],[-106.06461,28.65846],[-106.06485,28.65787],[-106.06528,28.65684],[-106.06541,28.65634]]},"properties":{"id":1530,"nombre":"Avenida Teofilo Borunda","clase":"trunk"}},{"type":"Feature","id":1531,"geometry":{"type":"LineString","coordinates":[[-106.13055,28.59271],[-106.12998,28.59337],[-106.12911,28.59439],[-106.12892,28.59461],[-106.12879,28.59475]]},"properties":{"id":1531,"nombre":"Avenida Teofilo Borunda","clase":"primary"}},{"type":"Feature","id":1532,"geometry":{"type":"LineString","coordinates":[[-106.14452,28.58955],[-106.14345,28.58966],[-106.14235,28.58976]]},"properties":{"id":1532,"nombre":"Avenida Teofilo Borunda","clase":"primary"}},{"type":"Feature","id":1533,"geometry":{"type":"LineString","coordinates":[[-106.08516,28.63779],[-106.08528,28.63734],[-106.08528,28.63689],[-106.0851,28.63633],[-106.08472,28.63571],[-106.08424,28.63502],[-106.08374,28.63426],[-106.08355,28.63383],[-106.08341,28.6335],[-106.08333,28.63308],[-106.08334,28.63245],[-106.08347,28.63185],[-106.08371,28.63131],[-106.08408,28.63075],[-106.08458,28.63006]]},"properties":{"id":1533,"nombre":"Avenida Teófilo Borunda","clase":"trunk"}},{"type":"Feature","id":1534,"geometry":{"type":"LineString","coordinates":[[-106.08349,28.632],[-106.08359,28.6317],[-106.08369,28.63149],[-106.08389,28.63113],[-106.08444,28.63041],[-106.08493,28.62979],[-106.08544,28.62924],[-106.08603,28.62876],[-106.08661,28.6284],[-106.08773,28.6278]]},"properties":{"id":1534,"nombre":"Avenida Teófilo Borunda","clase":"secondary"}},{"type":"Feature","id":1535,"geometry":{"type":"LineString","coordinates":[[-106.0831,28.63398],[-106.08315,28.63411],[-106.08324,28.63424],[-106.08333,28.63433]]},"properties":{"id":1535,"nombre":"Avenida Teófilo Borunda","clase":"secondary"}},{"type":"Feature","id":1536,"geometry":{"type":"LineString","coordinates":[[-106.08305,28.63382],[-106.0831,28.63398]]},"properties":{"id":1536,"nombre":"Avenida Teófilo Borunda","clase":"secondary"}},{"type":"Feature","id":1537,"geometry":{"type":"LineString","coordinates":[[-106.08411,28.63918],[-106.08449,28.63869],[-106.0849,28.63819],[-106.08504,28.638],[-106.08516,28.63779]]},"properties":{"id":1537,"nombre":"Avenida Teófilo Borunda","clase":"trunk"}},{"type":"Feature","id":1538,"geometry":{"type":"LineString","coordinates":[[-106.1184,28.60587],[-106.11797,28.60608],[-106.11639,28.60688],[-106.11483,28.60761],[-106.11252,28.60877]]},"properties":{"id":1538,"nombre":"Avenida Teófilo Borunda","clase":"primary"}},{"type":"Feature","id":1539,"geometry":{"type":"LineString","coordinates":[[-106.1185,28.60601],[-106.119,28.60576],[-106.11978,28.60537],[-106.12072,28.6048],[-106.12156,28.60411],[-106.12204,28.60364],[-106.12324,28.60239],[-106.12347,28.60214]]},"properties":{"id":1539,"nombre":"Avenida Teófilo Borunda","clase":"primary"}},{"type":"Feature","id":1540,"geometry":{"type":"LineString","coordinates":[[-106.11252,28.60877],[-106.11174,28.60914],[-106.11122,28.6093],[-106.11091,28.60936],[-106.11057,28.60939],[-106.11035,28.6094]]},"properties":{"id":1540,"nombre":"Avenida Teófilo Borunda","clase":"primary"}},{"type":"Feature","id":1541,"geometry":{"type":"LineString","coordinates":[[-106.11023,28.60985],[-106.11059,28.6098],[-106.11098,28.60969],[-106.11145,28.6095],[-106.11273,28.60885],[-106.1146,28.60793],[-106.11647,28.60702]]},"properties":{"id":1541,"nombre":"Avenida Teófilo Borunda","clase":"primary"}},{"type":"Feature","id":1542,"geometry":{"type":"LineString","coordinates":[[-106.10699,28.61021],[-106.10863,28.61003],[-106.10922,28.60998],[-106.10973,28.60991],[-106.11023,28.60985]]},"properties":{"id":1542,"nombre":"Avenida Teófilo Borunda","clase":"trunk"}},{"type":"Feature","id":1543,"geometry":{"type":"LineString","coordinates":[[-106.10577,28.61057],[-106.10606,28.61038],[-106.10641,28.61028],[-106.10699,28.61021]]},"properties":{"id":1543,"nombre":"Avenida Teófilo Borunda","clase":"trunk"}},{"type":"Feature","id":1544,"geometry":{"type":"LineString","coordinates":[[-106.08305,28.63164],[-106.08296,28.63194],[-106.0829,28.63229],[-106.08287,28.63281],[-106.08292,28.63335],[-106.08305,28.63382]]},"properties":{"id":1544,"nombre":"Avenida Teófilo Borunda","clase":"secondary"}},{"type":"Feature","id":1545,"geometry":{"type":"LineString","coordinates":[[-106.08935,28.62681],[-106.0894,28.62678],[-106.09018,28.62633]]},"properties":{"id":1545,"nombre":"Avenida Teófilo Borunda","clase":"trunk"}},{"type":"Feature","id":1546,"geometry":{"type":"LineString","coordinates":[[-106.08338,28.63273],[-106.0834,28.63245],[-106.08343,28.63223],[-106.08349,28.632]]},"properties":{"id":1546,"nombre":"Avenida Teófilo Borunda","clase":"secondary"}},{"type":"Feature","id":1547,"geometry":{"type":"LineString","coordinates":[[-106.08345,28.63338],[-106.0834,28.63308],[-106.08339,28.6329],[-106.08338,28.63273]]},"properties":{"id":1547,"nombre":"Avenida Teófilo Borunda","clase":"secondary"}},{"type":"Feature","id":1548,"geometry":{"type":"LineString","coordinates":[[-106.07816,28.64129],[-106.0788,28.64114],[-106.07991,28.64085],[-106.08239,28.64025],[-106.08284,28.64013],[-106.08345,28.63985],[-106.08369,28.63963],[-106.08411,28.63918]]},"properties":{"id":1548,"nombre":"Avenida Teófilo Borunda","clase":"trunk"}},{"type":"Feature","id":1549,"geometry":{"type":"LineString","coordinates":[[-106.11821,28.60615],[-106.1183,28.6061],[-106.1185,28.60601]]},"properties":{"id":1549,"nombre":"Avenida Teófilo Borunda","clase":"primary"}},{"type":"Feature","id":1550,"geometry":{"type":"LineString","coordinates":[[-106.11647,28.60702],[-106.11672,28.60691],[-106.11821,28.60615]]},"properties":{"id":1550,"nombre":"Avenida Teófilo Borunda","clase":"primary"}},{"type":"Feature","id":1551,"geometry":{"type":"LineString","coordinates":[[-106.12295,28.60158],[-106.12233,28.60237],[-106.1221,28.60266],[-106.12166,28.60322],[-106.12153,28.60337],[-106.1214,28.60353],[-106.12081,28.60418],[-106.12041,28.60455],[-106.11971,28.60511],[-106.11857,28.60577],[-106.1184,28.60587]]},"properties":{"id":1551,"nombre":"Avenida Teófilo Borunda","clase":"primary"}},{"type":"Feature","id":1552,"geometry":{"type":"LineString","coordinates":[[-106.08898,28.62623],[-106.08801,28.62695],[-106.08729,28.62749],[-106.08677,28.62782],[-106.0859,28.62836],[-106.08533,28.62873],[-106.08509,28.62892],[-106.08432,28.62973],[-106.08404,28.63009]]},"properties":{"id":1552,"nombre":"Avenida Teófilo Borunda","clase":"secondary"}},{"type":"Feature","id":1553,"geometry":{"type":"LineString","coordinates":[[-106.08404,28.63009],[-106.08361,28.63065],[-106.08333,28.63107],[-106.08305,28.63164]]},"properties":{"id":1553,"nombre":"Avenida Teófilo Borunda","clase":"secondary"}},{"type":"Feature","id":1554,"geometry":{"type":"LineString","coordinates":[[-106.08773,28.6278],[-106.08891,28.62713],[-106.08922,28.62695],[-106.08931,28.62689],[-106.08935,28.62681]]},"properties":{"id":1554,"nombre":"Avenida Teófilo Borunda","clase":"secondary"}},{"type":"Feature","id":1555,"geometry":{"type":"LineString","coordinates":[[-106.08374,28.63426],[-106.08367,28.63395],[-106.08355,28.6337],[-106.08345,28.63338]]},"properties":{"id":1555,"nombre":"Avenida Teófilo Borunda","clase":"secondary"}},{"type":"Feature","id":1556,"geometry":{"type":"LineString","coordinates":[[-106.08458,28.63006],[-106.08494,28.62958],[-106.08552,28.629],[-106.0859,28.62871],[-106.08754,28.6277],[-106.08834,28.62729],[-106.08935,28.62681]]},"properties":{"id":1556,"nombre":"Avenida Teófilo Borunda","clase":"trunk"}},{"type":"Feature","id":1557,"geometry":{"type":"LineString","coordinates":[[-106.12347,28.60214],[-106.12384,28.60173],[-106.12443,28.60103],[-106.12466,28.60076],[-106.12515,28.60016]]},"properties":{"id":1557,"nombre":"Avenida Teófilo Borunda","clase":"primary"}},{"type":"Feature","id":1558,"geometry":{"type":"LineString","coordinates":[[-106.07779,28.64101],[-106.07691,28.64143],[-106.07653,28.64175],[-106.07622,28.64208],[-106.07613,28.64219],[-106.07587,28.64245],[-106.07485,28.64359],[-106.07459,28.64388],[-106.07413,28.64457],[-106.07387,28.64508],[-106.07299,28.64741],[-106.07271,28.64802],[-106.07264,28.64813]]},"properties":{"id":1558,"nombre":"Avenida Teófilo Borunda Ortiz","clase":"trunk"}},{"type":"Feature","id":1559,"geometry":{"type":"LineString","coordinates":[[-106.07249,28.64832],[-106.0722,28.64859],[-106.0718,28.64887],[-106.07086,28.6495],[-106.06954,28.65037],[-106.0671,28.65196],[-106.06678,28.65221]]},"properties":{"id":1559,"nombre":"Avenida Teófilo Borunda Ortiz","clase":"trunk"}},{"type":"Feature","id":1560,"geometry":{"type":"LineString","coordinates":[[-106.06614,28.65275],[-106.06573,28.65318],[-106.06548,28.65358],[-106.0653,28.65423],[-106.06483,28.65657],[-106.06419,28.65807],[-106.0639,28.65863],[-106.06379,28.65876]]},"properties":{"id":1560,"nombre":"Avenida Teófilo Borunda Ortiz","clase":"trunk"}},{"type":"Feature","id":1561,"geometry":{"type":"LineString","coordinates":[[-106.08456,28.63798],[-106.08414,28.63848],[-106.08346,28.6393],[-106.08297,28.63965],[-106.08276,28.63976],[-106.08234,28.63991],[-106.08144,28.64015],[-106.0811,28.64024],[-106.07818,28.64092],[-106.07779,28.64101]]},"properties":{"id":1561,"nombre":"Avenida Teófilo Borunda Ortiz","clase":"trunk"}},{"type":"Feature","id":1562,"geometry":{"type":"LineString","coordinates":[[-106.0684,28.65101],[-106.06707,28.65193],[-106.0668,28.65215],[-106.06671,28.65227],[-106.06614,28.65275]]},"properties":{"id":1562,"nombre":"Avenida Teófilo Borunda Ortiz","clase":"trunk"}},{"type":"Feature","id":1563,"geometry":{"type":"LineString","coordinates":[[-106.08432,28.63586],[-106.08465,28.63642],[-106.08482,28.63688],[-106.08482,28.63741],[-106.08456,28.63798]]},"properties":{"id":1563,"nombre":"Avenida Teófilo Borunda Ortiz","clase":"trunk"}},{"type":"Feature","id":1564,"geometry":{"type":"LineString","coordinates":[[-106.0838,28.63513],[-106.08432,28.63586]]},"properties":{"id":1564,"nombre":"Avenida Teófilo Borunda Ortiz","clase":"trunk"}},{"type":"Feature","id":1565,"geometry":{"type":"LineString","coordinates":[[-106.06939,28.65039],[-106.06864,28.65085],[-106.0684,28.65101]]},"properties":{"id":1565,"nombre":"Avenida Teófilo Borunda Ortiz","clase":"trunk"}},{"type":"Feature","id":1566,"geometry":{"type":"LineString","coordinates":[[-106.07264,28.64813],[-106.07249,28.64832]]},"properties":{"id":1566,"nombre":"Avenida Teófilo Borunda Ortiz","clase":"trunk"}},{"type":"Feature","id":1567,"geometry":{"type":"LineString","coordinates":[[-106.06987,28.65014],[-106.06972,28.65019],[-106.0696,28.65025],[-106.06939,28.65039]]},"properties":{"id":1567,"nombre":"Avenida Teófilo Borunda Ortiz","clase":"trunk"}},{"type":"Feature","id":1568,"geometry":{"type":"LineString","coordinates":[[-106.06379,28.65876],[-106.06371,28.65881]]},"properties":{"id":1568,"nombre":"Avenida Teófilo Borunda Ortiz","clase":"trunk"}},{"type":"Feature","id":1569,"geometry":{"type":"LineString","coordinates":[[-106.08333,28.63433],[-106.0838,28.63513]]},"properties":{"id":1569,"nombre":"Avenida Teófilo Borunda Ortiz","clase":"trunk"}},{"type":"Feature","id":1570,"geometry":{"type":"LineString","coordinates":[[-106.09517,28.62282],[-106.0956,28.62242],[-106.09592,28.62226],[-106.09623,28.62218],[-106.09678,28.62215],[-106.09826,28.62213],[-106.09876,28.62202],[-106.09932,28.62176],[-106.10027,28.621],[-106.10064,28.62057],[-106.1009,28.6202],[-106.10157,28.61904],[-106.10214,28.61814],[-106.10268,28.61705],[-106.1029,28.61665],[-106.10386,28.61559],[-106.10412,28.61526],[-106.10433,28.61491],[-106.10447,28.61453],[-106.10453,28.61431]]},"properties":{"id":1570,"nombre":"Avenida Teófilo Borunda Ortíz","clase":"trunk"}},{"type":"Feature","id":1571,"geometry":{"type":"LineString","coordinates":[[-106.10528,28.61136],[-106.10542,28.611],[-106.10566,28.61068],[-106.10577,28.61057]]},"properties":{"id":1571,"nombre":"Avenida Teófilo Borunda Ortíz","clase":"trunk"}},{"type":"Feature","id":1572,"geometry":{"type":"LineString","coordinates":[[-106.09244,28.6242],[-106.08962,28.62587],[-106.08902,28.62629],[-106.08885,28.62644],[-106.08846,28.62687],[-106.08802,28.62724],[-106.08715,28.62783],[-106.08595,28.62853],[-106.08533,28.62893],[-106.08448,28.62968],[-106.08393,28.63034],[-106.08342,28.63108],[-106.08316,28.63159],[-106.08302,28.63205],[-106.08295,28.63281],[-106.08302,28.63336],[-106.08313,28.63379],[-106.08326,28.63417],[-106.08333,28.63433]]},"properties":{"id":1572,"nombre":"Avenida Teófilo Borunda Ortíz","clase":"trunk"}},{"type":"Feature","id":1573,"geometry":{"type":"LineString","coordinates":[[-106.09412,28.6232],[-106.09376,28.62345],[-106.09298,28.62388],[-106.09244,28.6242]]},"properties":{"id":1573,"nombre":"Avenida Teófilo Borunda Ortíz","clase":"trunk"}},{"type":"Feature","id":1574,"geometry":{"type":"LineString","coordinates":[[-106.09565,28.62192],[-106.09517,28.62226],[-106.09467,28.62275],[-106.09412,28.6232]]},"properties":{"id":1574,"nombre":"Avenida Teófilo Borunda Ortíz","clase":"trunk"}},{"type":"Feature","id":1575,"geometry":{"type":"LineString","coordinates":[[-106.10456,28.61204],[-106.10433,28.61284],[-106.10387,28.61444],[-106.10374,28.61477],[-106.10345,28.61519],[-106.10249,28.61634],[-106.10231,28.61662],[-106.10215,28.61693],[-106.10198,28.61732],[-106.10171,28.61787],[-106.10131,28.61854],[-106.10057,28.61964]]},"properties":{"id":1575,"nombre":"Avenida Teófilo Borunda Ortíz","clase":"trunk"}},{"type":"Feature","id":1576,"geometry":{"type":"LineString","coordinates":[[-106.09465,28.62333],[-106.09517,28.62282]]},"properties":{"id":1576,"nombre":"Avenida Teófilo Borunda Ortíz","clase":"trunk"}},{"type":"Feature","id":1577,"geometry":{"type":"LineString","coordinates":[[-106.10453,28.61431],[-106.10503,28.61232],[-106.10528,28.61136]]},"properties":{"id":1577,"nombre":"Avenida Teófilo Borunda Ortíz","clase":"trunk"}},{"type":"Feature","id":1578,"geometry":{"type":"LineString","coordinates":[[-106.09018,28.62633],[-106.09069,28.62604],[-106.09245,28.62498],[-106.09315,28.62447],[-106.09465,28.62333]]},"properties":{"id":1578,"nombre":"Avenida Teófilo Borunda Ortíz","clase":"trunk"}},{"type":"Feature","id":1579,"geometry":{"type":"LineString","coordinates":[[-106.0999,28.62055],[-106.09907,28.62124],[-106.09866,28.62148],[-106.09824,28.62159],[-106.09696,28.62169],[-106.09603,28.62178],[-106.09565,28.62192]]},"properties":{"id":1579,"nombre":"Avenida Teófilo Borunda Ortíz","clase":"trunk"}},{"type":"Feature","id":1580,"geometry":{"type":"LineString","coordinates":[[-106.10057,28.61964],[-106.10031,28.62002],[-106.10014,28.62027],[-106.10004,28.62039],[-106.0999,28.62055]]},"properties":{"id":1580,"nombre":"Avenida Teófilo Borunda Ortíz","clase":"trunk"}},{"type":"Feature","id":1581,"geometry":{"type":"LineString","coordinates":[[-106.12447,28.62894],[-106.1243,28.62893],[-106.1242,28.62893]]},"properties":{"id":1581,"nombre":"Avenida Tomás Valles Vivar","clase":"secondary"}},{"type":"Feature","id":1582,"geometry":{"type":"LineString","coordinates":[[-106.12757,28.63103],[-106.1274,28.63093],[-106.12728,28.63083],[-106.12611,28.62971],[-106.12592,28.62953],[-106.12554,28.62927],[-106.12491,28.62904],[-106.12464,28.62897],[-106.12447,28.62894]]},"properties":{"id":1582,"nombre":"Avenida Tomás Valles Vivar","clase":"secondary"}},{"type":"Feature","id":1583,"geometry":{"type":"LineString","coordinates":[[-106.12741,28.63115],[-106.12812,28.63152],[-106.12848,28.6317],[-106.12877,28.63185],[-106.12924,28.6321],[-106.12942,28.63218],[-106.12958,28.63223],[-106.1298,28.63229],[-106.12997,28.63234],[-106.13016,28.63244],[-106.13172,28.63323],[-106.1326,28.63369],[-106.13282,28.63381],[-106.13296,28.63393],[-106.13306,28.63405],[-106.13316,28.63422],[-106.13346,28.6348],[-106.13354,28.63498],[-106.13359,28.63516],[-106.13363,28.6354],[-106.13366,28.63563],[-106.13367,28.63583],[-106.13365,28.63608],[-106.1336,28.63633],[-106.13353,28.63655],[-106.13345,28.63676],[-106.13334,28.63698],[-106.133,28.63749],[-106.13258,28.63812],[-106.13249,28.63831],[-106.13244,28.63848]]},"properties":{"id":1583,"nombre":"Avenida Tomás Valles Vivar","clase":"secondary"}},{"type":"Feature","id":1584,"geometry":{"type":"LineString","coordinates":[[-106.12585,28.62971],[-106.12609,28.62992],[-106.12694,28.63076],[-106.12727,28.63108],[-106.12741,28.63115]]},"properties":{"id":1584,"nombre":"Avenida Tomás Valles Vivar","clase":"secondary"}},{"type":"Feature","id":1585,"geometry":{"type":"LineString","coordinates":[[-106.12858,28.63157],[-106.12821,28.63138],[-106.1278,28.63117],[-106.12757,28.63103]]},"properties":{"id":1585,"nombre":"Avenida Tomás Valles Vivar","clase":"secondary"}},{"type":"Feature","id":1586,"geometry":{"type":"LineString","coordinates":[[-106.13258,28.63993],[-106.13303,28.64154],[-106.13311,28.64182],[-106.13339,28.64278],[-106.13371,28.6439],[-106.13387,28.64439],[-106.13399,28.64486],[-106.13402,28.64516],[-106.13402,28.64524]]},"properties":{"id":1586,"nombre":"Avenida Tomás Valles Vivar","clase":"secondary"}},{"type":"Feature","id":1587,"geometry":{"type":"LineString","coordinates":[[-106.1335,28.64727],[-106.13345,28.6475]]},"properties":{"id":1587,"nombre":"Avenida Tomás Valles Vivar","clase":"secondary"}},{"type":"Feature","id":1588,"geometry":{"type":"LineString","coordinates":[[-106.13364,28.64729],[-106.13367,28.6472],[-106.13382,28.64679],[-106.13401,28.64626],[-106.13411,28.64598],[-106.13418,28.64571],[-106.13419,28.64524],[-106.13418,28.64505],[-106.13414,28.64481],[-106.13399,28.64428],[-106.13384,28.64378],[-106.13352,28.64267],[-106.13327,28.64178]]},"properties":{"id":1588,"nombre":"Avenida Tomás Valles Vivar","clase":"secondary"}},{"type":"Feature","id":1589,"geometry":{"type":"LineString","coordinates":[[-106.13357,28.64753],[-106.13364,28.64729]]},"properties":{"id":1589,"nombre":"Avenida Tomás Valles Vivar","clase":"secondary"}},{"type":"Feature","id":1590,"geometry":{"type":"LineString","coordinates":[[-106.13366,28.64681],[-106.13363,28.64691],[-106.13353,28.64717],[-106.13352,28.64718],[-106.1335,28.64727]]},"properties":{"id":1590,"nombre":"Avenida Tomás Valles Vivar","clase":"secondary"}},{"type":"Feature","id":1591,"geometry":{"type":"LineString","coordinates":[[-106.124,28.62937],[-106.12414,28.62934],[-106.12428,28.62927],[-106.12451,28.62926],[-106.12496,28.62928],[-106.12524,28.62936],[-106.12549,28.62945],[-106.12585,28.62971]]},"properties":{"id":1591,"nombre":"Avenida Tomás Valles Vivar","clase":"secondary"}},{"type":"Feature","id":1592,"geometry":{"type":"LineString","coordinates":[[-106.13263,28.63356],[-106.13163,28.63304],[-106.13002,28.63221],[-106.12985,28.63215],[-106.12964,28.63209],[-106.12948,28.63203],[-106.12858,28.63157]]},"properties":{"id":1592,"nombre":"Avenida Tomás Valles Vivar","clase":"secondary"}},{"type":"Feature","id":1593,"geometry":{"type":"LineString","coordinates":[[-106.13244,28.63848],[-106.13239,28.6387],[-106.13237,28.63894],[-106.1324,28.63919],[-106.13243,28.63934],[-106.13252,28.63969],[-106.13258,28.63993]]},"properties":{"id":1593,"nombre":"Avenida Tomás Valles Vivar","clase":"secondary"}},{"type":"Feature","id":1594,"geometry":{"type":"LineString","coordinates":[[-106.1325,28.639],[-106.13248,28.63888],[-106.1325,28.6387],[-106.13256,28.63851],[-106.13264,28.6383],[-106.13275,28.63811],[-106.13349,28.63699],[-106.1336,28.63678],[-106.1337,28.63653],[-106.13378,28.63624],[-106.13382,28.63598],[-106.13382,28.63571],[-106.1338,28.63545],[-106.13376,28.63524],[-106.13371,28.63502],[-106.13361,28.63475],[-106.13345,28.63444],[-106.13323,28.63405],[-106.13308,28.63386],[-106.13292,28.63372],[-106.13263,28.63356]]},"properties":{"id":1594,"nombre":"Avenida Tomás Valles Vivar","clase":"secondary"}},{"type":"Feature","id":1595,"geometry":{"type":"LineString","coordinates":[[-106.13274,28.63989],[-106.13271,28.63979],[-106.13261,28.63943],[-106.13253,28.63911],[-106.1325,28.639]]},"properties":{"id":1595,"nombre":"Avenida Tomás Valles Vivar","clase":"secondary"}},{"type":"Feature","id":1596,"geometry":{"type":"LineString","coordinates":[[-106.13327,28.64178],[-106.13324,28.64169],[-106.13319,28.6415],[-106.13316,28.6414],[-106.13274,28.63989]]},"properties":{"id":1596,"nombre":"Avenida Tomás Valles Vivar","clase":"secondary"}},{"type":"Feature","id":1597,"geometry":{"type":"LineString","coordinates":[[-106.13402,28.64524],[-106.13399,28.64584],[-106.1339,28.64616],[-106.13366,28.64681]]},"properties":{"id":1597,"nombre":"Avenida Tomás Valles Vivar","clase":"secondary"}},{"type":"Feature","id":1598,"geometry":{"type":"LineString","coordinates":[[-106.09123,28.65632],[-106.09152,28.6566],[-106.0928,28.65778],[-106.09406,28.65894],[-106.09489,28.65971],[-106.09583,28.6606]]},"properties":{"id":1598,"nombre":"Avenida Universidad","clase":"primary"}},{"type":"Feature","id":1599,"geometry":{"type":"LineString","coordinates":[[-106.0856,28.65099],[-106.08554,28.65111],[-106.08557,28.65124],[-106.08562,28.65129],[-106.08572,28.65133],[-106.08585,28.65133],[-106.08597,28.65123],[-106.086,28.65112],[-106.08596,28.65101],[-106.08584,28.65094],[-106.0857,28.65093],[-106.0856,28.65099]]},"properties":{"id":1599,"nombre":"Avenida Universidad","clase":"primary"}},{"type":"Feature","id":1600,"geometry":{"type":"LineString","coordinates":[[-106.08564,28.65096],[-106.0835,28.64895],[-106.08254,28.64807],[-106.08169,28.64729],[-106.08084,28.6465]]},"properties":{"id":1600,"nombre":"Avenida Universidad","clase":"primary"}},{"type":"Feature","id":1601,"geometry":{"type":"LineString","coordinates":[[-106.07763,28.64369],[-106.07851,28.64452],[-106.07992,28.64582],[-106.08161,28.64736],[-106.08244,28.64815]]},"properties":{"id":1601,"nombre":"Avenida Universidad","clase":"primary"}},{"type":"Feature","id":1602,"geometry":{"type":"LineString","coordinates":[[-106.08585,28.65133],[-106.08674,28.65216],[-106.08699,28.65238],[-106.08772,28.65307],[-106.08813,28.65346],[-106.08905,28.65431],[-106.08935,28.65458],[-106.08952,28.65473],[-106.08974,28.65494],[-106.09032,28.65547],[-106.09067,28.6558],[-106.09096,28.65607]]},"properties":{"id":1602,"nombre":"Avenida Universidad","clase":"primary"}},{"type":"Feature","id":1603,"geometry":{"type":"LineString","coordinates":[[-106.08492,28.65048],[-106.08555,28.65105]]},"properties":{"id":1603,"nombre":"Avenida Universidad","clase":"primary"}},{"type":"Feature","id":1604,"geometry":{"type":"LineString","coordinates":[[-106.08409,28.6497],[-106.08423,28.64982],[-106.08492,28.65048]]},"properties":{"id":1604,"nombre":"Avenida Universidad","clase":"primary"}},{"type":"Feature","id":1605,"geometry":{"type":"LineString","coordinates":[[-106.08328,28.64894],[-106.08409,28.6497]]},"properties":{"id":1605,"nombre":"Avenida Universidad","clase":"primary"}},{"type":"Feature","id":1606,"geometry":{"type":"LineString","coordinates":[[-106.08244,28.64815],[-106.08264,28.64833],[-106.08328,28.64894]]},"properties":{"id":1606,"nombre":"Avenida Universidad","clase":"primary"}},{"type":"Feature","id":1607,"geometry":{"type":"LineString","coordinates":[[-106.07921,28.64497],[-106.07745,28.64334],[-106.07717,28.64309],[-106.07677,28.64274],[-106.07668,28.64265]]},"properties":{"id":1607,"nombre":"Avenida Universidad","clase":"primary"}},{"type":"Feature","id":1608,"geometry":{"type":"LineString","coordinates":[[-106.09134,28.65623],[-106.09101,28.65593],[-106.08987,28.65484],[-106.08945,28.65447],[-106.08776,28.6529],[-106.08701,28.65219],[-106.08672,28.65192],[-106.08627,28.65151],[-106.08597,28.65123]]},"properties":{"id":1608,"nombre":"Avenida Universidad","clase":"primary"}},{"type":"Feature","id":1609,"geometry":{"type":"LineString","coordinates":[[-106.09486,28.65949],[-106.09423,28.65889],[-106.09295,28.65771],[-106.09238,28.65719],[-106.09159,28.65646],[-106.09134,28.65623]]},"properties":{"id":1609,"nombre":"Avenida Universidad","clase":"primary"}},{"type":"Feature","id":1610,"geometry":{"type":"LineString","coordinates":[[-106.0962,28.66073],[-106.09591,28.66046],[-106.09524,28.65985],[-106.09486,28.65949]]},"properties":{"id":1610,"nombre":"Avenida Universidad","clase":"primary"}},{"type":"Feature","id":1611,"geometry":{"type":"LineString","coordinates":[[-106.08084,28.6465],[-106.08037,28.64608],[-106.08001,28.64574],[-106.07921,28.64497]]},"properties":{"id":1611,"nombre":"Avenida Universidad","clase":"primary"}},{"type":"Feature","id":1612,"geometry":{"type":"LineString","coordinates":[[-106.09096,28.65607],[-106.09123,28.65632]]},"properties":{"id":1612,"nombre":"Avenida Universidad","clase":"primary"}},{"type":"Feature","id":1613,"geometry":{"type":"LineString","coordinates":[[-106.09583,28.6606],[-106.09604,28.6608]]},"properties":{"id":1613,"nombre":"Avenida Universidad","clase":"primary"}},{"type":"Feature","id":1614,"geometry":{"type":"LineString","coordinates":[[-106.07661,28.64278],[-106.07715,28.64325],[-106.07761,28.64366],[-106.07763,28.64369]]},"properties":{"id":1614,"nombre":"Avenida Universidad","clase":"primary"}},{"type":"Feature","id":1615,"geometry":{"type":"LineString","coordinates":[[-106.10033,28.66915],[-106.10134,28.67126],[-106.10169,28.67202],[-106.10183,28.67233],[-106.10295,28.67469]]},"properties":{"id":1615,"nombre":"Avenida Vallarta","clase":"primary"}},{"type":"Feature","id":1616,"geometry":{"type":"LineString","coordinates":[[-106.10491,28.6784],[-106.10487,28.67832],[-106.10467,28.67802],[-106.10431,28.67727],[-106.10398,28.67655],[-106.10308,28.67466],[-106.10293,28.67433],[-106.10231,28.67299],[-106.10186,28.67205],[-106.10147,28.67121]]},"properties":{"id":1616,"nombre":"Avenida Vallarta","clase":"primary"}},{"type":"Feature","id":1617,"geometry":{"type":"LineString","coordinates":[[-106.09646,28.66097],[-106.09626,28.66078],[-106.0962,28.66073]]},"properties":{"id":1617,"nombre":"Avenida Vallarta","clase":"primary"}},{"type":"Feature","id":1618,"geometry":{"type":"LineString","coordinates":[[-106.09687,28.66173],[-106.09755,28.66321],[-106.09835,28.66492],[-106.09853,28.66531],[-106.09933,28.66703]]},"properties":{"id":1618,"nombre":"Avenida Vallarta","clase":"primary"}},{"type":"Feature","id":1619,"geometry":{"type":"LineString","coordinates":[[-106.09863,28.66512],[-106.09751,28.66274],[-106.09727,28.66221],[-106.09688,28.66146],[-106.09661,28.66111],[-106.09646,28.66097]]},"properties":{"id":1619,"nombre":"Avenida Vallarta","clase":"primary"}},{"type":"Feature","id":1620,"geometry":{"type":"LineString","coordinates":[[-106.09907,28.66606],[-106.09872,28.6653],[-106.09865,28.66515],[-106.09863,28.66512]]},"properties":{"id":1620,"nombre":"Avenida Vallarta","clase":"primary"}},{"type":"Feature","id":1621,"geometry":{"type":"LineString","coordinates":[[-106.0995,28.66697],[-106.09941,28.66677],[-106.09907,28.66606]]},"properties":{"id":1621,"nombre":"Avenida Vallarta","clase":"primary"}},{"type":"Feature","id":1622,"geometry":{"type":"LineString","coordinates":[[-106.09933,28.66703],[-106.0996,28.66758],[-106.09985,28.66809],[-106.1001,28.66864],[-106.10033,28.66915]]},"properties":{"id":1622,"nombre":"Avenida Vallarta","clase":"primary"}},{"type":"Feature","id":1623,"geometry":{"type":"LineString","coordinates":[[-106.09999,28.66802],[-106.0995,28.66697]]},"properties":{"id":1623,"nombre":"Avenida Vallarta","clase":"primary"}},{"type":"Feature","id":1624,"geometry":{"type":"LineString","coordinates":[[-106.10048,28.66908],[-106.09999,28.66802]]},"properties":{"id":1624,"nombre":"Avenida Vallarta","clase":"primary"}},{"type":"Feature","id":1625,"geometry":{"type":"LineString","coordinates":[[-106.10097,28.67014],[-106.10048,28.66908]]},"properties":{"id":1625,"nombre":"Avenida Vallarta","clase":"primary"}},{"type":"Feature","id":1626,"geometry":{"type":"LineString","coordinates":[[-106.10147,28.67121],[-106.10097,28.67014]]},"properties":{"id":1626,"nombre":"Avenida Vallarta","clase":"primary"}},{"type":"Feature","id":1627,"geometry":{"type":"LineString","coordinates":[[-106.10295,28.67469],[-106.1036,28.67612],[-106.10392,28.6768],[-106.10459,28.67813],[-106.10482,28.67856]]},"properties":{"id":1627,"nombre":"Avenida Vallarta","clase":"primary"}},{"type":"Feature","id":1628,"geometry":{"type":"LineString","coordinates":[[-106.09604,28.6608],[-106.09633,28.66105],[-106.0966,28.66134],[-106.09687,28.66173]]},"properties":{"id":1628,"nombre":"Avenida Vallarta","clase":"primary"}},{"type":"Feature","id":1629,"geometry":{"type":"LineString","coordinates":[[-106.07534,28.64139],[-106.07411,28.64024],[-106.07391,28.64004],[-106.0728,28.6391],[-106.07274,28.63916],[-106.07386,28.64014],[-106.07459,28.64082],[-106.07527,28.64146]]},"properties":{"id":1629,"nombre":"Avenida Venustiano Carranza","clase":"primary"}},{"type":"Feature","id":1630,"geometry":{"type":"LineString","coordinates":[[-106.07527,28.64146],[-106.07586,28.64205],[-106.07646,28.64264],[-106.07661,28.64278]]},"properties":{"id":1630,"nombre":"Avenida Venustiano Carranza","clase":"primary"}},{"type":"Feature","id":1631,"geometry":{"type":"LineString","coordinates":[[-106.07668,28.64265],[-106.07607,28.6421],[-106.07561,28.64164],[-106.07534,28.64139]]},"properties":{"id":1631,"nombre":"Avenida Venustiano Carranza","clase":"primary"}},{"type":"Feature","id":1632,"geometry":{"type":"LineString","coordinates":[[-106.06793,28.63542],[-106.06727,28.63499],[-106.06567,28.63397],[-106.0656,28.63393]]},"properties":{"id":1632,"nombre":"Avenida Venustiano Carranza","clase":"primary"}},{"type":"Feature","id":1633,"geometry":{"type":"LineString","coordinates":[[-106.06793,28.63542],[-106.06845,28.63577],[-106.06937,28.63638],[-106.07038,28.63716]]},"properties":{"id":1633,"nombre":"Avenida Venustiano Carranza","clase":"primary"}},{"type":"Feature","id":1634,"geometry":{"type":"LineString","coordinates":[[-106.07227,28.63869],[-106.07267,28.63903]]},"properties":{"id":1634,"nombre":"Avenida Venustiano Carranza","clase":"primary"}},{"type":"Feature","id":1635,"geometry":{"type":"LineString","coordinates":[[-106.14453,28.72426],[-106.1436,28.72431],[-106.14283,28.72434],[-106.14065,28.72447],[-106.13995,28.72458],[-106.13656,28.72594],[-106.13533,28.72636],[-106.13351,28.72688]]},"properties":{"id":1635,"nombre":"Avenida Vialidad Los Nogales","clase":"trunk"}},{"type":"Feature","id":1636,"geometry":{"type":"LineString","coordinates":[[-106.126,28.72981],[-106.12546,28.72992],[-106.12455,28.7299],[-106.12376,28.72997],[-106.12309,28.73019],[-106.12252,28.73051],[-106.12172,28.73121],[-106.12062,28.73226],[-106.12032,28.73251],[-106.11973,28.73281],[-106.1193,28.73294],[-106.11853,28.73302],[-106.118,28.73302]]},"properties":{"id":1636,"nombre":"Avenida Vialidad Los Nogales","clase":"trunk"}},{"type":"Feature","id":1637,"geometry":{"type":"LineString","coordinates":[[-106.11749,28.73291],[-106.11722,28.73282],[-106.11702,28.73275],[-106.1168,28.73267],[-106.11655,28.73258],[-106.11633,28.73249],[-106.11615,28.73242],[-106.11598,28.73235],[-106.1158,28.7323],[-106.11562,28.73226],[-106.11544,28.73222],[-106.11525,28.73219],[-106.11508,28.73217],[-106.11488,28.73216],[-106.11468,28.73215],[-106.11441,28.73215],[-106.1142,28.73214],[-106.11399,28.73214],[-106.11379,28.73212],[-106.11363,28.7321],[-106.11347,28.73208],[-106.11329,28.73204],[-106.1131,28.73199],[-106.1129,28.73192],[-106.11268,28.73185],[-106.11243,28.73176],[-106.1122,28.73168],[-106.11199,28.73161],[-106.11179,28.73152],[-106.11162,28.73145],[-106.1114,28.73133],[-106.11129,28.73126]]},"properties":{"id":1637,"nombre":"Avenida Vialidad Los Nogales","clase":"trunk"}},{"type":"Feature","id":1638,"geometry":{"type":"LineString","coordinates":[[-106.11014,28.73093],[-106.11004,28.73092],[-106.10984,28.7309]]},"properties":{"id":1638,"nombre":"Avenida Vialidad Los Nogales","clase":"trunk"}},{"type":"Feature","id":1639,"geometry":{"type":"LineString","coordinates":[[-106.14478,28.72472],[-106.14481,28.72471],[-106.1452,28.72457],[-106.14522,28.72456]]},"properties":{"id":1639,"nombre":"Avenida Vialidad Los Nogales","clase":"trunk"}},{"type":"Feature","id":1640,"geometry":{"type":"LineString","coordinates":[[-106.14495,28.72411],[-106.14482,28.72418],[-106.14468,28.72423],[-106.14453,28.72426]]},"properties":{"id":1640,"nombre":"Avenida Vialidad Los Nogales","clase":"trunk"}},{"type":"Feature","id":1641,"geometry":{"type":"LineString","coordinates":[[-106.14414,28.72478],[-106.14455,28.72475],[-106.14478,28.72472]]},"properties":{"id":1641,"nombre":"Avenida Vialidad Los Nogales","clase":"trunk"}},{"type":"Feature","id":1642,"geometry":{"type":"LineString","coordinates":[[-106.13878,28.72561],[-106.14025,28.72504],[-106.14089,28.72497],[-106.14247,28.72488],[-106.14305,28.72484],[-106.14414,28.72478]]},"properties":{"id":1642,"nombre":"Avenida Vialidad Los Nogales","clase":"trunk"}},{"type":"Feature","id":1643,"geometry":{"type":"LineString","coordinates":[[-106.12694,28.72945],[-106.12643,28.72965],[-106.126,28.72981]]},"properties":{"id":1643,"nombre":"Avenida Vialidad Los Nogales","clase":"trunk"}},{"type":"Feature","id":1644,"geometry":{"type":"LineString","coordinates":[[-106.13484,28.72704],[-106.13593,28.72672],[-106.13648,28.72653],[-106.13878,28.72561]]},"properties":{"id":1644,"nombre":"Avenida Vialidad Los Nogales","clase":"trunk"}},{"type":"Feature","id":1645,"geometry":{"type":"LineString","coordinates":[[-106.13385,28.7273],[-106.13484,28.72704]]},"properties":{"id":1645,"nombre":"Avenida Vialidad Los Nogales","clase":"trunk"}},{"type":"Feature","id":1646,"geometry":{"type":"LineString","coordinates":[[-106.12941,28.72903],[-106.13111,28.72835],[-106.13225,28.72791],[-106.13385,28.7273]]},"properties":{"id":1646,"nombre":"Avenida Vialidad Los Nogales","clase":"trunk"}},{"type":"Feature","id":1647,"geometry":{"type":"LineString","coordinates":[[-106.12823,28.7295],[-106.12941,28.72903]]},"properties":{"id":1647,"nombre":"Avenida Vialidad Los Nogales","clase":"trunk"}},{"type":"Feature","id":1648,"geometry":{"type":"LineString","coordinates":[[-106.13351,28.72688],[-106.13152,28.72762],[-106.1308,28.72792],[-106.12947,28.72845],[-106.12725,28.72932]]},"properties":{"id":1648,"nombre":"Avenida Vialidad Los Nogales","clase":"trunk"}},{"type":"Feature","id":1649,"geometry":{"type":"LineString","coordinates":[[-106.118,28.73302],[-106.11782,28.733],[-106.11762,28.73295],[-106.11749,28.73291]]},"properties":{"id":1649,"nombre":"Avenida Vialidad Los Nogales","clase":"trunk"}},{"type":"Feature","id":1650,"geometry":{"type":"LineString","coordinates":[[-106.11872,28.73345],[-106.11958,28.73326],[-106.12016,28.73303],[-106.12071,28.7327],[-106.12171,28.73179],[-106.12273,28.73081],[-106.12323,28.73052],[-106.12391,28.73034],[-106.12441,28.73033]]},"properties":{"id":1650,"nombre":"Avenida Vialidad Los Nogales","clase":"trunk"}},{"type":"Feature","id":1651,"geometry":{"type":"LineString","coordinates":[[-106.14447,28.72415],[-106.14458,28.72416],[-106.14471,28.72413],[-106.14486,28.72406],[-106.14489,28.724]]},"properties":{"id":1651,"nombre":"Avenida Vialidad Los Nogales","clase":"primary"}},{"type":"Feature","id":1652,"geometry":{"type":"LineString","coordinates":[[-106.14531,28.7247],[-106.1452,28.72467],[-106.14488,28.72482],[-106.14487,28.72486]]},"properties":{"id":1652,"nombre":"Avenida Vialidad Los Nogales","clase":"trunk"}},{"type":"Feature","id":1653,"geometry":{"type":"LineString","coordinates":[[-106.12441,28.73033],[-106.12483,28.73038],[-106.12532,28.73042],[-106.12583,28.73036],[-106.12658,28.73013],[-106.12708,28.72995],[-106.12823,28.7295]]},"properties":{"id":1653,"nombre":"Avenida Vialidad Los Nogales","clase":"trunk"}},{"type":"Feature","id":1654,"geometry":{"type":"LineString","coordinates":[[-106.11107,28.73169],[-106.11165,28.73183],[-106.11225,28.73203],[-106.11259,28.73214],[-106.11284,28.73223],[-106.11311,28.73231],[-106.11335,28.73237],[-106.11361,28.73241],[-106.11385,28.73244],[-106.11409,28.73246],[-106.11432,28.73247],[-106.11445,28.73247],[-106.11461,28.73247],[-106.11483,28.73248],[-106.11505,28.73249],[-106.11527,28.73252],[-106.1155,28.73256],[-106.1157,28.73262],[-106.11591,28.73269],[-106.1161,28.73276],[-106.11629,28.73285],[-106.11649,28.73293],[-106.11669,28.73302],[-106.11687,28.73309],[-106.11703,28.73322],[-106.11718,28.73334]]},"properties":{"id":1654,"nombre":"Avenida Vialidad Los Nogales","clase":"trunk"}},{"type":"Feature","id":1655,"geometry":{"type":"LineString","coordinates":[[-106.1038,28.73321],[-106.10497,28.73277],[-106.10871,28.73142],[-106.10919,28.73132],[-106.10981,28.73133],[-106.11045,28.73149],[-106.11107,28.73169]]},"properties":{"id":1655,"nombre":"Avenida Vialidad Los Nogales","clase":"trunk"}},{"type":"Feature","id":1656,"geometry":{"type":"LineString","coordinates":[[-106.12725,28.72932],[-106.12694,28.72945]]},"properties":{"id":1656,"nombre":"Avenida Vialidad Los Nogales","clase":"trunk"}},{"type":"Feature","id":1657,"geometry":{"type":"LineString","coordinates":[[-106.11129,28.73126],[-106.11069,28.73106],[-106.11041,28.73098],[-106.11014,28.73093]]},"properties":{"id":1657,"nombre":"Avenida Vialidad Los Nogales","clase":"trunk"}},{"type":"Feature","id":1658,"geometry":{"type":"LineString","coordinates":[[-106.07066,28.67267],[-106.07052,28.67237],[-106.07033,28.67199],[-106.06989,28.67127],[-106.06965,28.67086],[-106.06937,28.67039],[-106.06909,28.66981],[-106.06894,28.66938],[-106.06883,28.66891],[-106.06877,28.66832],[-106.06866,28.66613]]},"properties":{"id":1658,"nombre":"Avenida Vialidad Sacramento","clase":"trunk"}},{"type":"Feature","id":1659,"geometry":{"type":"LineString","coordinates":[[-106.07051,28.67274],[-106.07058,28.67298],[-106.07067,28.67336],[-106.07095,28.67493],[-106.07105,28.67534],[-106.07121,28.67579],[-106.07136,28.67608],[-106.07157,28.67649],[-106.07324,28.67998],[-106.07425,28.68308],[-106.0745,28.68385],[-106.07464,28.68419],[-106.07533,28.6854],[-106.0758,28.68641],[-106.07593,28.68687],[-106.07682,28.69157],[-106.07691,28.69205],[-106.07695,28.69225],[-106.07711,28.69297],[-106.07727,28.69342],[-106.07789,28.69456],[-106.07867,28.69599],[-106.07882,28.6963],[-106.079,28.69675],[-106.07916,28.69733],[-106.08012,28.70138],[-106.08054,28.70324],[-106.08116,28.70655],[-106.08131,28.70736],[-106.08138,28.70766],[-106.08143,28.70784]]},"properties":{"id":1659,"nombre":"Avenida Vialidad Sacramento","clase":"trunk"}},{"type":"Feature","id":1660,"geometry":{"type":"LineString","coordinates":[[-106.07674,28.69017],[-106.07639,28.68853],[-106.07616,28.68724],[-106.07599,28.68648],[-106.07561,28.68559],[-106.07538,28.68516],[-106.07492,28.6844],[-106.0747,28.68393],[-106.07449,28.6834],[-106.07436,28.68293]]},"properties":{"id":1660,"nombre":"Avenida Vialidad Sacramento","clase":"trunk"}},{"type":"Feature","id":1661,"geometry":{"type":"LineString","coordinates":[[-106.06881,28.66328],[-106.06876,28.66298],[-106.06868,28.66271],[-106.06848,28.66238],[-106.06836,28.66224],[-106.06763,28.66155],[-106.0666,28.66066]]},"properties":{"id":1661,"nombre":"Avenida Vialidad Sacramento","clase":"trunk"}},{"type":"Feature","id":1662,"geometry":{"type":"LineString","coordinates":[[-106.09725,28.73617],[-106.09702,28.7363],[-106.09688,28.73636],[-106.09671,28.73635],[-106.09656,28.73626],[-106.09619,28.73586],[-106.0959,28.73556],[-106.0958,28.73547],[-106.09567,28.73537],[-106.09507,28.73492],[-106.09463,28.73457],[-106.09432,28.73423],[-106.0941,28.73393],[-106.09394,28.73368],[-106.09378,28.73336],[-106.09366,28.73303],[-106.0935,28.73241],[-106.09329,28.73159],[-106.09307,28.73073],[-106.09291,28.73004]]},"properties":{"id":1662,"nombre":"Avenida Vialidad Sacramento","clase":"trunk"}},{"type":"Feature","id":1663,"geometry":{"type":"LineString","coordinates":[[-106.09715,28.73692],[-106.0973,28.73688],[-106.0975,28.73673],[-106.09763,28.73664]]},"properties":{"id":1663,"nombre":"Avenida Vialidad Sacramento","clase":"trunk"}},{"type":"Feature","id":1664,"geometry":{"type":"LineString","coordinates":[[-106.08143,28.70784],[-106.08154,28.70816],[-106.08165,28.70843],[-106.08182,28.70877],[-106.08203,28.70911],[-106.08299,28.7105],[-106.08464,28.7129],[-106.08508,28.71357]]},"properties":{"id":1664,"nombre":"Avenida Vialidad Sacramento","clase":"trunk"}},{"type":"Feature","id":1665,"geometry":{"type":"LineString","coordinates":[[-106.08534,28.71367],[-106.08525,28.71353],[-106.08354,28.71101],[-106.08237,28.70934],[-106.08209,28.70891],[-106.0819,28.70858],[-106.08175,28.70826],[-106.08162,28.70793],[-106.08154,28.70764],[-106.0815,28.70747],[-106.08141,28.70702],[-106.08127,28.70628],[-106.08093,28.70444],[-106.0808,28.70375]]},"properties":{"id":1665,"nombre":"Avenida Vialidad Sacramento","clase":"trunk"}},{"type":"Feature","id":1666,"geometry":{"type":"LineString","coordinates":[[-106.09286,28.72981],[-106.09271,28.7293],[-106.09253,28.72883],[-106.09102,28.72548],[-106.09014,28.72353],[-106.08981,28.72276],[-106.08958,28.7223],[-106.08881,28.72132],[-106.08778,28.72008]]},"properties":{"id":1666,"nombre":"Avenida Vialidad Sacramento","clase":"trunk"}},{"type":"Feature","id":1667,"geometry":{"type":"LineString","coordinates":[[-106.09289,28.72992],[-106.09286,28.72981]]},"properties":{"id":1667,"nombre":"Avenida Vialidad Sacramento","clase":"trunk"}},{"type":"Feature","id":1668,"geometry":{"type":"LineString","coordinates":[[-106.09291,28.73004],[-106.09289,28.72992]]},"properties":{"id":1668,"nombre":"Avenida Vialidad Sacramento","clase":"trunk"}},{"type":"Feature","id":1669,"geometry":{"type":"LineString","coordinates":[[-106.06861,28.66317],[-106.06864,28.66336],[-106.06863,28.6635],[-106.06849,28.66513],[-106.06847,28.66549],[-106.06855,28.66753],[-106.06861,28.66859],[-106.06872,28.66924],[-106.06884,28.66964],[-106.06901,28.67007],[-106.06928,28.6706],[-106.06972,28.67129],[-106.07005,28.6718],[-106.07026,28.67218],[-106.07039,28.67245],[-106.07051,28.67274]]},"properties":{"id":1669,"nombre":"Avenida Vialidad Sacramento","clase":"trunk"}},{"type":"Feature","id":1670,"geometry":{"type":"LineString","coordinates":[[-106.07226,28.67752],[-106.07196,28.67691],[-106.07127,28.67549],[-106.07118,28.67519],[-106.07108,28.67475],[-106.0709,28.67359],[-106.07079,28.67307],[-106.07066,28.67267]]},"properties":{"id":1670,"nombre":"Avenida Vialidad Sacramento","clase":"trunk"}},{"type":"Feature","id":1671,"geometry":{"type":"LineString","coordinates":[[-106.06878,28.66388],[-106.0688,28.66347],[-106.06881,28.66328]]},"properties":{"id":1671,"nombre":"Avenida Vialidad Sacramento","clase":"trunk"}},{"type":"Feature","id":1672,"geometry":{"type":"LineString","coordinates":[[-106.09278,28.73006],[-106.09334,28.73235],[-106.09355,28.73322],[-106.09365,28.73348],[-106.09397,28.73404],[-106.09425,28.73442],[-106.09452,28.73468],[-106.09471,28.73484],[-106.0953,28.73528],[-106.09566,28.73556],[-106.09574,28.73563],[-106.09604,28.73593],[-106.09678,28.73673],[-106.09694,28.73687],[-106.09707,28.73691],[-106.09715,28.73692]]},"properties":{"id":1672,"nombre":"Avenida Vialidad Sacramento","clase":"trunk"}},{"type":"Feature","id":1673,"geometry":{"type":"LineString","coordinates":[[-106.09274,28.72995],[-106.09278,28.73006]]},"properties":{"id":1673,"nombre":"Avenida Vialidad Sacramento","clase":"trunk"}},{"type":"Feature","id":1674,"geometry":{"type":"LineString","coordinates":[[-106.0917,28.72735],[-106.09254,28.7293],[-106.09271,28.72984],[-106.09274,28.72995]]},"properties":{"id":1674,"nombre":"Avenida Vialidad Sacramento","clase":"trunk"}},{"type":"Feature","id":1675,"geometry":{"type":"LineString","coordinates":[[-106.08778,28.72008],[-106.0873,28.71948],[-106.08709,28.71917],[-106.08694,28.71888],[-106.08683,28.71859],[-106.08658,28.71764],[-106.08644,28.7171],[-106.08608,28.71564],[-106.08583,28.71466],[-106.08573,28.71434],[-106.08561,28.71409],[-106.08547,28.71387]]},"properties":{"id":1675,"nombre":"Avenida Vialidad Sacramento","clase":"trunk"}},{"type":"Feature","id":1676,"geometry":{"type":"LineString","coordinates":[[-106.08041,28.70195],[-106.07975,28.69912],[-106.07929,28.69716],[-106.07916,28.69672],[-106.07897,28.69623],[-106.07883,28.69593],[-106.07874,28.69578],[-106.07743,28.69337],[-106.07723,28.69277],[-106.0771,28.69213],[-106.07707,28.69199],[-106.07674,28.69017]]},"properties":{"id":1676,"nombre":"Avenida Vialidad Sacramento","clase":"trunk"}},{"type":"Feature","id":1677,"geometry":{"type":"LineString","coordinates":[[-106.0741,28.68205],[-106.07384,28.68108],[-106.07334,28.67974],[-106.07226,28.67752]]},"properties":{"id":1677,"nombre":"Avenida Vialidad Sacramento","clase":"trunk"}},{"type":"Feature","id":1678,"geometry":{"type":"LineString","coordinates":[[-106.06866,28.66613],[-106.06864,28.66547],[-106.06867,28.6647],[-106.06878,28.66388]]},"properties":{"id":1678,"nombre":"Avenida Vialidad Sacramento","clase":"trunk"}},{"type":"Feature","id":1679,"geometry":{"type":"LineString","coordinates":[[-106.08542,28.71408],[-106.08554,28.7143],[-106.08565,28.71456],[-106.08574,28.71485],[-106.08646,28.71781],[-106.08669,28.71868],[-106.0869,28.71919],[-106.08733,28.71978],[-106.0884,28.72106],[-106.0895,28.72249],[-106.08975,28.72299],[-106.0917,28.72735]]},"properties":{"id":1679,"nombre":"Avenida Vialidad Sacramento","clase":"trunk"}},{"type":"Feature","id":1680,"geometry":{"type":"LineString","coordinates":[[-106.08547,28.71387],[-106.08534,28.71367]]},"properties":{"id":1680,"nombre":"Avenida Vialidad Sacramento","clase":"trunk"}},{"type":"Feature","id":1681,"geometry":{"type":"LineString","coordinates":[[-106.08508,28.71357],[-106.08513,28.71366],[-106.08521,28.71377],[-106.08529,28.71389],[-106.08542,28.71408]]},"properties":{"id":1681,"nombre":"Avenida Vialidad Sacramento","clase":"trunk"}},{"type":"Feature","id":1682,"geometry":{"type":"LineString","coordinates":[[-106.0808,28.70375],[-106.08076,28.70353],[-106.08067,28.70309],[-106.08053,28.70244],[-106.08041,28.70195]]},"properties":{"id":1682,"nombre":"Avenida Vialidad Sacramento","clase":"trunk"}},{"type":"Feature","id":1683,"geometry":{"type":"LineString","coordinates":[[-106.07436,28.68293],[-106.0741,28.68205]]},"properties":{"id":1683,"nombre":"Avenida Vialidad Sacramento","clase":"trunk"}},{"type":"Feature","id":1684,"geometry":{"type":"LineString","coordinates":[[-106.09314,28.61054],[-106.09263,28.61106],[-106.09237,28.61143],[-106.09217,28.61178],[-106.0918,28.61239]]},"properties":{"id":1684,"nombre":"Avenida Zarco","clase":"primary"}},{"type":"Feature","id":1685,"geometry":{"type":"LineString","coordinates":[[-106.06993,28.65548],[-106.06899,28.65473],[-106.06836,28.65423],[-106.06802,28.65398],[-106.06733,28.6534],[-106.0671,28.65321],[-106.06666,28.65287],[-106.06624,28.65235],[-106.06601,28.65194]]},"properties":{"id":1685,"nombre":"Avenida de la Junta","clase":"secondary"}},{"type":"Feature","id":1686,"geometry":{"type":"LineString","coordinates":[[-106.06993,28.65548],[-106.07021,28.65596],[-106.0706,28.65678],[-106.07096,28.65757],[-106.07135,28.65839],[-106.07172,28.65919],[-106.07213,28.66011],[-106.07265,28.66128]]},"properties":{"id":1686,"nombre":"Avenida de la Junta","clase":"secondary"}},{"type":"Feature","id":1687,"geometry":{"type":"LineString","coordinates":[[-106.12014,28.65206],[-106.12181,28.6515],[-106.12232,28.65131],[-106.12257,28.65122],[-106.12326,28.65097],[-106.12389,28.65073],[-106.12435,28.65055],[-106.12513,28.65027],[-106.12623,28.64988],[-106.12658,28.64975]]},"properties":{"id":1687,"nombre":"Avenida de las Américas","clase":"secondary"}},{"type":"Feature","id":1688,"geometry":{"type":"LineString","coordinates":[[-106.12898,28.64879],[-106.12875,28.64894],[-106.12786,28.64929],[-106.12767,28.64932],[-106.12748,28.64932],[-106.12727,28.64934],[-106.12692,28.64946],[-106.12637,28.64965],[-106.12551,28.64995],[-106.12485,28.65019],[-106.12417,28.65043],[-106.12317,28.65079]]},"properties":{"id":1688,"nombre":"Avenida de las Américas","clase":"secondary"}},{"type":"Feature","id":1689,"geometry":{"type":"LineString","coordinates":[[-106.12867,28.64909],[-106.12877,28.64907],[-106.12885,28.64906],[-106.12892,28.64907],[-106.12903,28.6491]]},"properties":{"id":1689,"nombre":"Avenida de las Américas","clase":"secondary"}},{"type":"Feature","id":1690,"geometry":{"type":"LineString","coordinates":[[-106.12758,28.64944],[-106.12772,28.64943],[-106.12842,28.64918],[-106.12867,28.64909]]},"properties":{"id":1690,"nombre":"Avenida de las Américas","clase":"secondary"}},{"type":"Feature","id":1691,"geometry":{"type":"LineString","coordinates":[[-106.12317,28.65079],[-106.12223,28.65113],[-106.12147,28.6514],[-106.12108,28.65155],[-106.12008,28.65192]]},"properties":{"id":1691,"nombre":"Avenida de las Américas","clase":"secondary"}},{"type":"Feature","id":1692,"geometry":{"type":"LineString","coordinates":[[-106.12658,28.64975],[-106.12715,28.64955],[-106.12733,28.64949],[-106.12752,28.64945],[-106.12758,28.64944]]},"properties":{"id":1692,"nombre":"Avenida de las Américas","clase":"secondary"}},{"type":"Feature","id":1693,"geometry":{"type":"LineString","coordinates":[[-106.0832,28.66548],[-106.0831,28.66531],[-106.08296,28.66513],[-106.08274,28.66495],[-106.08253,28.66482],[-106.08227,28.66474],[-106.08197,28.6647],[-106.08164,28.66471],[-106.08125,28.66481],[-106.08067,28.66502],[-106.07965,28.66539],[-106.07927,28.66546],[-106.07901,28.66542],[-106.07881,28.66536],[-106.07874,28.66533],[-106.07866,28.6653],[-106.0785,28.66522],[-106.07841,28.66516],[-106.07823,28.66498],[-106.07813,28.66482],[-106.07779,28.66414],[-106.0772,28.66291]]},"properties":{"id":1693,"nombre":"Avenida de las Industrias","clase":"primary"}},{"type":"Feature","id":1694,"geometry":{"type":"LineString","coordinates":[[-106.08309,28.66552],[-106.08333,28.66601],[-106.08372,28.66686],[-106.08377,28.66696],[-106.08402,28.66749],[-106.08448,28.66846],[-106.08459,28.66871],[-106.0852,28.67001],[-106.08554,28.67075]]},"properties":{"id":1694,"nombre":"Avenida de las Industrias","clase":"primary"}},{"type":"Feature","id":1695,"geometry":{"type":"LineString","coordinates":[[-106.10519,28.71238],[-106.10533,28.71268],[-106.10549,28.71302],[-106.10597,28.71407],[-106.10639,28.71497],[-106.10769,28.71769],[-106.10769,28.71769]]},"properties":{"id":1695,"nombre":"Avenida de las Industrias","clase":"primary"}},{"type":"Feature","id":1696,"geometry":{"type":"LineString","coordinates":[[-106.0786,28.66543],[-106.07874,28.66549],[-106.07883,28.66551],[-106.07888,28.66553],[-106.07912,28.66556],[-106.07953,28.66554],[-106.07983,28.66546],[-106.08072,28.66513],[-106.08142,28.66487],[-106.08178,28.6648],[-106.0822,28.66483],[-106.08253,28.66496],[-106.08281,28.66514],[-106.083,28.66537],[-106.08309,28.66552]]},"properties":{"id":1696,"nombre":"Avenida de las Industrias","clase":"primary"}},{"type":"Feature","id":1697,"geometry":{"type":"LineString","coordinates":[[-106.11457,28.73204],[-106.11447,28.73188],[-106.11395,28.73077],[-106.11336,28.72949],[-106.1132,28.72912],[-106.11311,28.72894],[-106.11306,28.72881],[-106.11293,28.72855],[-106.11248,28.7276],[-106.11198,28.72652]]},"properties":{"id":1697,"nombre":"Avenida de las Industrias","clase":"primary"}},{"type":"Feature","id":1698,"geometry":{"type":"LineString","coordinates":[[-106.11429,28.73204],[-106.11445,28.73237],[-106.11492,28.73332],[-106.11589,28.73534],[-106.11608,28.73575],[-106.11658,28.7368],[-106.11777,28.7393]]},"properties":{"id":1698,"nombre":"Avenida de las Industrias","clase":"primary"}},{"type":"Feature","id":1699,"geometry":{"type":"LineString","coordinates":[[-106.11477,28.73257],[-106.1147,28.73239],[-106.11464,28.73225],[-106.11457,28.73204]]},"properties":{"id":1699,"nombre":"Avenida de las Industrias","clase":"primary"}},{"type":"Feature","id":1700,"geometry":{"type":"LineString","coordinates":[[-106.10538,28.71241],[-106.10522,28.71211],[-106.10495,28.71155],[-106.10417,28.7099],[-106.10396,28.70945],[-106.10365,28.70882],[-106.10318,28.7078],[-106.10307,28.70755],[-106.10292,28.70721],[-106.10272,28.70684],[-106.10238,28.70634],[-106.10221,28.70607],[-106.10198,28.70556]]},"properties":{"id":1700,"nombre":"Avenida de las Industrias","clase":"primary"}},{"type":"Feature","id":1701,"geometry":{"type":"LineString","coordinates":[[-106.11623,28.73568],[-106.11559,28.73431],[-106.11507,28.73321],[-106.11477,28.73257]]},"properties":{"id":1701,"nombre":"Avenida de las Industrias","clase":"primary"}},{"type":"Feature","id":1702,"geometry":{"type":"LineString","coordinates":[[-106.09293,28.68626],[-106.09259,28.68553],[-106.09225,28.68482],[-106.09205,28.68438],[-106.09179,28.68381],[-106.09155,28.68331],[-106.09114,28.68246],[-106.09082,28.68178],[-106.0904,28.68086],[-106.08999,28.67999],[-106.08949,28.67892],[-106.08946,28.67885]]},"properties":{"id":1702,"nombre":"Avenida de las Industrias","clase":"primary"}},{"type":"Feature","id":1703,"geometry":{"type":"LineString","coordinates":[[-106.09297,28.68635],[-106.09293,28.68626]]},"properties":{"id":1703,"nombre":"Avenida de las Industrias","clase":"primary"}},{"type":"Feature","id":1704,"geometry":{"type":"LineString","coordinates":[[-106.10973,28.72157],[-106.10906,28.72017],[-106.10804,28.71803],[-106.10791,28.71775],[-106.10723,28.71636],[-106.10703,28.71597]]},"properties":{"id":1704,"nombre":"Avenida de las Industrias","clase":"primary"}},{"type":"Feature","id":1705,"geometry":{"type":"LineString","coordinates":[[-106.09945,28.69979],[-106.09957,28.69943],[-106.0996,28.6992],[-106.09955,28.699],[-106.09945,28.69887],[-106.09861,28.69818],[-106.09846,28.69799],[-106.09805,28.69715],[-106.09764,28.69628],[-106.09721,28.69537],[-106.097,28.6949]]},"properties":{"id":1705,"nombre":"Avenida de las Industrias","clase":"primary"}},{"type":"Feature","id":1706,"geometry":{"type":"LineString","coordinates":[[-106.09593,28.69263],[-106.09548,28.69169],[-106.09485,28.69034],[-106.09445,28.6895],[-106.0941,28.68874],[-106.09376,28.688],[-106.09345,28.68736],[-106.09328,28.68701]]},"properties":{"id":1706,"nombre":"Avenida de las Industrias","clase":"primary"}},{"type":"Feature","id":1707,"geometry":{"type":"LineString","coordinates":[[-106.08894,28.67776],[-106.08822,28.67619],[-106.08767,28.675],[-106.08701,28.67362],[-106.08617,28.67183]]},"properties":{"id":1707,"nombre":"Avenida de las Industrias","clase":"primary"}},{"type":"Feature","id":1708,"geometry":{"type":"LineString","coordinates":[[-106.08468,28.66868],[-106.08393,28.66705],[-106.08385,28.66689],[-106.0832,28.66548]]},"properties":{"id":1708,"nombre":"Avenida de las Industrias","clase":"primary"}},{"type":"Feature","id":1709,"geometry":{"type":"LineString","coordinates":[[-106.0993,28.69983],[-106.0993,28.69992],[-106.09932,28.70008],[-106.09937,28.70023],[-106.09964,28.70082],[-106.10006,28.7017],[-106.10045,28.70257],[-106.10087,28.70343],[-106.10128,28.70431],[-106.10169,28.70518]]},"properties":{"id":1709,"nombre":"Avenida de las Industrias","clase":"primary"}},{"type":"Feature","id":1710,"geometry":{"type":"LineString","coordinates":[[-106.10956,28.72164],[-106.11035,28.7234],[-106.11039,28.72349],[-106.11054,28.72383],[-106.11119,28.72522],[-106.11127,28.7254],[-106.11172,28.72655],[-106.11191,28.72696]]},"properties":{"id":1710,"nombre":"Avenida de las Industrias","clase":"primary"}},{"type":"Feature","id":1711,"geometry":{"type":"LineString","coordinates":[[-106.11292,28.72908],[-106.11304,28.72933],[-106.11356,28.73046],[-106.11374,28.73085],[-106.1138,28.73099],[-106.11414,28.73171],[-106.11429,28.73204]]},"properties":{"id":1711,"nombre":"Avenida de las Industrias","clase":"primary"}},{"type":"Feature","id":1712,"geometry":{"type":"LineString","coordinates":[[-106.09634,28.69352],[-106.09616,28.69313],[-106.09605,28.69288],[-106.09593,28.69263]]},"properties":{"id":1712,"nombre":"Avenida de las Industrias","clase":"primary"}},{"type":"Feature","id":1713,"geometry":{"type":"LineString","coordinates":[[-106.09328,28.68701],[-106.0932,28.68684],[-106.09297,28.68635]]},"properties":{"id":1713,"nombre":"Avenida de las Industrias","clase":"primary"}},{"type":"Feature","id":1714,"geometry":{"type":"LineString","coordinates":[[-106.09583,28.69266],[-106.09603,28.69308],[-106.09668,28.69446],[-106.09696,28.69507],[-106.09734,28.69587],[-106.09774,28.69674],[-106.09816,28.69762],[-106.0983,28.6979],[-106.09836,28.69802]]},"properties":{"id":1714,"nombre":"Avenida de las Industrias","clase":"primary"}},{"type":"Feature","id":1715,"geometry":{"type":"LineString","coordinates":[[-106.09677,28.69443],[-106.09655,28.69396],[-106.09637,28.69359],[-106.09634,28.69352]]},"properties":{"id":1715,"nombre":"Avenida de las Industrias","clase":"primary"}},{"type":"Feature","id":1716,"geometry":{"type":"LineString","coordinates":[[-106.097,28.6949],[-106.09677,28.69443]]},"properties":{"id":1716,"nombre":"Avenida de las Industrias","clase":"primary"}},{"type":"Feature","id":1717,"geometry":{"type":"LineString","coordinates":[[-106.09836,28.69802],[-106.0985,28.69819],[-106.09936,28.69893],[-106.09943,28.69902],[-106.09948,28.69914],[-106.09949,28.6993],[-106.09939,28.69958],[-106.0993,28.69983]]},"properties":{"id":1717,"nombre":"Avenida de las Industrias","clase":"primary"}},{"type":"Feature","id":1718,"geometry":{"type":"LineString","coordinates":[[-106.09954,28.70033],[-106.09946,28.70012],[-106.09944,28.69996],[-106.09945,28.69983],[-106.09945,28.69979]]},"properties":{"id":1718,"nombre":"Avenida de las Industrias","clase":"primary"}},{"type":"Feature","id":1719,"geometry":{"type":"LineString","coordinates":[[-106.09975,28.70077],[-106.09954,28.70033]]},"properties":{"id":1719,"nombre":"Avenida de las Industrias","clase":"primary"}},{"type":"Feature","id":1720,"geometry":{"type":"LineString","coordinates":[[-106.09996,28.70123],[-106.09975,28.70077]]},"properties":{"id":1720,"nombre":"Avenida de las Industrias","clase":"primary"}},{"type":"Feature","id":1721,"geometry":{"type":"LineString","coordinates":[[-106.10016,28.70166],[-106.09996,28.70123]]},"properties":{"id":1721,"nombre":"Avenida de las Industrias","clase":"primary"}},{"type":"Feature","id":1722,"geometry":{"type":"LineString","coordinates":[[-106.10037,28.7021],[-106.10016,28.70166]]},"properties":{"id":1722,"nombre":"Avenida de las Industrias","clase":"primary"}},{"type":"Feature","id":1723,"geometry":{"type":"LineString","coordinates":[[-106.10057,28.70253],[-106.10037,28.7021]]},"properties":{"id":1723,"nombre":"Avenida de las Industrias","clase":"primary"}},{"type":"Feature","id":1724,"geometry":{"type":"LineString","coordinates":[[-106.10077,28.70296],[-106.10057,28.70253]]},"properties":{"id":1724,"nombre":"Avenida de las Industrias","clase":"primary"}},{"type":"Feature","id":1725,"geometry":{"type":"LineString","coordinates":[[-106.10098,28.70339],[-106.10077,28.70296]]},"properties":{"id":1725,"nombre":"Avenida de las Industrias","clase":"primary"}},{"type":"Feature","id":1726,"geometry":{"type":"LineString","coordinates":[[-106.10117,28.70382],[-106.10098,28.70339]]},"properties":{"id":1726,"nombre":"Avenida de las Industrias","clase":"primary"}},{"type":"Feature","id":1727,"geometry":{"type":"LineString","coordinates":[[-106.10158,28.70469],[-106.10117,28.70382]]},"properties":{"id":1727,"nombre":"Avenida de las Industrias","clase":"primary"}},{"type":"Feature","id":1728,"geometry":{"type":"LineString","coordinates":[[-106.10178,28.70514],[-106.10158,28.70469]]},"properties":{"id":1728,"nombre":"Avenida de las Industrias","clase":"primary"}},{"type":"Feature","id":1729,"geometry":{"type":"LineString","coordinates":[[-106.10198,28.70556],[-106.10178,28.70514]]},"properties":{"id":1729,"nombre":"Avenida de las Industrias","clase":"primary"}},{"type":"Feature","id":1730,"geometry":{"type":"LineString","coordinates":[[-106.10169,28.70518],[-106.10203,28.70589],[-106.10218,28.70621],[-106.10235,28.70648],[-106.10265,28.70699],[-106.10282,28.70734],[-106.10305,28.70785],[-106.10327,28.70832],[-106.10352,28.70887],[-106.10381,28.70946],[-106.10398,28.70982],[-106.10441,28.71072],[-106.10482,28.71158],[-106.10519,28.71238]]},"properties":{"id":1730,"nombre":"Avenida de las Industrias","clase":"primary"}},{"type":"Feature","id":1731,"geometry":{"type":"LineString","coordinates":[[-106.08608,28.67187],[-106.08686,28.67351],[-106.08708,28.67398],[-106.08755,28.67504],[-106.0883,28.67659],[-106.08884,28.67779]]},"properties":{"id":1731,"nombre":"Avenida de las Industrias","clase":"primary"}},{"type":"Feature","id":1732,"geometry":{"type":"LineString","coordinates":[[-106.07143,28.65319],[-106.07202,28.65335],[-106.07242,28.65357],[-106.07272,28.65384],[-106.07296,28.65423],[-106.07318,28.65471],[-106.07409,28.6567],[-106.0752,28.65897]]},"properties":{"id":1732,"nombre":"Avenida de las Industrias","clase":"primary"}},{"type":"Feature","id":1733,"geometry":{"type":"LineString","coordinates":[[-106.0752,28.65897],[-106.07708,28.66295],[-106.07761,28.66408],[-106.078,28.66488],[-106.07818,28.66511],[-106.07831,28.66525],[-106.0786,28.66543]]},"properties":{"id":1733,"nombre":"Avenida de las Industrias","clase":"primary"}},{"type":"Feature","id":1734,"geometry":{"type":"LineString","coordinates":[[-106.08617,28.67183],[-106.08564,28.67072],[-106.08529,28.66998],[-106.08506,28.66949],[-106.08468,28.66868]]},"properties":{"id":1734,"nombre":"Avenida de las Industrias","clase":"primary"}},{"type":"Feature","id":1735,"geometry":{"type":"LineString","coordinates":[[-106.11146,28.72529],[-106.11138,28.72512],[-106.11129,28.72492],[-106.1111,28.72452],[-106.11056,28.72332],[-106.10973,28.72157]]},"properties":{"id":1735,"nombre":"Avenida de las Industrias","clase":"primary"}},{"type":"Feature","id":1736,"geometry":{"type":"LineString","coordinates":[[-106.11198,28.72652],[-106.1119,28.72634],[-106.11182,28.72613],[-106.11151,28.7254],[-106.11146,28.72529]]},"properties":{"id":1736,"nombre":"Avenida de las Industrias","clase":"primary"}},{"type":"Feature","id":1737,"geometry":{"type":"LineString","coordinates":[[-106.11209,28.72734],[-106.11227,28.72773],[-106.11251,28.72822],[-106.11287,28.72897],[-106.11292,28.72908]]},"properties":{"id":1737,"nombre":"Avenida de las Industrias","clase":"primary"}},{"type":"Feature","id":1738,"geometry":{"type":"LineString","coordinates":[[-106.11777,28.7393],[-106.11892,28.74177],[-106.11972,28.74345],[-106.12012,28.74428],[-106.12067,28.74548]]},"properties":{"id":1738,"nombre":"Avenida de las Industrias","clase":"primary"}},{"type":"Feature","id":1739,"geometry":{"type":"LineString","coordinates":[[-106.12125,28.74671],[-106.12247,28.74921],[-106.12254,28.74929],[-106.1227,28.74938],[-106.12294,28.7494],[-106.12394,28.74899],[-106.12482,28.7486]]},"properties":{"id":1739,"nombre":"Avenida de las Industrias","clase":"primary"}},{"type":"Feature","id":1740,"geometry":{"type":"LineString","coordinates":[[-106.11675,28.73674],[-106.11649,28.73619],[-106.11623,28.73568]]},"properties":{"id":1740,"nombre":"Avenida de las Industrias","clase":"primary"}},{"type":"Feature","id":1741,"geometry":{"type":"LineString","coordinates":[[-106.11908,28.74171],[-106.11675,28.73674]]},"properties":{"id":1741,"nombre":"Avenida de las Industrias","clase":"primary"}},{"type":"Feature","id":1742,"geometry":{"type":"LineString","coordinates":[[-106.12081,28.74542],[-106.1199,28.74342],[-106.11979,28.7432],[-106.11931,28.74219],[-106.11908,28.74171]]},"properties":{"id":1742,"nombre":"Avenida de las Industrias","clase":"primary"}},{"type":"Feature","id":1743,"geometry":{"type":"LineString","coordinates":[[-106.12067,28.74548],[-106.12088,28.74591],[-106.12125,28.74671]]},"properties":{"id":1743,"nombre":"Avenida de las Industrias","clase":"primary"}},{"type":"Feature","id":1744,"geometry":{"type":"LineString","coordinates":[[-106.12157,28.7471],[-106.12121,28.74627],[-106.12103,28.74586],[-106.12081,28.74542]]},"properties":{"id":1744,"nombre":"Avenida de las Industrias","clase":"primary"}},{"type":"Feature","id":1745,"geometry":{"type":"LineString","coordinates":[[-106.06832,28.65106],[-106.06863,28.65134],[-106.06872,28.65142],[-106.06905,28.65178],[-106.0694,28.65222],[-106.06974,28.65263],[-106.07,28.65281],[-106.07022,28.65289],[-106.07143,28.65319]]},"properties":{"id":1745,"nombre":"Avenida de las Industrias","clase":"primary"}},{"type":"Feature","id":1746,"geometry":{"type":"LineString","coordinates":[[-106.06879,28.65137],[-106.06876,28.65133],[-106.06872,28.6513],[-106.0685,28.6511],[-106.0684,28.65101]]},"properties":{"id":1746,"nombre":"Avenida de las Industrias","clase":"primary"}},{"type":"Feature","id":1747,"geometry":{"type":"LineString","coordinates":[[-106.12496,28.74831],[-106.1229,28.74922],[-106.12276,28.74924],[-106.12267,28.74921],[-106.1226,28.74914],[-106.12157,28.7471]]},"properties":{"id":1747,"nombre":"Avenida de las Industrias","clase":"primary"}},{"type":"Feature","id":1748,"geometry":{"type":"LineString","coordinates":[[-106.10703,28.71597],[-106.10654,28.71491],[-106.10609,28.71394],[-106.10538,28.71241]]},"properties":{"id":1748,"nombre":"Avenida de las Industrias","clase":"primary"}},{"type":"Feature","id":1749,"geometry":{"type":"LineString","coordinates":[[-106.07186,28.65318],[-106.07014,28.65274],[-106.06989,28.65259],[-106.06924,28.65181],[-106.06902,28.65159],[-106.06879,28.65137]]},"properties":{"id":1749,"nombre":"Avenida de las Industrias","clase":"primary"}},{"type":"Feature","id":1750,"geometry":{"type":"LineString","coordinates":[[-106.11191,28.72696],[-106.11209,28.72734]]},"properties":{"id":1750,"nombre":"Avenida de las Industrias","clase":"primary"}},{"type":"Feature","id":1751,"geometry":{"type":"LineString","coordinates":[[-106.0772,28.66291],[-106.07389,28.65602],[-106.07298,28.65405],[-106.07282,28.6538],[-106.0726,28.65359],[-106.07222,28.65332],[-106.07186,28.65318]]},"properties":{"id":1751,"nombre":"Avenida de las Industrias","clase":"primary"}},{"type":"Feature","id":1752,"geometry":{"type":"LineString","coordinates":[[-106.11637,28.73636],[-106.1164,28.73672]]},"properties":{"id":1752,"nombre":"Avenida de las Industrias","clase":"primary"}},{"type":"Feature","id":1753,"geometry":{"type":"LineString","coordinates":[[-106.08554,28.67075],[-106.08574,28.67119],[-106.08608,28.67187]]},"properties":{"id":1753,"nombre":"Avenida de las Industrias","clase":"primary"}},{"type":"Feature","id":1754,"geometry":{"type":"LineString","coordinates":[[-106.08946,28.67885],[-106.08944,28.67882],[-106.0894,28.67874],[-106.08894,28.67776]]},"properties":{"id":1754,"nombre":"Avenida de las Industrias","clase":"primary"}},{"type":"Feature","id":1755,"geometry":{"type":"LineString","coordinates":[[-106.10769,28.71769],[-106.10788,28.71809],[-106.10933,28.72116],[-106.10956,28.72164]]},"properties":{"id":1755,"nombre":"Avenida de las Industrias","clase":"primary"}},{"type":"Feature","id":1756,"geometry":{"type":"LineString","coordinates":[[-106.10368,28.58388],[-106.10347,28.58396],[-106.10296,28.58418],[-106.10249,28.58439],[-106.10212,28.58455],[-106.10155,28.58482],[-106.10111,28.58501],[-106.1005,28.5853],[-106.10011,28.58549],[-106.09938,28.58584],[-106.09911,28.58607]]},"properties":{"id":1756,"nombre":"Avicultura","clase":"secondary"}},{"type":"Feature","id":1757,"geometry":{"type":"LineString","coordinates":[[-106.10144,28.62029],[-106.09981,28.62299],[-106.09925,28.62408],[-106.09915,28.62446],[-106.09907,28.6249],[-106.09878,28.62668]]},"properties":{"id":1757,"nombre":"Boulevard Antonio Ortiz Mena","clase":"primary"}},{"type":"Feature","id":1758,"geometry":{"type":"LineString","coordinates":[[-106.09762,28.6345],[-106.09762,28.63596],[-106.09763,28.63724],[-106.0977,28.63775],[-106.09788,28.63821],[-106.09802,28.63845],[-106.09856,28.63925],[-106.09917,28.64014],[-106.09977,28.64099],[-106.09986,28.64113]]},"properties":{"id":1758,"nombre":"Boulevard Antonio Ortiz Mena","clase":"primary"}},{"type":"Feature","id":1759,"geometry":{"type":"LineString","coordinates":[[-106.10016,28.64437],[-106.10003,28.64488],[-106.09962,28.64688],[-106.09935,28.64816],[-106.09922,28.64887],[-106.09898,28.65004]]},"properties":{"id":1759,"nombre":"Boulevard Antonio Ortiz Mena","clase":"primary"}},{"type":"Feature","id":1760,"geometry":{"type":"LineString","coordinates":[[-106.09965,28.65526],[-106.10008,28.65617],[-106.10037,28.65683],[-106.10066,28.65751],[-106.10093,28.65812],[-106.10106,28.65843],[-106.10117,28.65867],[-106.10133,28.65892]]},"properties":{"id":1760,"nombre":"Boulevard Antonio Ortiz Mena","clase":"primary"}},{"type":"Feature","id":1761,"geometry":{"type":"LineString","coordinates":[[-106.102,28.6194],[-106.10144,28.62029]]},"properties":{"id":1761,"nombre":"Boulevard Antonio Ortiz Mena","clase":"primary"}},{"type":"Feature","id":1762,"geometry":{"type":"LineString","coordinates":[[-106.10002,28.64117],[-106.0999,28.64099],[-106.09842,28.63881],[-106.09806,28.63827],[-106.09789,28.6379],[-106.09778,28.63753],[-106.09776,28.63733],[-106.09774,28.63662],[-106.09774,28.63597]]},"properties":{"id":1762,"nombre":"Boulevard Antonio Ortiz Mena","clase":"primary"}},{"type":"Feature","id":1763,"geometry":{"type":"LineString","coordinates":[[-106.09876,28.65298],[-106.0987,28.6525],[-106.09869,28.65219],[-106.09871,28.65192],[-106.09874,28.65171],[-106.09877,28.65154],[-106.09892,28.65085],[-106.09922,28.64951],[-106.0995,28.64821],[-106.09968,28.64731]]},"properties":{"id":1763,"nombre":"Boulevard Antonio Ortiz Mena","clase":"primary"}},{"type":"Feature","id":1764,"geometry":{"type":"LineString","coordinates":[[-106.0999,28.64122],[-106.10022,28.64175],[-106.10036,28.64205],[-106.10046,28.64242],[-106.10045,28.64284],[-106.10027,28.64387],[-106.10016,28.64437]]},"properties":{"id":1764,"nombre":"Boulevard Antonio Ortiz Mena","clase":"primary"}},{"type":"Feature","id":1765,"geometry":{"type":"LineString","coordinates":[[-106.09986,28.64113],[-106.0999,28.64122]]},"properties":{"id":1765,"nombre":"Boulevard Antonio Ortiz Mena","clase":"primary"}},{"type":"Feature","id":1766,"geometry":{"type":"LineString","coordinates":[[-106.09875,28.65329],[-106.09888,28.65362],[-106.0994,28.65472],[-106.09965,28.65526]]},"properties":{"id":1766,"nombre":"Boulevard Antonio Ortiz Mena","clase":"primary"}},{"type":"Feature","id":1767,"geometry":{"type":"LineString","coordinates":[[-106.09885,28.65327],[-106.09881,28.65318],[-106.09878,28.65308],[-106.09876,28.65298]]},"properties":{"id":1767,"nombre":"Boulevard Antonio Ortiz Mena","clase":"primary"}},{"type":"Feature","id":1768,"geometry":{"type":"LineString","coordinates":[[-106.09881,28.65083],[-106.09862,28.6517],[-106.09859,28.6519],[-106.09857,28.65212],[-106.09858,28.65245],[-106.09862,28.65278],[-106.09867,28.65303],[-106.09875,28.65329]]},"properties":{"id":1768,"nombre":"Boulevard Antonio Ortiz Mena","clase":"primary"}},{"type":"Feature","id":1769,"geometry":{"type":"LineString","coordinates":[[-106.1002,28.65615],[-106.09975,28.65522],[-106.09891,28.65342],[-106.09885,28.65327]]},"properties":{"id":1769,"nombre":"Boulevard Antonio Ortiz Mena","clase":"primary"}},{"type":"Feature","id":1770,"geometry":{"type":"LineString","coordinates":[[-106.09968,28.64731],[-106.09985,28.64631],[-106.09996,28.64579],[-106.10007,28.64516],[-106.10023,28.64449],[-106.10036,28.64406],[-106.10055,28.64335],[-106.10061,28.64305],[-106.10064,28.64278],[-106.10065,28.64257],[-106.1006,28.64221],[-106.10045,28.6418],[-106.10002,28.64117]]},"properties":{"id":1770,"nombre":"Boulevard Antonio Ortiz Mena","clase":"primary"}},{"type":"Feature","id":1771,"geometry":{"type":"LineString","coordinates":[[-106.10716,28.61216],[-106.10659,28.6129],[-106.10618,28.61349],[-106.10589,28.61389],[-106.10502,28.61511],[-106.10465,28.61562],[-106.10381,28.61679]]},"properties":{"id":1771,"nombre":"Boulevard Antonio Ortiz Mena","clase":"primary"}},{"type":"Feature","id":1772,"geometry":{"type":"LineString","coordinates":[[-106.09924,28.62455],[-106.09935,28.62415],[-106.09949,28.62381],[-106.09991,28.62308],[-106.10154,28.62033],[-106.10208,28.61948]]},"properties":{"id":1772,"nombre":"Boulevard Antonio Ortiz Mena","clase":"primary"}},{"type":"Feature","id":1773,"geometry":{"type":"LineString","coordinates":[[-106.10143,28.6588],[-106.10132,28.65854],[-106.101,28.65786],[-106.10057,28.65694],[-106.1002,28.65615]]},"properties":{"id":1773,"nombre":"Boulevard Antonio Ortiz Mena","clase":"primary"}},{"type":"Feature","id":1774,"geometry":{"type":"LineString","coordinates":[[-106.09878,28.62668],[-106.0985,28.6285],[-106.09833,28.62964],[-106.09796,28.632],[-106.09776,28.63322],[-106.09767,28.63395],[-106.09762,28.63442]]},"properties":{"id":1774,"nombre":"Boulevard Antonio Ortiz Mena","clase":"primary"}},{"type":"Feature","id":1775,"geometry":{"type":"LineString","coordinates":[[-106.09845,28.62965],[-106.09865,28.62827],[-106.09888,28.62686],[-106.09917,28.62491],[-106.09924,28.62455]]},"properties":{"id":1775,"nombre":"Boulevard Antonio Ortiz Mena","clase":"primary"}},{"type":"Feature","id":1776,"geometry":{"type":"LineString","coordinates":[[-106.09774,28.63443],[-106.09789,28.63322],[-106.09808,28.63203],[-106.09845,28.62965]]},"properties":{"id":1776,"nombre":"Boulevard Antonio Ortiz Mena","clase":"primary"}},{"type":"Feature","id":1777,"geometry":{"type":"LineString","coordinates":[[-106.09774,28.63451],[-106.09774,28.63443]]},"properties":{"id":1777,"nombre":"Boulevard Antonio Ortiz Mena","clase":"primary"}},{"type":"Feature","id":1778,"geometry":{"type":"LineString","coordinates":[[-106.09774,28.63597],[-106.09773,28.63552],[-106.09774,28.63451]]},"properties":{"id":1778,"nombre":"Boulevard Antonio Ortiz Mena","clase":"primary"}},{"type":"Feature","id":1779,"geometry":{"type":"LineString","coordinates":[[-106.10562,28.61448],[-106.10608,28.61381],[-106.10623,28.6136],[-106.10677,28.61287],[-106.10725,28.61221],[-106.10742,28.61199]]},"properties":{"id":1779,"nombre":"Boulevard Antonio Ortiz Mena","clase":"primary"}},{"type":"Feature","id":1780,"geometry":{"type":"LineString","coordinates":[[-106.10476,28.61568],[-106.10503,28.6153],[-106.10515,28.61513],[-106.10562,28.61448]]},"properties":{"id":1780,"nombre":"Boulevard Antonio Ortiz Mena","clase":"primary"}},{"type":"Feature","id":1781,"geometry":{"type":"LineString","coordinates":[[-106.10208,28.61948],[-106.10284,28.61838],[-106.10396,28.61678],[-106.10476,28.61568]]},"properties":{"id":1781,"nombre":"Boulevard Antonio Ortiz Mena","clase":"primary"}},{"type":"Feature","id":1782,"geometry":{"type":"LineString","coordinates":[[-106.10241,28.61874],[-106.102,28.6194]]},"properties":{"id":1782,"nombre":"Boulevard Antonio Ortiz Mena","clase":"primary"}},{"type":"Feature","id":1783,"geometry":{"type":"LineString","coordinates":[[-106.10732,28.61193],[-106.10724,28.61204],[-106.10716,28.61216]]},"properties":{"id":1783,"nombre":"Boulevard Antonio Ortiz Mena","clase":"primary"}},{"type":"Feature","id":1784,"geometry":{"type":"LineString","coordinates":[[-106.10146,28.65887],[-106.10143,28.6588]]},"properties":{"id":1784,"nombre":"Boulevard Antonio Ortiz Mena","clase":"primary"}},{"type":"Feature","id":1785,"geometry":{"type":"LineString","coordinates":[[-106.09898,28.65004],[-106.09881,28.65083]]},"properties":{"id":1785,"nombre":"Boulevard Antonio Ortiz Mena","clase":"primary"}},{"type":"Feature","id":1786,"geometry":{"type":"LineString","coordinates":[[-106.1033,28.6175],[-106.10299,28.61793],[-106.10251,28.61859],[-106.10241,28.61874]]},"properties":{"id":1786,"nombre":"Boulevard Antonio Ortiz Mena","clase":"primary"}},{"type":"Feature","id":1787,"geometry":{"type":"LineString","coordinates":[[-106.10381,28.61679],[-106.1033,28.6175]]},"properties":{"id":1787,"nombre":"Boulevard Antonio Ortiz Mena","clase":"primary"}},{"type":"Feature","id":1788,"geometry":{"type":"LineString","coordinates":[[-106.09762,28.63442],[-106.09762,28.6345]]},"properties":{"id":1788,"nombre":"Boulevard Antonio Ortiz Mena","clase":"primary"}},{"type":"Feature","id":1789,"geometry":{"type":"LineString","coordinates":[[-106.08305,28.63382],[-106.08278,28.63373],[-106.08186,28.63338],[-106.08078,28.63296],[-106.08025,28.6327],[-106.07979,28.6324],[-106.07957,28.63217],[-106.07956,28.63199],[-106.07973,28.63177],[-106.08015,28.6313],[-106.0804,28.63096],[-106.08045,28.63077],[-106.08039,28.63046]]},"properties":{"id":1789,"nombre":"Boulevard Díaz Ordaz","clase":"secondary"}},{"type":"Feature","id":1790,"geometry":{"type":"LineString","coordinates":[[-106.07984,28.62981],[-106.0795,28.62946],[-106.07916,28.6292],[-106.07824,28.62871],[-106.07793,28.62855],[-106.07725,28.62819],[-106.07666,28.62789],[-106.07597,28.62754],[-106.07578,28.62737],[-106.07571,28.62721],[-106.07572,28.62692],[-106.07577,28.62668],[-106.07575,28.62633],[-106.07572,28.62618]]},"properties":{"id":1790,"nombre":"Boulevard Díaz Ordaz","clase":"secondary"}},{"type":"Feature","id":1791,"geometry":{"type":"LineString","coordinates":[[-106.07542,28.62634],[-106.07563,28.62656],[-106.07562,28.62686],[-106.07562,28.62723],[-106.07569,28.6274],[-106.07594,28.6276],[-106.07661,28.62795],[-106.07718,28.62825],[-106.07763,28.6285],[-106.07808,28.62872],[-106.07847,28.62893],[-106.07929,28.6294],[-106.07949,28.62959],[-106.07976,28.62988]]},"properties":{"id":1791,"nombre":"Boulevard Díaz Ordaz","clase":"secondary"}},{"type":"Feature","id":1792,"geometry":{"type":"LineString","coordinates":[[-106.07976,28.62988],[-106.07994,28.63009],[-106.08031,28.63051],[-106.08036,28.63082],[-106.08028,28.63103],[-106.07989,28.63145],[-106.0795,28.63186],[-106.07942,28.63203],[-106.07946,28.63223],[-106.07961,28.63239],[-106.08039,28.6329],[-106.0818,28.63347],[-106.08233,28.63368]]},"properties":{"id":1792,"nombre":"Boulevard Díaz Ordaz","clase":"secondary"}},{"type":"Feature","id":1793,"geometry":{"type":"LineString","coordinates":[[-106.08233,28.63368],[-106.08277,28.63385],[-106.0831,28.63398]]},"properties":{"id":1793,"nombre":"Boulevard Díaz Ordaz","clase":"secondary"}},{"type":"Feature","id":1794,"geometry":{"type":"LineString","coordinates":[[-106.07572,28.62618],[-106.07567,28.62601]]},"properties":{"id":1794,"nombre":"Boulevard Díaz Ordaz","clase":"secondary"}},{"type":"Feature","id":1795,"geometry":{"type":"LineString","coordinates":[[-106.08015,28.63014],[-106.08002,28.63001],[-106.07996,28.62995],[-106.07984,28.62981]]},"properties":{"id":1795,"nombre":"Boulevard Díaz Ordaz","clase":"secondary"}},{"type":"Feature","id":1796,"geometry":{"type":"LineString","coordinates":[[-106.08039,28.63046],[-106.08027,28.63029],[-106.08015,28.63014]]},"properties":{"id":1796,"nombre":"Boulevard Díaz Ordaz","clase":"secondary"}},{"type":"Feature","id":1797,"geometry":{"type":"LineString","coordinates":[[-105.99218,28.60202],[-105.99124,28.60143],[-105.99069,28.60115],[-105.99001,28.60084],[-105.98827,28.60009],[-105.98699,28.59963],[-105.98594,28.5993],[-105.98535,28.59914]]},"properties":{"id":1797,"nombre":"Boulevard Fuentes Mares","clase":"trunk"}},{"type":"Feature","id":1798,"geometry":{"type":"LineString","coordinates":[[-105.99208,28.60214],[-105.9925,28.60239],[-105.99352,28.60298],[-105.99471,28.60373],[-105.99573,28.60435],[-105.9963,28.60469],[-105.99783,28.60562],[-105.99927,28.60649],[-105.99969,28.60675],[-106.00124,28.60769]]},"properties":{"id":1798,"nombre":"Boulevard Fuentes Mares","clase":"trunk"}},{"type":"Feature","id":1799,"geometry":{"type":"LineString","coordinates":[[-106.00224,28.60829],[-106.00475,28.60981],[-106.00617,28.61071],[-106.00714,28.6113],[-106.00858,28.61216],[-106.01001,28.613],[-106.01085,28.61354]]},"properties":{"id":1799,"nombre":"Boulevard Fuentes Mares","clase":"trunk"}},{"type":"Feature","id":1800,"geometry":{"type":"LineString","coordinates":[[-106.01085,28.61354],[-106.01095,28.6136],[-106.01181,28.61411],[-106.01425,28.61572],[-106.01604,28.61691]]},"properties":{"id":1800,"nombre":"Boulevard Fuentes Mares","clase":"trunk"}},{"type":"Feature","id":1801,"geometry":{"type":"LineString","coordinates":[[-106.01092,28.61338],[-106.00856,28.61196],[-106.00846,28.6119],[-106.00817,28.61173],[-106.00326,28.60874]]},"properties":{"id":1801,"nombre":"Boulevard Fuentes Mares","clase":"trunk"}},{"type":"Feature","id":1802,"geometry":{"type":"LineString","coordinates":[[-106.02757,28.6205],[-106.02837,28.62063],[-106.02922,28.62076],[-106.03021,28.62091],[-106.03033,28.62092],[-106.03096,28.62102],[-106.03191,28.62118],[-106.03286,28.62134],[-106.03559,28.62179],[-106.0372,28.62206]]},"properties":{"id":1802,"nombre":"Boulevard Fuentes Mares","clase":"primary"}},{"type":"Feature","id":1803,"geometry":{"type":"LineString","coordinates":[[-106.04224,28.62287],[-106.04267,28.62289],[-106.04333,28.62284],[-106.04536,28.62246],[-106.04609,28.62231],[-106.04649,28.62225],[-106.0471,28.62224],[-106.0485,28.62226]]},"properties":{"id":1803,"nombre":"Boulevard Fuentes Mares","clase":"primary"}},{"type":"Feature","id":1804,"geometry":{"type":"LineString","coordinates":[[-106.04846,28.62215],[-106.04702,28.62215],[-106.0464,28.62218],[-106.04571,28.62231],[-106.04453,28.62253],[-106.04304,28.62278],[-106.04266,28.62278],[-106.04245,28.62276],[-106.0418,28.62265]]},"properties":{"id":1804,"nombre":"Boulevard Fuentes Mares","clase":"primary"}},{"type":"Feature","id":1805,"geometry":{"type":"LineString","coordinates":[[-105.96164,28.59163],[-105.96147,28.59096],[-105.9614,28.59065],[-105.9612,28.58991],[-105.96055,28.5873]]},"properties":{"id":1805,"nombre":"Boulevard Fuentes Mares","clase":"trunk"}},{"type":"Feature","id":1806,"geometry":{"type":"LineString","coordinates":[[-105.96158,28.59207],[-105.96191,28.59278],[-105.96216,28.59319],[-105.96242,28.59347],[-105.96274,28.59376],[-105.96323,28.59409],[-105.96368,28.59432],[-105.96414,28.59449],[-105.96451,28.59459],[-105.96577,28.59489],[-105.96778,28.59535],[-105.96847,28.59551],[-105.96883,28.59559]]},"properties":{"id":1806,"nombre":"Boulevard Fuentes Mares","clase":"trunk"}},{"type":"Feature","id":1807,"geometry":{"type":"LineString","coordinates":[[-106.05738,28.61909],[-106.05689,28.61929],[-106.05587,28.61972],[-106.05549,28.61988],[-106.05436,28.62034],[-106.05338,28.62075],[-106.05291,28.62093],[-106.05202,28.62127],[-106.05165,28.62141],[-106.05153,28.62146]]},"properties":{"id":1807,"nombre":"Boulevard Fuentes Mares","clase":"primary"}},{"type":"Feature","id":1808,"geometry":{"type":"LineString","coordinates":[[-105.96228,28.593],[-105.96201,28.59256],[-105.9617,28.59187],[-105.96164,28.59163]]},"properties":{"id":1808,"nombre":"Boulevard Fuentes Mares","clase":"trunk"}},{"type":"Feature","id":1809,"geometry":{"type":"LineString","coordinates":[[-105.96563,28.59469],[-105.9647,28.59447],[-105.96407,28.5943],[-105.96376,28.59418],[-105.96324,28.59388],[-105.96289,28.59361],[-105.96246,28.59321],[-105.96228,28.593]]},"properties":{"id":1809,"nombre":"Boulevard Fuentes Mares","clase":"trunk"}},{"type":"Feature","id":1810,"geometry":{"type":"LineString","coordinates":[[-106.01689,28.61726],[-106.01433,28.61559],[-106.01102,28.61344]]},"properties":{"id":1810,"nombre":"Boulevard Fuentes Mares","clase":"trunk"}},{"type":"Feature","id":1811,"geometry":{"type":"LineString","coordinates":[[-106.05772,28.61901],[-106.0576,28.61903],[-106.05753,28.61904],[-106.05738,28.61909]]},"properties":{"id":1811,"nombre":"Boulevard Fuentes Mares","clase":"primary"}},{"type":"Feature","id":1812,"geometry":{"type":"LineString","coordinates":[[-106.05553,28.62005],[-106.05652,28.61964],[-106.0571,28.61939],[-106.05717,28.61941],[-106.05736,28.61951]]},"properties":{"id":1812,"nombre":"Boulevard Fuentes Mares","clase":"primary"}},{"type":"Feature","id":1813,"geometry":{"type":"LineString","coordinates":[[-106.04887,28.62227],[-106.04923,28.62228],[-106.04976,28.62226],[-106.05016,28.62218],[-106.05046,28.62208],[-106.05124,28.62176],[-106.0515,28.62166],[-106.0519,28.62151],[-106.0524,28.62133],[-106.05347,28.6209],[-106.05449,28.62048],[-106.05504,28.62026]]},"properties":{"id":1813,"nombre":"Boulevard Fuentes Mares","clase":"primary"}},{"type":"Feature","id":1814,"geometry":{"type":"LineString","coordinates":[[-105.99233,28.60211],[-105.99218,28.60202]]},"properties":{"id":1814,"nombre":"Boulevard Fuentes Mares","clase":"trunk"}},{"type":"Feature","id":1815,"geometry":{"type":"LineString","coordinates":[[-105.99351,28.60282],[-105.99233,28.60211]]},"properties":{"id":1815,"nombre":"Boulevard Fuentes Mares","clase":"trunk"}},{"type":"Feature","id":1816,"geometry":{"type":"LineString","coordinates":[[-106.00232,28.60818],[-106.00134,28.60757],[-105.99667,28.60474]]},"properties":{"id":1816,"nombre":"Boulevard Fuentes Mares","clase":"trunk"}},{"type":"Feature","id":1817,"geometry":{"type":"LineString","coordinates":[[-106.0225,28.6194],[-106.02079,28.61915],[-106.02058,28.61914],[-106.02021,28.61911],[-106.01986,28.61905]]},"properties":{"id":1817,"nombre":"Boulevard Fuentes Mares","clase":"primary"}},{"type":"Feature","id":1818,"geometry":{"type":"LineString","coordinates":[[-106.02247,28.61954],[-106.02406,28.61981],[-106.02621,28.62023],[-106.02757,28.6205]]},"properties":{"id":1818,"nombre":"Boulevard Fuentes Mares","clase":"primary"}},{"type":"Feature","id":1819,"geometry":{"type":"LineString","coordinates":[[-106.0168,28.61744],[-106.01896,28.61888],[-106.01948,28.61931],[-106.01982,28.61941],[-106.02004,28.61934]]},"properties":{"id":1819,"nombre":"Boulevard Fuentes Mares","clase":"trunk"}},{"type":"Feature","id":1820,"geometry":{"type":"LineString","coordinates":[[-106.05504,28.62026],[-106.05553,28.62005]]},"properties":{"id":1820,"nombre":"Boulevard Fuentes Mares","clase":"primary"}},{"type":"Feature","id":1821,"geometry":{"type":"LineString","coordinates":[[-106.03845,28.62209],[-106.03724,28.62191]]},"properties":{"id":1821,"nombre":"Boulevard Fuentes Mares","clase":"primary"}},{"type":"Feature","id":1822,"geometry":{"type":"LineString","coordinates":[[-106.04131,28.62256],[-106.04041,28.62241],[-106.03899,28.62218],[-106.03845,28.62209]]},"properties":{"id":1822,"nombre":"Boulevard Fuentes Mares","clase":"primary"}},{"type":"Feature","id":1823,"geometry":{"type":"LineString","coordinates":[[-106.0418,28.62265],[-106.04131,28.62256]]},"properties":{"id":1823,"nombre":"Boulevard Fuentes Mares","clase":"primary"}},{"type":"Feature","id":1824,"geometry":{"type":"LineString","coordinates":[[-106.04929,28.62214],[-106.04846,28.62215]]},"properties":{"id":1824,"nombre":"Boulevard Fuentes Mares","clase":"primary"}},{"type":"Feature","id":1825,"geometry":{"type":"LineString","coordinates":[[-106.04853,28.62226],[-106.04887,28.62227]]},"properties":{"id":1825,"nombre":"Boulevard Fuentes Mares","clase":"primary"}},{"type":"Feature","id":1826,"geometry":{"type":"LineString","coordinates":[[-106.05153,28.62146],[-106.05096,28.62169],[-106.05038,28.62193],[-106.04996,28.62206],[-106.04929,28.62214]]},"properties":{"id":1826,"nombre":"Boulevard Fuentes Mares","clase":"primary"}},{"type":"Feature","id":1827,"geometry":{"type":"LineString","coordinates":[[-106.0372,28.62206],[-106.03842,28.62225],[-106.04037,28.62257],[-106.04108,28.62268],[-106.04224,28.62287]]},"properties":{"id":1827,"nombre":"Boulevard Fuentes Mares","clase":"primary"}},{"type":"Feature","id":1828,"geometry":{"type":"LineString","coordinates":[[-105.98518,28.59929],[-105.98626,28.59957],[-105.98746,28.59996],[-105.98862,28.60042],[-105.99014,28.60108],[-105.99078,28.60138],[-105.99128,28.60164],[-105.99208,28.60214]]},"properties":{"id":1828,"nombre":"Boulevard Fuentes Mares","clase":"trunk"}},{"type":"Feature","id":1829,"geometry":{"type":"LineString","coordinates":[[-106.00124,28.60769],[-106.00224,28.60829]]},"properties":{"id":1829,"nombre":"Boulevard Fuentes Mares","clase":"trunk"}},{"type":"Feature","id":1830,"geometry":{"type":"LineString","coordinates":[[-105.97096,28.59589],[-105.96758,28.59513],[-105.96596,28.59477],[-105.96563,28.59469]]},"properties":{"id":1830,"nombre":"Boulevard Fuentes Mares","clase":"trunk"}},{"type":"Feature","id":1831,"geometry":{"type":"LineString","coordinates":[[-105.97254,28.59641],[-105.97413,28.59678],[-105.9758,28.59716],[-105.9768,28.59738],[-105.97872,28.59781],[-105.98053,28.59822],[-105.98398,28.59898],[-105.98518,28.59929]]},"properties":{"id":1831,"nombre":"Boulevard Fuentes Mares","clase":"trunk"}},{"type":"Feature","id":1832,"geometry":{"type":"LineString","coordinates":[[-106.01986,28.61905],[-106.01961,28.61904],[-106.0195,28.61913],[-106.01948,28.61931]]},"properties":{"id":1832,"nombre":"Boulevard Fuentes Mares","clase":"trunk"}},{"type":"Feature","id":1833,"geometry":{"type":"LineString","coordinates":[[-106.01986,28.61905],[-106.0196,28.61896],[-106.01938,28.61888],[-106.01927,28.61883],[-106.01881,28.61857],[-106.017,28.61733],[-106.01689,28.61726]]},"properties":{"id":1833,"nombre":"Boulevard Fuentes Mares","clase":"trunk"}},{"type":"Feature","id":1834,"geometry":{"type":"LineString","coordinates":[[-106.02042,28.61927],[-106.02068,28.61928],[-106.02086,28.61929],[-106.02247,28.61954]]},"properties":{"id":1834,"nombre":"Boulevard Fuentes Mares","clase":"primary"}},{"type":"Feature","id":1835,"geometry":{"type":"LineString","coordinates":[[-106.02004,28.61934],[-106.02015,28.61931],[-106.02031,28.61928],[-106.02042,28.61927]]},"properties":{"id":1835,"nombre":"Boulevard Fuentes Mares","clase":"primary"}},{"type":"Feature","id":1836,"geometry":{"type":"LineString","coordinates":[[-105.99358,28.60287],[-105.99351,28.60282]]},"properties":{"id":1836,"nombre":"Boulevard Fuentes Mares","clase":"trunk"}},{"type":"Feature","id":1837,"geometry":{"type":"LineString","coordinates":[[-105.99536,28.60394],[-105.99431,28.60331],[-105.99396,28.60309],[-105.99358,28.60287]]},"properties":{"id":1837,"nombre":"Boulevard Fuentes Mares","clase":"trunk"}},{"type":"Feature","id":1838,"geometry":{"type":"LineString","coordinates":[[-105.98535,28.59914],[-105.98426,28.59888],[-105.9824,28.59847],[-105.98152,28.59827],[-105.97938,28.59779],[-105.97728,28.59732],[-105.97566,28.59696],[-105.97382,28.59654],[-105.97258,28.59626],[-105.97096,28.59589]]},"properties":{"id":1838,"nombre":"Boulevard Fuentes Mares","clase":"trunk"}},{"type":"Feature","id":1839,"geometry":{"type":"LineString","coordinates":[[-105.99583,28.60423],[-105.99536,28.60394]]},"properties":{"id":1839,"nombre":"Boulevard Fuentes Mares","clase":"trunk"}},{"type":"Feature","id":1840,"geometry":{"type":"LineString","coordinates":[[-105.99667,28.60474],[-105.99638,28.60457],[-105.99602,28.60435],[-105.99583,28.60423]]},"properties":{"id":1840,"nombre":"Boulevard Fuentes Mares","clase":"trunk"}},{"type":"Feature","id":1841,"geometry":{"type":"LineString","coordinates":[[-106.03278,28.62116],[-106.03149,28.62096],[-106.02864,28.62052],[-106.0243,28.61972],[-106.02361,28.6196]]},"properties":{"id":1841,"nombre":"Boulevard Fuentes Mares","clase":"primary"}},{"type":"Feature","id":1842,"geometry":{"type":"LineString","coordinates":[[-106.01102,28.61344],[-106.01092,28.61338]]},"properties":{"id":1842,"nombre":"Boulevard Fuentes Mares","clase":"trunk"}},{"type":"Feature","id":1843,"geometry":{"type":"LineString","coordinates":[[-105.96883,28.59559],[-105.96943,28.59572],[-105.97067,28.596],[-105.97162,28.59621],[-105.97254,28.59641]]},"properties":{"id":1843,"nombre":"Boulevard Fuentes Mares","clase":"trunk"}},{"type":"Feature","id":1844,"geometry":{"type":"LineString","coordinates":[[-106.00326,28.60874],[-106.00232,28.60818]]},"properties":{"id":1844,"nombre":"Boulevard Fuentes Mares","clase":"trunk"}},{"type":"Feature","id":1845,"geometry":{"type":"LineString","coordinates":[[-106.01604,28.61691],[-106.01609,28.61694],[-106.01619,28.61701],[-106.0168,28.61744]]},"properties":{"id":1845,"nombre":"Boulevard Fuentes Mares","clase":"trunk"}},{"type":"Feature","id":1846,"geometry":{"type":"LineString","coordinates":[[-106.0485,28.62226],[-106.04853,28.62226]]},"properties":{"id":1846,"nombre":"Boulevard Fuentes Mares","clase":"primary"}},{"type":"Feature","id":1847,"geometry":{"type":"LineString","coordinates":[[-106.02361,28.6196],[-106.0225,28.6194]]},"properties":{"id":1847,"nombre":"Boulevard Fuentes Mares","clase":"primary"}},{"type":"Feature","id":1848,"geometry":{"type":"LineString","coordinates":[[-106.02239,28.63062],[-106.02312,28.62934],[-106.02349,28.62872],[-106.02419,28.62748]]},"properties":{"id":1848,"nombre":"Boulevard Juan Pablo II","clase":"primary"}},{"type":"Feature","id":1849,"geometry":{"type":"LineString","coordinates":[[-106.02224,28.63056],[-106.02207,28.63084],[-106.02168,28.63153],[-106.02129,28.63222],[-106.021,28.63272],[-106.02066,28.63331],[-106.02004,28.63442],[-106.01939,28.63556]]},"properties":{"id":1849,"nombre":"Boulevard Juan Pablo II","clase":"primary"}},{"type":"Feature","id":1850,"geometry":{"type":"LineString","coordinates":[[-106.01939,28.63556],[-106.01801,28.63803],[-106.01618,28.64121],[-106.01582,28.64183]]},"properties":{"id":1850,"nombre":"Boulevard Juan Pablo II","clase":"primary"}},{"type":"Feature","id":1851,"geometry":{"type":"LineString","coordinates":[[-105.99636,28.67636],[-105.99782,28.67383],[-105.99841,28.67277],[-105.99875,28.67219],[-106.0006,28.66892],[-106.00409,28.6628],[-106.00566,28.66005]]},"properties":{"id":1851,"nombre":"Boulevard Juan Pablo II","clase":"primary"}},{"type":"Feature","id":1852,"geometry":{"type":"LineString","coordinates":[[-106.02884,28.62326],[-106.02778,28.6235],[-106.02679,28.62376],[-106.02648,28.62389]]},"properties":{"id":1852,"nombre":"Boulevard Juan Pablo II","clase":"primary"}},{"type":"Feature","id":1853,"geometry":{"type":"LineString","coordinates":[[-106.01391,28.64522],[-106.0137,28.64557],[-106.01276,28.6472],[-106.01167,28.64915],[-106.01112,28.65012]]},"properties":{"id":1853,"nombre":"Boulevard Juan Pablo II","clase":"primary"}},{"type":"Feature","id":1854,"geometry":{"type":"LineString","coordinates":[[-106.01407,28.64527],[-106.0142,28.64505],[-106.01442,28.64466],[-106.01477,28.64405],[-106.01592,28.64197],[-106.0162,28.64146],[-106.01811,28.63808],[-106.01945,28.63575],[-106.01993,28.63494],[-106.02089,28.63327],[-106.02108,28.63293]]},"properties":{"id":1854,"nombre":"Boulevard Juan Pablo II","clase":"primary"}},{"type":"Feature","id":1855,"geometry":{"type":"LineString","coordinates":[[-106.01402,28.64536],[-106.01407,28.64527]]},"properties":{"id":1855,"nombre":"Boulevard Juan Pablo II","clase":"primary"}},{"type":"Feature","id":1856,"geometry":{"type":"LineString","coordinates":[[-106.01347,28.64629],[-106.01368,28.64594],[-106.01375,28.6458],[-106.01386,28.64562],[-106.01402,28.64536]]},"properties":{"id":1856,"nombre":"Boulevard Juan Pablo II","clase":"primary"}},{"type":"Feature","id":1857,"geometry":{"type":"LineString","coordinates":[[-106.01295,28.64725],[-106.01347,28.64629]]},"properties":{"id":1857,"nombre":"Boulevard Juan Pablo II","clase":"primary"}},{"type":"Feature","id":1858,"geometry":{"type":"LineString","coordinates":[[-106.01239,28.64823],[-106.01277,28.64758],[-106.01295,28.64725]]},"properties":{"id":1858,"nombre":"Boulevard Juan Pablo II","clase":"primary"}},{"type":"Feature","id":1859,"geometry":{"type":"LineString","coordinates":[[-106.01185,28.64919],[-106.01239,28.64823]]},"properties":{"id":1859,"nombre":"Boulevard Juan Pablo II","clase":"primary"}},{"type":"Feature","id":1860,"geometry":{"type":"LineString","coordinates":[[-106.01158,28.64966],[-106.01185,28.64919]]},"properties":{"id":1860,"nombre":"Boulevard Juan Pablo II","clase":"primary"}},{"type":"Feature","id":1861,"geometry":{"type":"LineString","coordinates":[[-106.01112,28.65012],[-106.01029,28.65158],[-106.00947,28.65302],[-106.00877,28.65425],[-106.00781,28.6559]]},"properties":{"id":1861,"nombre":"Boulevard Juan Pablo II","clase":"primary"}},{"type":"Feature","id":1862,"geometry":{"type":"LineString","coordinates":[[-106.0113,28.65015],[-106.01158,28.64966]]},"properties":{"id":1862,"nombre":"Boulevard Juan Pablo II","clase":"primary"}},{"type":"Feature","id":1863,"geometry":{"type":"LineString","coordinates":[[-106.01057,28.65143],[-106.0113,28.65015]]},"properties":{"id":1863,"nombre":"Boulevard Juan Pablo II","clase":"primary"}},{"type":"Feature","id":1864,"geometry":{"type":"LineString","coordinates":[[-106.01002,28.65239],[-106.01057,28.65143]]},"properties":{"id":1864,"nombre":"Boulevard Juan Pablo II","clase":"primary"}},{"type":"Feature","id":1865,"geometry":{"type":"LineString","coordinates":[[-106.00892,28.65432],[-106.00949,28.65334],[-106.01002,28.65239]]},"properties":{"id":1865,"nombre":"Boulevard Juan Pablo II","clase":"primary"}},{"type":"Feature","id":1866,"geometry":{"type":"LineString","coordinates":[[-106.00781,28.6559],[-106.00669,28.65785],[-106.0057,28.65961],[-106.00456,28.66161]]},"properties":{"id":1866,"nombre":"Boulevard Juan Pablo II","clase":"primary"}},{"type":"Feature","id":1867,"geometry":{"type":"LineString","coordinates":[[-106.01502,28.64318],[-106.01429,28.64449],[-106.01401,28.64501],[-106.01391,28.64522]]},"properties":{"id":1867,"nombre":"Boulevard Juan Pablo II","clase":"primary"}},{"type":"Feature","id":1868,"geometry":{"type":"LineString","coordinates":[[-106.01559,28.64221],[-106.01522,28.64284],[-106.01502,28.64318]]},"properties":{"id":1868,"nombre":"Boulevard Juan Pablo II","clase":"primary"}},{"type":"Feature","id":1869,"geometry":{"type":"LineString","coordinates":[[-106.00566,28.66005],[-106.00688,28.65791],[-106.00742,28.65695],[-106.00829,28.65543],[-106.00892,28.65432]]},"properties":{"id":1869,"nombre":"Boulevard Juan Pablo II","clase":"primary"}},{"type":"Feature","id":1870,"geometry":{"type":"LineString","coordinates":[[-106.00456,28.66161],[-106.00393,28.66271],[-106.00283,28.66461],[-106.00261,28.66501],[-106.00019,28.66927],[-105.99904,28.67128]]},"properties":{"id":1870,"nombre":"Boulevard Juan Pablo II","clase":"primary"}},{"type":"Feature","id":1871,"geometry":{"type":"LineString","coordinates":[[-105.99597,28.67695],[-105.99603,28.67686],[-105.99636,28.67636]]},"properties":{"id":1871,"nombre":"Boulevard Juan Pablo II","clase":"primary"}},{"type":"Feature","id":1872,"geometry":{"type":"LineString","coordinates":[[-105.99591,28.67678],[-105.99585,28.67686]]},"properties":{"id":1872,"nombre":"Boulevard Juan Pablo II","clase":"primary"}},{"type":"Feature","id":1873,"geometry":{"type":"LineString","coordinates":[[-106.02559,28.62507],[-106.02585,28.62466],[-106.02615,28.62443],[-106.02638,28.62431]]},"properties":{"id":1873,"nombre":"Boulevard Juan Pablo II","clase":"primary"}},{"type":"Feature","id":1874,"geometry":{"type":"LineString","coordinates":[[-106.02847,28.62351],[-106.02887,28.62338]]},"properties":{"id":1874,"nombre":"Boulevard Juan Pablo II","clase":"primary"}},{"type":"Feature","id":1875,"geometry":{"type":"LineString","coordinates":[[-106.02323,28.62879],[-106.02252,28.63005],[-106.02231,28.63043],[-106.02224,28.63056]]},"properties":{"id":1875,"nombre":"Boulevard Juan Pablo II","clase":"primary"}},{"type":"Feature","id":1876,"geometry":{"type":"LineString","coordinates":[[-106.02563,28.62462],[-106.02532,28.62519],[-106.02492,28.62587],[-106.02463,28.62636],[-106.02402,28.62742],[-106.02369,28.62801],[-106.02323,28.62879]]},"properties":{"id":1876,"nombre":"Boulevard Juan Pablo II","clase":"primary"}},{"type":"Feature","id":1877,"geometry":{"type":"LineString","coordinates":[[-106.02424,28.62738],[-106.02502,28.62603],[-106.02545,28.62529],[-106.02559,28.62507]]},"properties":{"id":1877,"nombre":"Boulevard Juan Pablo II","clase":"primary"}},{"type":"Feature","id":1878,"geometry":{"type":"LineString","coordinates":[[-106.02108,28.63293],[-106.02141,28.63235],[-106.0221,28.63116],[-106.02239,28.63062]]},"properties":{"id":1878,"nombre":"Boulevard Juan Pablo II","clase":"primary"}},{"type":"Feature","id":1879,"geometry":{"type":"LineString","coordinates":[[-106.02613,28.62399],[-106.02598,28.62412],[-106.02588,28.62425],[-106.02572,28.62447],[-106.02563,28.62462]]},"properties":{"id":1879,"nombre":"Boulevard Juan Pablo II","clase":"primary"}},{"type":"Feature","id":1880,"geometry":{"type":"LineString","coordinates":[[-106.02661,28.62403],[-106.02709,28.62384],[-106.02842,28.62352],[-106.02847,28.62351]]},"properties":{"id":1880,"nombre":"Boulevard Juan Pablo II","clase":"primary"}},{"type":"Feature","id":1881,"geometry":{"type":"LineString","coordinates":[[-105.9983,28.67258],[-105.99799,28.67313],[-105.99623,28.67628],[-105.99591,28.67678]]},"properties":{"id":1881,"nombre":"Boulevard Juan Pablo II","clase":"primary"}},{"type":"Feature","id":1882,"geometry":{"type":"LineString","coordinates":[[-105.99886,28.67159],[-105.99838,28.67243],[-105.9983,28.67258]]},"properties":{"id":1882,"nombre":"Boulevard Juan Pablo II","clase":"primary"}},{"type":"Feature","id":1883,"geometry":{"type":"LineString","coordinates":[[-105.99904,28.67128],[-105.99898,28.67139],[-105.99891,28.67151],[-105.99886,28.67159]]},"properties":{"id":1883,"nombre":"Boulevard Juan Pablo II","clase":"primary"}},{"type":"Feature","id":1884,"geometry":{"type":"LineString","coordinates":[[-106.01582,28.64183],[-106.01559,28.64221]]},"properties":{"id":1884,"nombre":"Boulevard Juan Pablo II","clase":"primary"}},{"type":"Feature","id":1885,"geometry":{"type":"LineString","coordinates":[[-106.0234,28.6285],[-106.02334,28.62868],[-106.02331,28.6288],[-106.02341,28.62885]]},"properties":{"id":1885,"nombre":"Boulevard Juan Pablo II","clase":"primary"}},{"type":"Feature","id":1886,"geometry":{"type":"LineString","coordinates":[[-106.02768,28.68297],[-106.02844,28.68344],[-106.02918,28.68381],[-106.03039,28.68419],[-106.03095,28.68435]]},"properties":{"id":1886,"nombre":"Boulevard Romanza","clase":"secondary"}},{"type":"Feature","id":1887,"geometry":{"type":"LineString","coordinates":[[-106.03277,28.6846],[-106.03727,28.68525]]},"properties":{"id":1887,"nombre":"Boulevard Romanza","clase":"secondary"}},{"type":"Feature","id":1888,"geometry":{"type":"LineString","coordinates":[[-106.02254,28.67931],[-106.02248,28.67924],[-106.02243,28.67918]]},"properties":{"id":1888,"nombre":"Boulevard Romanza","clase":"secondary"}},{"type":"Feature","id":1889,"geometry":{"type":"LineString","coordinates":[[-106.02242,28.67943],[-106.02358,28.68022],[-106.02442,28.68079],[-106.027,28.68251],[-106.02768,28.68297]]},"properties":{"id":1889,"nombre":"Boulevard Romanza","clase":"secondary"}},{"type":"Feature","id":1890,"geometry":{"type":"LineString","coordinates":[[-106.0278,28.6829],[-106.02477,28.68084],[-106.02329,28.67982],[-106.02254,28.67931]]},"properties":{"id":1890,"nombre":"Boulevard Romanza","clase":"secondary"}},{"type":"Feature","id":1891,"geometry":{"type":"LineString","coordinates":[[-106.03106,28.68415],[-106.03089,28.68416],[-106.03054,28.68412],[-106.02939,28.68374],[-106.02872,28.68343],[-106.02829,28.68321],[-106.0278,28.6829]]},"properties":{"id":1891,"nombre":"Boulevard Romanza","clase":"secondary"}},{"type":"Feature","id":1892,"geometry":{"type":"LineString","coordinates":[[-106.03133,28.68447],[-106.03146,28.68447],[-106.03154,28.68446],[-106.03174,28.68447],[-106.03277,28.6846]]},"properties":{"id":1892,"nombre":"Boulevard Romanza","clase":"secondary"}},{"type":"Feature","id":1893,"geometry":{"type":"LineString","coordinates":[[-106.03288,28.68448],[-106.03172,28.68434],[-106.03156,28.68432],[-106.03148,28.6843],[-106.03139,28.68425]]},"properties":{"id":1893,"nombre":"Boulevard Romanza","clase":"secondary"}},{"type":"Feature","id":1894,"geometry":{"type":"LineString","coordinates":[[-106.03731,28.68514],[-106.03653,28.68503],[-106.03421,28.68469],[-106.03288,28.68448]]},"properties":{"id":1894,"nombre":"Boulevard Romanza","clase":"secondary"}},{"type":"Feature","id":1895,"geometry":{"type":"LineString","coordinates":[[-106.02225,28.6794],[-106.02234,28.67941],[-106.02242,28.67943]]},"properties":{"id":1895,"nombre":"Boulevard Romanza","clase":"secondary"}},{"type":"Feature","id":1896,"geometry":{"type":"LineString","coordinates":[[-106.03727,28.68525],[-106.03816,28.68543],[-106.03957,28.68597],[-106.04002,28.68615]]},"properties":{"id":1896,"nombre":"Boulevard Romanzza","clase":"secondary"}},{"type":"Feature","id":1897,"geometry":{"type":"LineString","coordinates":[[-106.03979,28.68592],[-106.03855,28.68545],[-106.03787,28.68523],[-106.03731,28.68514]]},"properties":{"id":1897,"nombre":"Boulevard Romanzza","clase":"secondary"}},{"type":"Feature","id":1898,"geometry":{"type":"LineString","coordinates":[[-106.04009,28.68604],[-106.03979,28.68592]]},"properties":{"id":1898,"nombre":"Boulevard Romanzza","clase":"secondary"}},{"type":"Feature","id":1899,"geometry":{"type":"LineString","coordinates":[[-106.03724,28.62191],[-106.03502,28.62153],[-106.03379,28.62133],[-106.03319,28.62122],[-106.03278,28.62116]]},"properties":{"id":1899,"nombre":"Bulevar Fuentes Mares","clase":"primary"}},{"type":"Feature","id":1900,"geometry":{"type":"LineString","coordinates":[[-106.05442,28.62762],[-106.05395,28.62737],[-106.05235,28.62643],[-106.05027,28.62529],[-106.04936,28.62475],[-106.04922,28.62467]]},"properties":{"id":1900,"nombre":"Calle 11","clase":"secondary"}},{"type":"Feature","id":1901,"geometry":{"type":"LineString","coordinates":[[-106.05442,28.62762],[-106.05646,28.62879],[-106.0585,28.62991],[-106.05951,28.63049],[-106.06052,28.63104]]},"properties":{"id":1901,"nombre":"Calle 11","clase":"secondary"}},{"type":"Feature","id":1902,"geometry":{"type":"LineString","coordinates":[[-106.04835,28.62293],[-106.0483,28.62325],[-106.0484,28.62383],[-106.04863,28.6243],[-106.04876,28.62442],[-106.04922,28.62467]]},"properties":{"id":1902,"nombre":"Calle 11","clase":"secondary"}},{"type":"Feature","id":1903,"geometry":{"type":"LineString","coordinates":[[-106.04835,28.62293],[-106.04855,28.62266],[-106.04869,28.6225],[-106.04878,28.62238],[-106.04887,28.62227]]},"properties":{"id":1903,"nombre":"Calle 11","clase":"secondary"}},{"type":"Feature","id":1904,"geometry":{"type":"LineString","coordinates":[[-106.06052,28.63104],[-106.06209,28.63193],[-106.06255,28.63221],[-106.06424,28.63318],[-106.065,28.63361],[-106.0656,28.63393]]},"properties":{"id":1904,"nombre":"Calle 11","clase":"secondary"}},{"type":"Feature","id":1905,"geometry":{"type":"LineString","coordinates":[[-106.04853,28.62226],[-106.04852,28.62235],[-106.04849,28.62251],[-106.04842,28.6227],[-106.04835,28.62293]]},"properties":{"id":1905,"nombre":"Calle 11","clase":"secondary"}},{"type":"Feature","id":1906,"geometry":{"type":"LineString","coordinates":[[-106.01793,28.6029],[-106.02002,28.60293],[-106.02128,28.60293],[-106.02371,28.60296],[-106.02471,28.60298]]},"properties":{"id":1906,"nombre":"Calle 15A","clase":"secondary"}},{"type":"Feature","id":1907,"geometry":{"type":"LineString","coordinates":[[-106.01793,28.60278],[-106.01549,28.60274],[-106.01299,28.60273],[-106.01175,28.60272]]},"properties":{"id":1907,"nombre":"Calle 15A","clase":"secondary"}},{"type":"Feature","id":1908,"geometry":{"type":"LineString","coordinates":[[-106.01679,28.6029],[-106.01793,28.6029]]},"properties":{"id":1908,"nombre":"Calle 15A","clase":"secondary"}},{"type":"Feature","id":1909,"geometry":{"type":"LineString","coordinates":[[-106.01885,28.60278],[-106.01822,28.60278],[-106.01793,28.60278]]},"properties":{"id":1909,"nombre":"Calle 15A","clase":"secondary"}},{"type":"Feature","id":1910,"geometry":{"type":"LineString","coordinates":[[-106.01548,28.60289],[-106.01679,28.6029]]},"properties":{"id":1910,"nombre":"Calle 15A","clase":"secondary"}},{"type":"Feature","id":1911,"geometry":{"type":"LineString","coordinates":[[-106.01363,28.60288],[-106.01548,28.60289]]},"properties":{"id":1911,"nombre":"Calle 15A","clase":"secondary"}},{"type":"Feature","id":1912,"geometry":{"type":"LineString","coordinates":[[-106.02006,28.6028],[-106.01885,28.60278]]},"properties":{"id":1912,"nombre":"Calle 15A","clase":"secondary"}},{"type":"Feature","id":1913,"geometry":{"type":"LineString","coordinates":[[-106.02127,28.6028],[-106.02006,28.6028]]},"properties":{"id":1913,"nombre":"Calle 15A","clase":"secondary"}},{"type":"Feature","id":1914,"geometry":{"type":"LineString","coordinates":[[-106.02251,28.60281],[-106.02213,28.60281],[-106.022,28.60281],[-106.0216,28.60281],[-106.02127,28.6028]]},"properties":{"id":1914,"nombre":"Calle 15A","clase":"secondary"}},{"type":"Feature","id":1915,"geometry":{"type":"LineString","coordinates":[[-106.02547,28.60285],[-106.02493,28.60285],[-106.02445,28.60284],[-106.02375,28.60283],[-106.02251,28.60281]]},"properties":{"id":1915,"nombre":"Calle 15A","clase":"secondary"}},{"type":"Feature","id":1916,"geometry":{"type":"LineString","coordinates":[[-106.02661,28.60286],[-106.02602,28.60285],[-106.02547,28.60285]]},"properties":{"id":1916,"nombre":"Calle 15A","clase":"secondary"}},{"type":"Feature","id":1917,"geometry":{"type":"LineString","coordinates":[[-106.02959,28.60287],[-106.02897,28.60287],[-106.02779,28.60287],[-106.02661,28.60286]]},"properties":{"id":1917,"nombre":"Calle 15A","clase":"secondary"}},{"type":"Feature","id":1918,"geometry":{"type":"LineString","coordinates":[[-106.01111,28.6027],[-106.00991,28.60268],[-106.00863,28.60268],[-106.00613,28.60266],[-106.00482,28.60264]]},"properties":{"id":1918,"nombre":"Calle 15A","clase":"secondary"}},{"type":"Feature","id":1919,"geometry":{"type":"LineString","coordinates":[[-106.00243,28.60262],[-106.00181,28.60261],[-106.00029,28.60261],[-105.99924,28.60256],[-105.99859,28.6025],[-105.99797,28.60244],[-105.99701,28.60234],[-105.99585,28.60223]]},"properties":{"id":1919,"nombre":"Calle 15A","clase":"secondary"}},{"type":"Feature","id":1920,"geometry":{"type":"LineString","coordinates":[[-106.02719,28.60299],[-106.02778,28.60299],[-106.02837,28.603],[-106.02897,28.60301]]},"properties":{"id":1920,"nombre":"Calle 15A","clase":"secondary"}},{"type":"Feature","id":1921,"geometry":{"type":"LineString","coordinates":[[-106.01111,28.60285],[-106.01239,28.60285],[-106.01363,28.60288]]},"properties":{"id":1921,"nombre":"Calle 15A","clase":"secondary"}},{"type":"Feature","id":1922,"geometry":{"type":"LineString","coordinates":[[-106.00991,28.60285],[-106.01111,28.60285]]},"properties":{"id":1922,"nombre":"Calle 15A","clase":"secondary"}},{"type":"Feature","id":1923,"geometry":{"type":"LineString","coordinates":[[-106.00863,28.60284],[-106.00991,28.60285]]},"properties":{"id":1923,"nombre":"Calle 15A","clase":"secondary"}},{"type":"Feature","id":1924,"geometry":{"type":"LineString","coordinates":[[-106.00612,28.60282],[-106.00741,28.60282],[-106.00863,28.60284]]},"properties":{"id":1924,"nombre":"Calle 15A","clase":"secondary"}},{"type":"Feature","id":1925,"geometry":{"type":"LineString","coordinates":[[-105.99921,28.6027],[-106.00022,28.60275],[-106.00089,28.60277],[-106.00234,28.60279],[-106.00312,28.60279],[-106.00366,28.60279],[-106.00551,28.60281],[-106.00612,28.60282]]},"properties":{"id":1925,"nombre":"Calle 15A","clase":"secondary"}},{"type":"Feature","id":1926,"geometry":{"type":"LineString","coordinates":[[-106.02471,28.60298],[-106.02574,28.603],[-106.0266,28.603],[-106.02719,28.60299]]},"properties":{"id":1926,"nombre":"Calle 15A","clase":"secondary"}},{"type":"Feature","id":1927,"geometry":{"type":"LineString","coordinates":[[-106.01175,28.60272],[-106.01111,28.6027]]},"properties":{"id":1927,"nombre":"Calle 15A","clase":"secondary"}},{"type":"Feature","id":1928,"geometry":{"type":"LineString","coordinates":[[-106.00366,28.60263],[-106.00356,28.60263],[-106.00243,28.60262]]},"properties":{"id":1928,"nombre":"Calle 15A","clase":"secondary"}},{"type":"Feature","id":1929,"geometry":{"type":"LineString","coordinates":[[-106.00482,28.60264],[-106.00366,28.60263]]},"properties":{"id":1929,"nombre":"Calle 15A","clase":"secondary"}},{"type":"Feature","id":1930,"geometry":{"type":"LineString","coordinates":[[-105.9935,28.60201],[-105.99465,28.60212],[-105.99522,28.60217],[-105.99585,28.60223]]},"properties":{"id":1930,"nombre":"Calle 15A","clase":"secondary"}},{"type":"Feature","id":1931,"geometry":{"type":"LineString","coordinates":[[-105.9935,28.60201],[-105.99361,28.6026],[-105.99361,28.60278],[-105.99352,28.60298]]},"properties":{"id":1931,"nombre":"Calle 15A","clase":"secondary"}},{"type":"Feature","id":1932,"geometry":{"type":"LineString","coordinates":[[-106.11444,28.68965],[-106.11275,28.69028],[-106.11266,28.69034],[-106.1126,28.69039]]},"properties":{"id":1932,"nombre":"Calle 16 de Septiembre","clase":"secondary"}},{"type":"Feature","id":1933,"geometry":{"type":"LineString","coordinates":[[-106.12995,28.68399],[-106.12883,28.68439],[-106.12632,28.68531],[-106.12495,28.6858],[-106.12277,28.68658]]},"properties":{"id":1933,"nombre":"Calle 16 de Septiembre","clase":"secondary"}},{"type":"Feature","id":1934,"geometry":{"type":"LineString","coordinates":[[-106.12277,28.68658],[-106.12171,28.68696],[-106.11913,28.68795],[-106.11676,28.68884]]},"properties":{"id":1934,"nombre":"Calle 16 de Septiembre","clase":"secondary"}},{"type":"Feature","id":1935,"geometry":{"type":"LineString","coordinates":[[-106.11553,28.68926],[-106.11444,28.68965]]},"properties":{"id":1935,"nombre":"Calle 16 de Septiembre","clase":"secondary"}},{"type":"Feature","id":1936,"geometry":{"type":"LineString","coordinates":[[-106.11553,28.68926],[-106.11654,28.68892],[-106.11668,28.68887],[-106.11676,28.68884]]},"properties":{"id":1936,"nombre":"Calle 16 de Septiembre","clase":"secondary"}},{"type":"Feature","id":1937,"geometry":{"type":"LineString","coordinates":[[-106.05625,28.61692],[-106.05681,28.61725],[-106.05735,28.61756],[-106.05873,28.61834],[-106.05895,28.61854]]},"properties":{"id":1937,"nombre":"Calle 16A","clase":"secondary"}},{"type":"Feature","id":1938,"geometry":{"type":"LineString","coordinates":[[-106.05904,28.61846],[-106.05841,28.61807],[-106.05733,28.61746],[-106.0563,28.61686],[-106.05581,28.61658],[-106.05567,28.61645],[-106.05539,28.61615]]},"properties":{"id":1938,"nombre":"Calle 16A","clase":"secondary"}},{"type":"Feature","id":1939,"geometry":{"type":"LineString","coordinates":[[-106.05536,28.61629],[-106.05569,28.61658],[-106.05589,28.61671],[-106.05625,28.61692]]},"properties":{"id":1939,"nombre":"Calle 16A","clase":"secondary"}},{"type":"Feature","id":1940,"geometry":{"type":"LineString","coordinates":[[-106.05905,28.61854],[-106.05904,28.61846]]},"properties":{"id":1940,"nombre":"Calle 16A","clase":"secondary"}},{"type":"Feature","id":1941,"geometry":{"type":"LineString","coordinates":[[-106.07241,28.6246],[-106.07341,28.62522],[-106.07485,28.62603],[-106.07542,28.62634]]},"properties":{"id":1941,"nombre":"Calle 20","clase":"secondary"}},{"type":"Feature","id":1942,"geometry":{"type":"LineString","coordinates":[[-106.04977,28.61139],[-106.05176,28.61314],[-106.05315,28.61435],[-106.05435,28.61538]]},"properties":{"id":1942,"nombre":"Calle 20","clase":"secondary"}},{"type":"Feature","id":1943,"geometry":{"type":"LineString","coordinates":[[-106.04584,28.60793],[-106.04663,28.60861],[-106.04744,28.60934],[-106.04819,28.61],[-106.04977,28.61139]]},"properties":{"id":1943,"nombre":"Calle 20","clase":"secondary"}},{"type":"Feature","id":1944,"geometry":{"type":"LineString","coordinates":[[-106.05435,28.61538],[-106.05479,28.61578],[-106.05531,28.61623],[-106.05536,28.61629]]},"properties":{"id":1944,"nombre":"Calle 20","clase":"secondary"}},{"type":"Feature","id":1945,"geometry":{"type":"LineString","coordinates":[[-106.04547,28.60767],[-106.04564,28.60777],[-106.04572,28.60783],[-106.04584,28.60793]]},"properties":{"id":1945,"nombre":"Calle 20","clase":"secondary"}},{"type":"Feature","id":1946,"geometry":{"type":"LineString","coordinates":[[-106.05414,28.61506],[-106.05325,28.61428],[-106.0521,28.61329],[-106.05013,28.61157],[-106.04824,28.60995]]},"properties":{"id":1946,"nombre":"Calle 20","clase":"secondary"}},{"type":"Feature","id":1947,"geometry":{"type":"LineString","coordinates":[[-106.05444,28.6153],[-106.05414,28.61506]]},"properties":{"id":1947,"nombre":"Calle 20","clase":"secondary"}},{"type":"Feature","id":1948,"geometry":{"type":"LineString","coordinates":[[-106.04824,28.60995],[-106.0475,28.60929],[-106.04668,28.60858],[-106.04589,28.60787],[-106.04561,28.6077],[-106.04547,28.60761]]},"properties":{"id":1948,"nombre":"Calle 20","clase":"secondary"}},{"type":"Feature","id":1949,"geometry":{"type":"LineString","coordinates":[[-106.05539,28.61615],[-106.05489,28.6157],[-106.05444,28.6153]]},"properties":{"id":1949,"nombre":"Calle 20","clase":"secondary"}},{"type":"Feature","id":1950,"geometry":{"type":"LineString","coordinates":[[-106.07379,28.6247],[-106.07285,28.62416],[-106.07277,28.62412]]},"properties":{"id":1950,"nombre":"Calle 22A","clase":"secondary"}},{"type":"Feature","id":1951,"geometry":{"type":"LineString","coordinates":[[-106.07479,28.62527],[-106.07379,28.6247]]},"properties":{"id":1951,"nombre":"Calle 22A","clase":"secondary"}},{"type":"Feature","id":1952,"geometry":{"type":"LineString","coordinates":[[-106.07522,28.62553],[-106.07479,28.62527]]},"properties":{"id":1952,"nombre":"Calle 22A","clase":"secondary"}},{"type":"Feature","id":1953,"geometry":{"type":"LineString","coordinates":[[-106.07533,28.6256],[-106.07522,28.62553]]},"properties":{"id":1953,"nombre":"Calle 22A","clase":"secondary"}},{"type":"Feature","id":1954,"geometry":{"type":"LineString","coordinates":[[-106.07567,28.62601],[-106.07552,28.6258],[-106.07543,28.6257],[-106.07533,28.6256]]},"properties":{"id":1954,"nombre":"Calle 22A","clase":"secondary"}},{"type":"Feature","id":1955,"geometry":{"type":"LineString","coordinates":[[-106.08479,28.61952],[-106.08498,28.61964],[-106.08539,28.61979],[-106.08645,28.62017],[-106.08731,28.62047],[-106.0876,28.62057]]},"properties":{"id":1955,"nombre":"Calle 28","clase":"secondary"}},{"type":"Feature","id":1956,"geometry":{"type":"LineString","coordinates":[[-106.05103,28.60195],[-106.05135,28.60206],[-106.05166,28.60223],[-106.0518,28.60233]]},"properties":{"id":1956,"nombre":"Calle 38","clase":"trunk"}},{"type":"Feature","id":1957,"geometry":{"type":"LineString","coordinates":[[-106.05214,28.60262],[-106.05211,28.60239],[-106.05216,28.60221],[-106.05227,28.60204],[-106.05243,28.60193],[-106.05255,28.60188]]},"properties":{"id":1957,"nombre":"Calle 38","clase":"trunk"}},{"type":"Feature","id":1958,"geometry":{"type":"LineString","coordinates":[[-106.04676,28.63794],[-106.04779,28.63852],[-106.04883,28.6391],[-106.04984,28.63969],[-106.05086,28.64027]]},"properties":{"id":1958,"nombre":"Calle 43","clase":"secondary"}},{"type":"Feature","id":1959,"geometry":{"type":"LineString","coordinates":[[-106.07752,28.61577],[-106.07694,28.61544],[-106.07593,28.61487],[-106.07444,28.61402],[-106.07339,28.61342],[-106.07234,28.61282]]},"properties":{"id":1959,"nombre":"Calle 46","clase":"secondary"}},{"type":"Feature","id":1960,"geometry":{"type":"LineString","coordinates":[[-106.07752,28.61577],[-106.0779,28.61598],[-106.07821,28.61616],[-106.07855,28.61637],[-106.07947,28.61688],[-106.08039,28.6174]]},"properties":{"id":1960,"nombre":"Calle 46","clase":"secondary"}},{"type":"Feature","id":1961,"geometry":{"type":"LineString","coordinates":[[-106.06692,28.60974],[-106.06777,28.61022],[-106.06828,28.6105],[-106.0693,28.6111],[-106.07032,28.6117],[-106.07234,28.61282]]},"properties":{"id":1961,"nombre":"Calle 46","clase":"secondary"}},{"type":"Feature","id":1962,"geometry":{"type":"LineString","coordinates":[[-106.06692,28.60974],[-106.06672,28.60969],[-106.06662,28.60967],[-106.06647,28.60967],[-106.0662,28.6097],[-106.06585,28.60985],[-106.06494,28.61043],[-106.06433,28.61082],[-106.06415,28.61093],[-106.06357,28.6113]]},"properties":{"id":1962,"nombre":"Calle 46","clase":"secondary"}},{"type":"Feature","id":1963,"geometry":{"type":"LineString","coordinates":[[-106.04166,28.64198],[-106.04226,28.64227],[-106.04327,28.64278]]},"properties":{"id":1963,"nombre":"Calle 57 A","clase":"secondary"}},{"type":"Feature","id":1964,"geometry":{"type":"LineString","coordinates":[[-106.04166,28.64198],[-106.04144,28.64189],[-106.04124,28.64179],[-106.04114,28.64174]]},"properties":{"id":1964,"nombre":"Calle 57a","clase":"secondary"}},{"type":"Feature","id":1965,"geometry":{"type":"LineString","coordinates":[[-106.13267,28.68839],[-106.13243,28.68847],[-106.13218,28.68849],[-106.13206,28.68847]]},"properties":{"id":1965,"nombre":"Calle 6 De Mayo","clase":"secondary"}},{"type":"Feature","id":1966,"geometry":{"type":"LineString","coordinates":[[-106.03661,28.64751],[-106.03677,28.64758],[-106.03716,28.64775],[-106.03768,28.64799]]},"properties":{"id":1966,"nombre":"Calle 67","clase":"secondary"}},{"type":"Feature","id":1967,"geometry":{"type":"LineString","coordinates":[[-106.0884,28.60642],[-106.08944,28.60698],[-106.0905,28.60757],[-106.09257,28.60874],[-106.09321,28.60911]]},"properties":{"id":1967,"nombre":"Calle 70","clase":"secondary"}},{"type":"Feature","id":1968,"geometry":{"type":"LineString","coordinates":[[-106.0884,28.60642],[-106.08743,28.60588],[-106.08654,28.60537],[-106.08644,28.60531]]},"properties":{"id":1968,"nombre":"Calle 70","clase":"secondary"}},{"type":"Feature","id":1969,"geometry":{"type":"LineString","coordinates":[[-106.14854,28.6987],[-106.14816,28.69842],[-106.14735,28.69781]]},"properties":{"id":1969,"nombre":"Calle Abolición de la Esclavitud","clase":"secondary"}},{"type":"Feature","id":1970,"geometry":{"type":"LineString","coordinates":[[-106.14888,28.69897],[-106.14854,28.6987]]},"properties":{"id":1970,"nombre":"Calle Abolición de la Esclavitud","clase":"secondary"}},{"type":"Feature","id":1971,"geometry":{"type":"LineString","coordinates":[[-106.15022,28.69985],[-106.15002,28.69977],[-106.14962,28.6995],[-106.14888,28.69897]]},"properties":{"id":1971,"nombre":"Calle Abolición de la Esclavitud","clase":"secondary"}},{"type":"Feature","id":1972,"geometry":{"type":"LineString","coordinates":[[-106.15071,28.70172],[-106.151,28.70189],[-106.15119,28.70207],[-106.15131,28.70228],[-106.15148,28.7028],[-106.15249,28.70669],[-106.15251,28.7068]]},"properties":{"id":1972,"nombre":"Calle Abolición de la Esclavitud","clase":"secondary"}},{"type":"Feature","id":1973,"geometry":{"type":"LineString","coordinates":[[-106.1535,28.71035],[-106.15353,28.71049],[-106.15363,28.71091],[-106.15391,28.71192],[-106.15421,28.713],[-106.15425,28.71342],[-106.15417,28.71385],[-106.15416,28.71402]]},"properties":{"id":1973,"nombre":"Calle Abolición de la Esclavitud","clase":"secondary"}},{"type":"Feature","id":1974,"geometry":{"type":"LineString","coordinates":[[-106.15419,28.71182],[-106.15415,28.71159],[-106.15406,28.7114],[-106.15389,28.71111],[-106.15366,28.71039],[-106.1534,28.70941],[-106.1531,28.70835],[-106.1527,28.70677],[-106.15161,28.70269]]},"properties":{"id":1974,"nombre":"Calle Abolición de la Esclavitud","clase":"secondary"}},{"type":"Feature","id":1975,"geometry":{"type":"LineString","coordinates":[[-106.15251,28.7068],[-106.15341,28.71008],[-106.1535,28.71035]]},"properties":{"id":1975,"nombre":"Calle Abolición de la Esclavitud","clase":"secondary"}},{"type":"Feature","id":1976,"geometry":{"type":"LineString","coordinates":[[-106.15161,28.70269],[-106.15142,28.70199],[-106.15142,28.70174],[-106.15148,28.7015]]},"properties":{"id":1976,"nombre":"Calle Abolición de la Esclavitud","clase":"secondary"}},{"type":"Feature","id":1977,"geometry":{"type":"LineString","coordinates":[[-106.15418,28.7119],[-106.15419,28.71182]]},"properties":{"id":1977,"nombre":"Calle Abolición de la Esclavitud","clase":"secondary"}},{"type":"Feature","id":1978,"geometry":{"type":"LineString","coordinates":[[-106.15463,28.7138],[-106.15453,28.71363],[-106.15441,28.7132],[-106.1542,28.71231],[-106.15418,28.7119]]},"properties":{"id":1978,"nombre":"Calle Abolición de la Esclavitud","clase":"secondary"}},{"type":"Feature","id":1979,"geometry":{"type":"LineString","coordinates":[[-106.14727,28.6979],[-106.14838,28.69871],[-106.14946,28.69952],[-106.14966,28.6998],[-106.14974,28.70006],[-106.14978,28.7003]]},"properties":{"id":1979,"nombre":"Calle Abolición de la Esclavitud","clase":"secondary"}},{"type":"Feature","id":1980,"geometry":{"type":"LineString","coordinates":[[-106.12015,28.72647],[-106.12009,28.72636]]},"properties":{"id":1980,"nombre":"Calle Alfonso Sosa Vera","clase":"secondary"}},{"type":"Feature","id":1981,"geometry":{"type":"LineString","coordinates":[[-106.12007,28.7265],[-106.12022,28.72682],[-106.12058,28.72756],[-106.12085,28.7281],[-106.12087,28.72831],[-106.12082,28.7285],[-106.12051,28.72912],[-106.12046,28.72933],[-106.12054,28.72957],[-106.12082,28.73016],[-106.12121,28.73091],[-106.12144,28.73136],[-106.12171,28.73193]]},"properties":{"id":1981,"nombre":"Calle Alfonso Sosa Vera","clase":"secondary"}},{"type":"Feature","id":1982,"geometry":{"type":"LineString","coordinates":[[-106.12141,28.7311],[-106.12096,28.73016],[-106.12066,28.72957],[-106.12058,28.72935],[-106.12061,28.72918],[-106.1209,28.72854],[-106.12097,28.72839],[-106.12097,28.72811],[-106.1207,28.72756],[-106.12035,28.72682],[-106.12015,28.72647]]},"properties":{"id":1982,"nombre":"Calle Alfonso Sosa Vera","clase":"secondary"}},{"type":"Feature","id":1983,"geometry":{"type":"LineString","coordinates":[[-106.12341,28.73764],[-106.12351,28.73847],[-106.1236,28.73887],[-106.12376,28.73935],[-106.12386,28.73956],[-106.12407,28.73997],[-106.12434,28.74034],[-106.1246,28.74066],[-106.12477,28.74087],[-106.12514,28.74128],[-106.12556,28.74173],[-106.12591,28.74213],[-106.1262,28.74253],[-106.12645,28.74305],[-106.12651,28.74332],[-106.12653,28.7435]]},"properties":{"id":1983,"nombre":"Calle Alfonso Sosa Vera","clase":"secondary"}},{"type":"Feature","id":1984,"geometry":{"type":"LineString","coordinates":[[-106.12752,28.74707],[-106.12764,28.74737],[-106.12777,28.74762],[-106.1279,28.74787],[-106.12807,28.7481],[-106.12832,28.74832],[-106.12845,28.74842],[-106.12863,28.74859],[-106.12875,28.74876],[-106.12884,28.74891],[-106.129,28.74926],[-106.12915,28.74965],[-106.12947,28.75045],[-106.12969,28.75097]]},"properties":{"id":1984,"nombre":"Calle Alfonso Sosa Vera","clase":"secondary"}},{"type":"Feature","id":1985,"geometry":{"type":"LineString","coordinates":[[-106.12185,28.73196],[-106.12179,28.73184],[-106.12154,28.73134],[-106.12152,28.7313],[-106.12141,28.7311]]},"properties":{"id":1985,"nombre":"Calle Alfonso Sosa Vera","clase":"secondary"}},{"type":"Feature","id":1986,"geometry":{"type":"LineString","coordinates":[[-106.12208,28.73243],[-106.12203,28.73233],[-106.12185,28.73196]]},"properties":{"id":1986,"nombre":"Calle Alfonso Sosa Vera","clase":"secondary"}},{"type":"Feature","id":1987,"geometry":{"type":"LineString","coordinates":[[-106.1223,28.7329],[-106.12208,28.73243]]},"properties":{"id":1987,"nombre":"Calle Alfonso Sosa Vera","clase":"secondary"}},{"type":"Feature","id":1988,"geometry":{"type":"LineString","coordinates":[[-106.12219,28.73294],[-106.12239,28.7334],[-106.12291,28.73466],[-106.12305,28.73509],[-106.12314,28.73551],[-106.12324,28.73637],[-106.12335,28.73722],[-106.12341,28.73764]]},"properties":{"id":1988,"nombre":"Calle Alfonso Sosa Vera","clase":"secondary"}},{"type":"Feature","id":1989,"geometry":{"type":"LineString","coordinates":[[-106.1225,28.73336],[-106.12239,28.73311],[-106.1223,28.7329]]},"properties":{"id":1989,"nombre":"Calle Alfonso Sosa Vera","clase":"secondary"}},{"type":"Feature","id":1990,"geometry":{"type":"LineString","coordinates":[[-106.12653,28.7435],[-106.12651,28.74486],[-106.12652,28.74521],[-106.12659,28.74535],[-106.12711,28.74628],[-106.12739,28.74682],[-106.12752,28.74707]]},"properties":{"id":1990,"nombre":"Calle Alfonso Sosa Vera","clase":"secondary"}},{"type":"Feature","id":1991,"geometry":{"type":"LineString","coordinates":[[-106.12171,28.73193],[-106.12183,28.7322],[-106.12192,28.73237],[-106.12208,28.73272],[-106.12219,28.73294]]},"properties":{"id":1991,"nombre":"Calle Alfonso Sosa Vera","clase":"secondary"}},{"type":"Feature","id":1992,"geometry":{"type":"LineString","coordinates":[[-106.12001,28.72639],[-106.12007,28.7265]]},"properties":{"id":1992,"nombre":"Calle Alfonso Sosa Vera","clase":"secondary"}},{"type":"Feature","id":1993,"geometry":{"type":"LineString","coordinates":[[-106.11852,28.70516],[-106.11732,28.70563]]},"properties":{"id":1993,"nombre":"Calle Amada Armendáriz","clase":"secondary"}},{"type":"Feature","id":1994,"geometry":{"type":"LineString","coordinates":[[-106.10951,28.6527],[-106.1105,28.65287],[-106.11226,28.65319],[-106.11402,28.6535],[-106.11532,28.65373],[-106.11547,28.65375]]},"properties":{"id":1994,"nombre":"Calle Andrés Facundo Carbonel","clase":"secondary"}},{"type":"Feature","id":1995,"geometry":{"type":"LineString","coordinates":[[-106.09881,28.65083],[-106.099,28.65087],[-106.09934,28.65093],[-106.09992,28.65103],[-106.1015,28.65129],[-106.10235,28.65143],[-106.10253,28.65146],[-106.10422,28.65176],[-106.10506,28.65192]]},"properties":{"id":1995,"nombre":"Calle Andrés Facundo Carbonel","clase":"secondary"}},{"type":"Feature","id":1996,"geometry":{"type":"LineString","coordinates":[[-106.10506,28.65192],[-106.10597,28.65207],[-106.10773,28.65238],[-106.10951,28.6527]]},"properties":{"id":1996,"nombre":"Calle Andrés Facundo Carbonel","clase":"secondary"}},{"type":"Feature","id":1997,"geometry":{"type":"LineString","coordinates":[[-106.09871,28.65082],[-106.09881,28.65083]]},"properties":{"id":1997,"nombre":"Calle Andrés Facundo Carbonel","clase":"secondary"}},{"type":"Feature","id":1998,"geometry":{"type":"LineString","coordinates":[[-106.09012,28.64724],[-106.09017,28.64728]]},"properties":{"id":1998,"nombre":"Calle Antonio De Montes","clase":"secondary"}},{"type":"Feature","id":1999,"geometry":{"type":"LineString","coordinates":[[-106.09114,28.64744],[-106.0903,28.64727],[-106.09025,28.64727],[-106.09021,28.64727],[-106.09017,28.64728]]},"properties":{"id":1999,"nombre":"Calle Antonio De Montes","clase":"secondary"}},{"type":"Feature","id":2000,"geometry":{"type":"LineString","coordinates":[[-106.0921,28.6476],[-106.09114,28.64744]]},"properties":{"id":2000,"nombre":"Calle Antonio De Montes","clase":"secondary"}},{"type":"Feature","id":2001,"geometry":{"type":"LineString","coordinates":[[-106.09659,28.64839],[-106.0948,28.64808],[-106.09392,28.64793],[-106.0921,28.6476]]},"properties":{"id":2001,"nombre":"Calle Antonio De Montes","clase":"secondary"}},{"type":"Feature","id":2002,"geometry":{"type":"LineString","coordinates":[[-106.09787,28.64863],[-106.09746,28.64855],[-106.09659,28.64839]]},"properties":{"id":2002,"nombre":"Calle Antonio De Montes","clase":"secondary"}},{"type":"Feature","id":2003,"geometry":{"type":"LineString","coordinates":[[-106.09834,28.64871],[-106.09787,28.64863]]},"properties":{"id":2003,"nombre":"Calle Antonio De Montes","clase":"secondary"}},{"type":"Feature","id":2004,"geometry":{"type":"LineString","coordinates":[[-106.09912,28.64885],[-106.09854,28.64875],[-106.09834,28.64871]]},"properties":{"id":2004,"nombre":"Calle Antonio De Montes","clase":"secondary"}},{"type":"Feature","id":2005,"geometry":{"type":"LineString","coordinates":[[-106.10993,28.65077],[-106.10816,28.65045],[-106.1064,28.65014],[-106.10419,28.64976],[-106.10385,28.64969]]},"properties":{"id":2005,"nombre":"Calle Antonio de Montes","clase":"secondary"}},{"type":"Feature","id":2006,"geometry":{"type":"LineString","coordinates":[[-106.09935,28.64889],[-106.09922,28.64887],[-106.09912,28.64885]]},"properties":{"id":2006,"nombre":"Calle Antonio de Montes","clase":"secondary"}},{"type":"Feature","id":2007,"geometry":{"type":"LineString","coordinates":[[-106.10195,28.64935],[-106.1013,28.64923],[-106.10069,28.64912],[-106.09941,28.6489],[-106.09935,28.64889]]},"properties":{"id":2007,"nombre":"Calle Antonio de Montes","clase":"secondary"}},{"type":"Feature","id":2008,"geometry":{"type":"LineString","coordinates":[[-106.10375,28.64968],[-106.10262,28.64948],[-106.10237,28.64943],[-106.10228,28.64941],[-106.10195,28.64935]]},"properties":{"id":2008,"nombre":"Calle Antonio de Montes","clase":"secondary"}},{"type":"Feature","id":2009,"geometry":{"type":"LineString","coordinates":[[-106.10385,28.64969],[-106.10375,28.64968]]},"properties":{"id":2009,"nombre":"Calle Antonio de Montes","clase":"secondary"}},{"type":"Feature","id":2010,"geometry":{"type":"LineString","coordinates":[[-106.11005,28.65079],[-106.10993,28.65077]]},"properties":{"id":2010,"nombre":"Calle Antonio de Montes","clase":"secondary"}},{"type":"Feature","id":2011,"geometry":{"type":"LineString","coordinates":[[-106.11093,28.65095],[-106.11005,28.65079]]},"properties":{"id":2011,"nombre":"Calle Antonio de Montes","clase":"secondary"}},{"type":"Feature","id":2012,"geometry":{"type":"LineString","coordinates":[[-106.11183,28.65111],[-106.11093,28.65095]]},"properties":{"id":2012,"nombre":"Calle Antonio de Montes","clase":"secondary"}},{"type":"Feature","id":2013,"geometry":{"type":"LineString","coordinates":[[-106.11269,28.65126],[-106.11183,28.65111]]},"properties":{"id":2013,"nombre":"Calle Antonio de Montes","clase":"secondary"}},{"type":"Feature","id":2014,"geometry":{"type":"LineString","coordinates":[[-106.11357,28.65142],[-106.11269,28.65126]]},"properties":{"id":2014,"nombre":"Calle Antonio de Montes","clase":"secondary"}},{"type":"Feature","id":2015,"geometry":{"type":"LineString","coordinates":[[-106.11904,28.65148],[-106.1183,28.65178],[-106.11768,28.652],[-106.11731,28.65204],[-106.11623,28.65189],[-106.11447,28.65158],[-106.11357,28.65142]]},"properties":{"id":2015,"nombre":"Calle Antonio de Montes","clase":"secondary"}},{"type":"Feature","id":2016,"geometry":{"type":"LineString","coordinates":[[-106.13417,28.73475],[-106.13469,28.73569],[-106.13496,28.73618]]},"properties":{"id":2016,"nombre":"Calle Arroz","clase":"secondary"}},{"type":"Feature","id":2017,"geometry":{"type":"LineString","coordinates":[[-106.13383,28.73414],[-106.13387,28.73422],[-106.13417,28.73475]]},"properties":{"id":2017,"nombre":"Calle Arroz","clase":"secondary"}},{"type":"Feature","id":2018,"geometry":{"type":"LineString","coordinates":[[-106.13491,28.73581],[-106.1348,28.73558],[-106.1346,28.73514],[-106.13455,28.73505],[-106.13408,28.73406]]},"properties":{"id":2018,"nombre":"Calle Arroz","clase":"secondary"}},{"type":"Feature","id":2019,"geometry":{"type":"LineString","coordinates":[[-106.13513,28.73621],[-106.13508,28.73611],[-106.135,28.73596],[-106.13491,28.73581]]},"properties":{"id":2019,"nombre":"Calle Arroz","clase":"secondary"}},{"type":"Feature","id":2020,"geometry":{"type":"LineString","coordinates":[[-106.09641,28.64146],[-106.09652,28.64135],[-106.09669,28.64126],[-106.09715,28.64118]]},"properties":{"id":2020,"nombre":"Calle Bosque Del Secreto","clase":"primary"}},{"type":"Feature","id":2021,"geometry":{"type":"LineString","coordinates":[[-106.09631,28.64172],[-106.09634,28.64163],[-106.09641,28.64146]]},"properties":{"id":2021,"nombre":"Calle Bosque Del Secreto","clase":"primary"}},{"type":"Feature","id":2022,"geometry":{"type":"LineString","coordinates":[[-106.11406,28.62433],[-106.11336,28.62473],[-106.11221,28.62538],[-106.11196,28.62551],[-106.11123,28.62594],[-106.11027,28.62645],[-106.10943,28.62692],[-106.10881,28.62726]]},"properties":{"id":2022,"nombre":"Calle California","clase":"secondary"}},{"type":"Feature","id":2023,"geometry":{"type":"LineString","coordinates":[[-106.10753,28.62792],[-106.10697,28.62826],[-106.10657,28.6285],[-106.10528,28.62905],[-106.10474,28.62915],[-106.10406,28.62916],[-106.10341,28.62922],[-106.10164,28.62951],[-106.101,28.62961]]},"properties":{"id":2023,"nombre":"Calle California","clase":"secondary"}},{"type":"Feature","id":2024,"geometry":{"type":"LineString","coordinates":[[-106.10753,28.62792],[-106.10819,28.62757],[-106.10881,28.62726]]},"properties":{"id":2024,"nombre":"Calle California","clase":"secondary"}},{"type":"Feature","id":2025,"geometry":{"type":"LineString","coordinates":[[-106.101,28.62961],[-106.1,28.62977],[-106.09963,28.62979],[-106.09909,28.62973],[-106.0986,28.62967],[-106.09845,28.62965],[-106.09824,28.62963]]},"properties":{"id":2025,"nombre":"Calle California","clase":"secondary"}},{"type":"Feature","id":2026,"geometry":{"type":"LineString","coordinates":[[-106.06548,28.61239],[-106.06595,28.61174],[-106.06651,28.61096],[-106.06665,28.61078],[-106.06727,28.60992]]},"properties":{"id":2026,"nombre":"Calle Cayetano Justiniani","clase":"secondary"}},{"type":"Feature","id":2027,"geometry":{"type":"LineString","coordinates":[[-106.06484,28.61324],[-106.06548,28.61239]]},"properties":{"id":2027,"nombre":"Calle Cayetano Justiniani","clase":"secondary"}},{"type":"Feature","id":2028,"geometry":{"type":"LineString","coordinates":[[-106.06453,28.61367],[-106.06484,28.61324]]},"properties":{"id":2028,"nombre":"Calle Cayetano Justiniani","clase":"secondary"}},{"type":"Feature","id":2029,"geometry":{"type":"LineString","coordinates":[[-106.06421,28.61411],[-106.06453,28.61367]]},"properties":{"id":2029,"nombre":"Calle Cayetano Justiniani","clase":"secondary"}},{"type":"Feature","id":2030,"geometry":{"type":"LineString","coordinates":[[-106.06383,28.61462],[-106.06421,28.61411]]},"properties":{"id":2030,"nombre":"Calle Cayetano Justiniani","clase":"secondary"}},{"type":"Feature","id":2031,"geometry":{"type":"LineString","coordinates":[[-106.06347,28.61512],[-106.06383,28.61462]]},"properties":{"id":2031,"nombre":"Calle Cayetano Justiniani","clase":"secondary"}},{"type":"Feature","id":2032,"geometry":{"type":"LineString","coordinates":[[-106.0631,28.61563],[-106.06347,28.61512]]},"properties":{"id":2032,"nombre":"Calle Cayetano Justiniani","clase":"secondary"}},{"type":"Feature","id":2033,"geometry":{"type":"LineString","coordinates":[[-106.06273,28.61614],[-106.0631,28.61563]]},"properties":{"id":2033,"nombre":"Calle Cayetano Justiniani","clase":"secondary"}},{"type":"Feature","id":2034,"geometry":{"type":"LineString","coordinates":[[-106.06234,28.61667],[-106.06273,28.61614]]},"properties":{"id":2034,"nombre":"Calle Cayetano Justiniani","clase":"secondary"}},{"type":"Feature","id":2035,"geometry":{"type":"LineString","coordinates":[[-106.06198,28.61717],[-106.06234,28.61667]]},"properties":{"id":2035,"nombre":"Calle Cayetano Justiniani","clase":"secondary"}},{"type":"Feature","id":2036,"geometry":{"type":"LineString","coordinates":[[-106.06161,28.61767],[-106.06198,28.61717]]},"properties":{"id":2036,"nombre":"Calle Cayetano Justiniani","clase":"secondary"}},{"type":"Feature","id":2037,"geometry":{"type":"LineString","coordinates":[[-106.06121,28.61821],[-106.06161,28.61767]]},"properties":{"id":2037,"nombre":"Calle Cayetano Justiniani","clase":"secondary"}},{"type":"Feature","id":2038,"geometry":{"type":"LineString","coordinates":[[-106.06096,28.61852],[-106.06121,28.61821]]},"properties":{"id":2038,"nombre":"Calle Cayetano Justiniani","clase":"secondary"}},{"type":"Feature","id":2039,"geometry":{"type":"LineString","coordinates":[[-106.06091,28.61859],[-106.06096,28.61852]]},"properties":{"id":2039,"nombre":"Calle Cayetano Justiniani","clase":"secondary"}},{"type":"Feature","id":2040,"geometry":{"type":"LineString","coordinates":[[-106.05992,28.61998],[-106.06044,28.61929],[-106.06076,28.61878],[-106.06091,28.61859]]},"properties":{"id":2040,"nombre":"Calle Cayetano Justiniani","clase":"secondary"}},{"type":"Feature","id":2041,"geometry":{"type":"LineString","coordinates":[[-106.04676,28.63794],[-106.04611,28.63882],[-106.04544,28.63976],[-106.04512,28.64021],[-106.04448,28.64107],[-106.04376,28.64207],[-106.04327,28.64278]]},"properties":{"id":2041,"nombre":"Calle Cayetano Justiniani","clase":"secondary"}},{"type":"Feature","id":2042,"geometry":{"type":"LineString","coordinates":[[-106.04182,28.60604],[-106.04243,28.60631],[-106.04341,28.60674],[-106.0445,28.60722],[-106.04544,28.60766],[-106.04547,28.60767]]},"properties":{"id":2042,"nombre":"Calle Chichimeca","clase":"secondary"}},{"type":"Feature","id":2043,"geometry":{"type":"LineString","coordinates":[[-106.04344,28.60669],[-106.04295,28.60648],[-106.04248,28.60625],[-106.04215,28.6061],[-106.04193,28.60599]]},"properties":{"id":2043,"nombre":"Calle Chichimeca","clase":"secondary"}},{"type":"Feature","id":2044,"geometry":{"type":"LineString","coordinates":[[-106.04444,28.60713],[-106.04406,28.60698],[-106.04372,28.60683],[-106.04344,28.60669]]},"properties":{"id":2044,"nombre":"Calle Chichimeca","clase":"secondary"}},{"type":"Feature","id":2045,"geometry":{"type":"LineString","coordinates":[[-106.04547,28.60761],[-106.04501,28.60739],[-106.04453,28.60717],[-106.04444,28.60713]]},"properties":{"id":2045,"nombre":"Calle Chichimeca","clase":"secondary"}},{"type":"Feature","id":2046,"geometry":{"type":"LineString","coordinates":[[-106.11557,28.66589],[-106.11587,28.66651],[-106.11655,28.66799],[-106.11703,28.66903],[-106.11705,28.66907]]},"properties":{"id":2046,"nombre":"Calle Chichontepec","clase":"secondary"}},{"type":"Feature","id":2047,"geometry":{"type":"LineString","coordinates":[[-106.1535,28.71035],[-106.15337,28.71042],[-106.15352,28.71043]]},"properties":{"id":2047,"nombre":"Calle Colegio San Ildefonso","clase":"secondary"}},{"type":"Feature","id":2048,"geometry":{"type":"LineString","coordinates":[[-106.15212,28.71081],[-106.15237,28.71073],[-106.1531,28.71051],[-106.15332,28.71044],[-106.15337,28.71042]]},"properties":{"id":2048,"nombre":"Calle Colegio San Ildefonso","clase":"secondary"}},{"type":"Feature","id":2049,"geometry":{"type":"LineString","coordinates":[[-106.15212,28.71081],[-106.15106,28.71112],[-106.15099,28.71115],[-106.15088,28.71118],[-106.15081,28.7112]]},"properties":{"id":2049,"nombre":"Calle Colegio San Ildefonso","clase":"secondary"}},{"type":"Feature","id":2050,"geometry":{"type":"LineString","coordinates":[[-106.15022,28.69985],[-106.15001,28.69996],[-106.14984,28.70017],[-106.14975,28.70046],[-106.14977,28.70077],[-106.14983,28.70095],[-106.15,28.70122],[-106.15031,28.70152],[-106.15057,28.70167],[-106.15085,28.70173],[-106.15111,28.7017],[-106.15139,28.7016],[-106.15158,28.70134],[-106.15166,28.70109],[-106.15163,28.70066],[-106.15155,28.70048],[-106.15145,28.70031],[-106.15127,28.7001],[-106.15108,28.69995],[-106.15066,28.69979],[-106.15044,28.69979],[-106.15022,28.69985]]},"properties":{"id":2050,"nombre":"Calle Cordillera Blanca","clase":"secondary"}},{"type":"Feature","id":2051,"geometry":{"type":"LineString","coordinates":[[-106.06511,28.65065],[-106.06524,28.65062],[-106.06534,28.65062],[-106.06543,28.65064],[-106.06548,28.65065]]},"properties":{"id":2051,"nombre":"Calle Cuadragésima Quinta","clase":"secondary"}},{"type":"Feature","id":2052,"geometry":{"type":"LineString","coordinates":[[-106.11986,28.68052],[-106.12018,28.6812],[-106.12038,28.68161],[-106.12102,28.68294]]},"properties":{"id":2052,"nombre":"Calle Culhuacán","clase":"secondary"}},{"type":"Feature","id":2053,"geometry":{"type":"LineString","coordinates":[[-106.08807,28.64131],[-106.08793,28.64133],[-106.08768,28.64144],[-106.0875,28.64156]]},"properties":{"id":2053,"nombre":"Calle Deza Y Ulloa","clase":"primary"}},{"type":"Feature","id":2054,"geometry":{"type":"LineString","coordinates":[[-106.12298,28.6781],[-106.12339,28.67901],[-106.1236,28.67944],[-106.124,28.6803],[-106.12443,28.68122],[-106.12462,28.68163]]},"properties":{"id":2054,"nombre":"Calle Dolores Hidalgo","clase":"secondary"}},{"type":"Feature","id":2055,"geometry":{"type":"LineString","coordinates":[[-106.12298,28.6781],[-106.12292,28.67797]]},"properties":{"id":2055,"nombre":"Calle Dolores Hidalgo","clase":"secondary"}},{"type":"Feature","id":2056,"geometry":{"type":"LineString","coordinates":[[-106.12287,28.66996],[-106.12302,28.6703],[-106.12306,28.67037]]},"properties":{"id":2056,"nombre":"Calle E. Gámiz","clase":"secondary"}},{"type":"Feature","id":2057,"geometry":{"type":"LineString","coordinates":[[-106.12995,28.68399],[-106.13057,28.68398],[-106.13172,28.68401],[-106.13264,28.68407],[-106.13313,28.68414],[-106.13333,28.68416],[-106.13353,28.68412],[-106.13419,28.68389],[-106.13448,28.68378],[-106.13526,28.68351],[-106.13551,28.68346],[-106.13595,28.68349],[-106.13606,28.68348]]},"properties":{"id":2057,"nombre":"Calle Egipto","clase":"secondary"}},{"type":"Feature","id":2058,"geometry":{"type":"LineString","coordinates":[[-106.11107,28.68879],[-106.1095,28.68935],[-106.10718,28.69015],[-106.10484,28.69096]]},"properties":{"id":2058,"nombre":"Calle Emiliano Zapata","clase":"secondary"}},{"type":"Feature","id":2059,"geometry":{"type":"LineString","coordinates":[[-106.10484,28.69096],[-106.10365,28.69137]]},"properties":{"id":2059,"nombre":"Calle Emiliano Zapata","clase":"secondary"}},{"type":"Feature","id":2060,"geometry":{"type":"LineString","coordinates":[[-106.03214,28.60306],[-106.03295,28.60308],[-106.03381,28.60309],[-106.03422,28.6031],[-106.03493,28.60311],[-106.03598,28.60314],[-106.03677,28.60313],[-106.03769,28.60315]]},"properties":{"id":2060,"nombre":"Calle Ernesto Malda","clase":"secondary"}},{"type":"Feature","id":2061,"geometry":{"type":"LineString","coordinates":[[-106.03179,28.60305],[-106.03208,28.60306],[-106.03214,28.60306]]},"properties":{"id":2061,"nombre":"Calle Ernesto Malda","clase":"secondary"}},{"type":"Feature","id":2062,"geometry":{"type":"LineString","coordinates":[[-106.03079,28.60303],[-106.03137,28.60304],[-106.03179,28.60305]]},"properties":{"id":2062,"nombre":"Calle Ernesto Malda","clase":"secondary"}},{"type":"Feature","id":2063,"geometry":{"type":"LineString","coordinates":[[-106.03019,28.60301],[-106.03049,28.60302],[-106.03079,28.60303]]},"properties":{"id":2063,"nombre":"Calle Ernesto Malda","clase":"secondary"}},{"type":"Feature","id":2064,"geometry":{"type":"LineString","coordinates":[[-106.02961,28.60302],[-106.03019,28.60301]]},"properties":{"id":2064,"nombre":"Calle Ernesto Malda","clase":"secondary"}},{"type":"Feature","id":2065,"geometry":{"type":"LineString","coordinates":[[-106.02897,28.60301],[-106.02961,28.60302]]},"properties":{"id":2065,"nombre":"Calle Ernesto Malda","clase":"secondary"}},{"type":"Feature","id":2066,"geometry":{"type":"LineString","coordinates":[[-106.13383,28.73414],[-106.13335,28.7343],[-106.13229,28.73468],[-106.1314,28.73503],[-106.13054,28.73537],[-106.12992,28.73559],[-106.12971,28.73568]]},"properties":{"id":2066,"nombre":"Calle Escarola","clase":"secondary"}},{"type":"Feature","id":2067,"geometry":{"type":"LineString","coordinates":[[-106.13147,28.73511],[-106.13192,28.73495],[-106.13236,28.73477],[-106.1334,28.73439],[-106.13387,28.73422]]},"properties":{"id":2067,"nombre":"Calle Escarola","clase":"secondary"}},{"type":"Feature","id":2068,"geometry":{"type":"LineString","coordinates":[[-106.13058,28.73546],[-106.13104,28.73528],[-106.13147,28.73511]]},"properties":{"id":2068,"nombre":"Calle Escarola","clase":"secondary"}},{"type":"Feature","id":2069,"geometry":{"type":"LineString","coordinates":[[-106.13025,28.73557],[-106.13058,28.73546]]},"properties":{"id":2069,"nombre":"Calle Escarola","clase":"secondary"}},{"type":"Feature","id":2070,"geometry":{"type":"LineString","coordinates":[[-106.13009,28.73563],[-106.13025,28.73557]]},"properties":{"id":2070,"nombre":"Calle Escarola","clase":"secondary"}},{"type":"Feature","id":2071,"geometry":{"type":"LineString","coordinates":[[-106.12975,28.73576],[-106.12994,28.73569],[-106.13009,28.73563]]},"properties":{"id":2071,"nombre":"Calle Escarola","clase":"secondary"}},{"type":"Feature","id":2072,"geometry":{"type":"LineString","coordinates":[[-106.01689,28.61726],[-106.0168,28.61744]]},"properties":{"id":2072,"nombre":"Calle Francisco Portillo","clase":"secondary"}},{"type":"Feature","id":2073,"geometry":{"type":"LineString","coordinates":[[-106.01692,28.61752],[-106.017,28.61733]]},"properties":{"id":2073,"nombre":"Calle Francisco Portillo","clase":"secondary"}},{"type":"Feature","id":2074,"geometry":{"type":"LineString","coordinates":[[-106.11067,28.68364],[-106.10854,28.68442],[-106.10749,28.68481],[-106.10709,28.68495],[-106.1066,28.68512]]},"properties":{"id":2074,"nombre":"Calle Francisco Villa","clase":"secondary"}},{"type":"Feature","id":2075,"geometry":{"type":"LineString","coordinates":[[-106.0379,28.60291],[-106.03677,28.60291],[-106.03463,28.60289],[-106.03383,28.60289],[-106.03299,28.60288],[-106.03207,28.60287],[-106.03138,28.60287]]},"properties":{"id":2075,"nombre":"Calle Francisco de Saucedo","clase":"secondary"}},{"type":"Feature","id":2076,"geometry":{"type":"LineString","coordinates":[[-106.03082,28.60287],[-106.0305,28.60286],[-106.03019,28.60286],[-106.02978,28.60287],[-106.02959,28.60287]]},"properties":{"id":2076,"nombre":"Calle Francisco de Saucedo","clase":"secondary"}},{"type":"Feature","id":2077,"geometry":{"type":"LineString","coordinates":[[-106.03138,28.60287],[-106.03082,28.60287]]},"properties":{"id":2077,"nombre":"Calle Francisco de Saucedo","clase":"secondary"}},{"type":"Feature","id":2078,"geometry":{"type":"LineString","coordinates":[[-106.14737,28.72881],[-106.14698,28.72913],[-106.14669,28.72933],[-106.14644,28.72948],[-106.14557,28.72979],[-106.14464,28.73014],[-106.14366,28.73051],[-106.14272,28.73087],[-106.14177,28.73122]]},"properties":{"id":2078,"nombre":"Calle Frente de Colonias Populares","clase":"secondary"}},{"type":"Feature","id":2079,"geometry":{"type":"LineString","coordinates":[[-106.14177,28.73122],[-106.14126,28.73141],[-106.14073,28.73159],[-106.14025,28.73177],[-106.13976,28.73195],[-106.13924,28.73212],[-106.13876,28.73231],[-106.13828,28.7325],[-106.13764,28.73274],[-106.13731,28.73287],[-106.13663,28.73314],[-106.13578,28.73347]]},"properties":{"id":2079,"nombre":"Calle Frente de Colonias Populares","clase":"secondary"}},{"type":"Feature","id":2080,"geometry":{"type":"LineString","coordinates":[[-106.13578,28.73347],[-106.13491,28.73381],[-106.13423,28.73406],[-106.13383,28.73414]]},"properties":{"id":2080,"nombre":"Calle Frente de Colonias Populares","clase":"secondary"}},{"type":"Feature","id":2081,"geometry":{"type":"LineString","coordinates":[[-106.13412,28.73413],[-106.13423,28.73406]]},"properties":{"id":2081,"nombre":"Calle Frente de Colonias Populares","clase":"secondary"}},{"type":"Feature","id":2082,"geometry":{"type":"LineString","coordinates":[[-106.13387,28.73422],[-106.13412,28.73413]]},"properties":{"id":2082,"nombre":"Calle Frente de Colonias Populares","clase":"secondary"}},{"type":"Feature","id":2083,"geometry":{"type":"LineString","coordinates":[[-106.1208,28.66076],[-106.12076,28.66076],[-106.12074,28.66074],[-106.12071,28.66073],[-106.12069,28.66073],[-106.12065,28.66074]]},"properties":{"id":2083,"nombre":"Calle Fénix","clase":"primary"}},{"type":"Feature","id":2084,"geometry":{"type":"LineString","coordinates":[[-106.10146,28.68659],[-106.10181,28.68741],[-106.1022,28.68828],[-106.10261,28.68917],[-106.10305,28.69007],[-106.10326,28.69053],[-106.10365,28.69137],[-106.10393,28.69195]]},"properties":{"id":2084,"nombre":"Calle General Miguel Barragán","clase":"secondary"}},{"type":"Feature","id":2085,"geometry":{"type":"LineString","coordinates":[[-106.10146,28.68659],[-106.10078,28.68516],[-106.1003,28.68413],[-106.10013,28.68376],[-106.09987,28.68324],[-106.0994,28.68224],[-106.09882,28.681]]},"properties":{"id":2085,"nombre":"Calle General Miguel Barragán","clase":"secondary"}},{"type":"Feature","id":2086,"geometry":{"type":"LineString","coordinates":[[-106.09339,28.66922],[-106.09389,28.67028],[-106.09422,28.67098],[-106.09458,28.67174],[-106.09489,28.67239],[-106.09526,28.67319],[-106.09543,28.67358],[-106.09572,28.67421],[-106.09588,28.67455]]},"properties":{"id":2086,"nombre":"Calle General Miguel Barragán","clase":"secondary"}},{"type":"Feature","id":2087,"geometry":{"type":"LineString","coordinates":[[-106.09588,28.67455],[-106.0962,28.67523],[-106.09631,28.67542],[-106.09717,28.6773],[-106.09766,28.67844],[-106.09788,28.67893],[-106.09803,28.67931],[-106.09819,28.67966]]},"properties":{"id":2087,"nombre":"Calle General Miguel Barragán","clase":"secondary"}},{"type":"Feature","id":2088,"geometry":{"type":"LineString","coordinates":[[-106.09819,28.67966],[-106.09836,28.68003],[-106.09846,28.68023],[-106.0986,28.68052],[-106.09882,28.681]]},"properties":{"id":2088,"nombre":"Calle General Miguel Barragán","clase":"secondary"}},{"type":"Feature","id":2089,"geometry":{"type":"LineString","coordinates":[[-106.10393,28.69195],[-106.10411,28.69236],[-106.10414,28.69242],[-106.1042,28.69256],[-106.10433,28.69282]]},"properties":{"id":2089,"nombre":"Calle General Miguel Barragán","clase":"secondary"}},{"type":"Feature","id":2090,"geometry":{"type":"LineString","coordinates":[[-106.11355,28.63383],[-106.11548,28.63383],[-106.11785,28.63381],[-106.11839,28.63379],[-106.11874,28.63372],[-106.11895,28.63364],[-106.11912,28.63353],[-106.11936,28.63336],[-106.12021,28.63273],[-106.12048,28.63251]]},"properties":{"id":2090,"nombre":"Calle Hacienda del Valle","clase":"secondary"}},{"type":"Feature","id":2091,"geometry":{"type":"LineString","coordinates":[[-106.12061,28.6323],[-106.1205,28.63247],[-106.12048,28.63251]]},"properties":{"id":2091,"nombre":"Calle Hacienda del Valle","clase":"secondary"}},{"type":"Feature","id":2092,"geometry":{"type":"LineString","coordinates":[[-106.1205,28.63247],[-106.12066,28.63241]]},"properties":{"id":2092,"nombre":"Calle Hacienda del Valle","clase":"secondary"}},{"type":"Feature","id":2093,"geometry":{"type":"LineString","coordinates":[[-106.12447,28.62894],[-106.12458,28.62886],[-106.12495,28.62864],[-106.1251,28.62854],[-106.12533,28.6284],[-106.12618,28.62789],[-106.12664,28.62765],[-106.12718,28.62739],[-106.12797,28.62703],[-106.12825,28.62686],[-106.12835,28.62676],[-106.12857,28.62649],[-106.12867,28.62628],[-106.12873,28.62601],[-106.12875,28.62566],[-106.12876,28.62543],[-106.12884,28.62506],[-106.12888,28.62474],[-106.12892,28.62442],[-106.12908,28.62402],[-106.12966,28.62308],[-106.12988,28.62238],[-106.12988,28.62198]]},"properties":{"id":2093,"nombre":"Calle Haciendas Del Valle","clase":"secondary"}},{"type":"Feature","id":2094,"geometry":{"type":"LineString","coordinates":[[-106.12673,28.62751],[-106.12617,28.62781],[-106.12548,28.62819],[-106.12508,28.6284],[-106.12483,28.62855],[-106.1242,28.62893]]},"properties":{"id":2094,"nombre":"Calle Haciendas Del Valle","clase":"secondary"}},{"type":"Feature","id":2095,"geometry":{"type":"LineString","coordinates":[[-106.12428,28.62927],[-106.12437,28.62919],[-106.1244,28.62908],[-106.12445,28.62898],[-106.12447,28.62894]]},"properties":{"id":2095,"nombre":"Calle Haciendas Del Valle","clase":"secondary"}},{"type":"Feature","id":2096,"geometry":{"type":"LineString","coordinates":[[-106.12862,28.62565],[-106.1286,28.62607],[-106.12855,28.62626],[-106.12839,28.62655],[-106.12822,28.62673],[-106.12811,28.62682],[-106.12793,28.62694],[-106.12673,28.62751]]},"properties":{"id":2096,"nombre":"Calle Haciendas Del Valle","clase":"secondary"}},{"type":"Feature","id":2097,"geometry":{"type":"LineString","coordinates":[[-106.12863,28.62552],[-106.12862,28.62565]]},"properties":{"id":2097,"nombre":"Calle Haciendas Del Valle","clase":"secondary"}},{"type":"Feature","id":2098,"geometry":{"type":"LineString","coordinates":[[-106.1287,28.62437],[-106.12869,28.62466],[-106.12868,28.62505],[-106.12863,28.62547],[-106.12863,28.62552]]},"properties":{"id":2098,"nombre":"Calle Haciendas Del Valle","clase":"secondary"}},{"type":"Feature","id":2099,"geometry":{"type":"LineString","coordinates":[[-106.12978,28.62199],[-106.12977,28.62229],[-106.12966,28.62278],[-106.12939,28.62333],[-106.12893,28.62386],[-106.12876,28.62415],[-106.1287,28.62437]]},"properties":{"id":2099,"nombre":"Calle Haciendas Del Valle","clase":"secondary"}},{"type":"Feature","id":2100,"geometry":{"type":"LineString","coordinates":[[-106.12977,28.62186],[-106.12977,28.62194],[-106.12978,28.62199]]},"properties":{"id":2100,"nombre":"Calle Haciendas Del Valle","clase":"secondary"}},{"type":"Feature","id":2101,"geometry":{"type":"LineString","coordinates":[[-106.12988,28.62198],[-106.12987,28.62186]]},"properties":{"id":2101,"nombre":"Calle Haciendas Del Valle","clase":"secondary"}},{"type":"Feature","id":2102,"geometry":{"type":"LineString","coordinates":[[-106.13496,28.73618],[-106.1357,28.73764],[-106.13674,28.73977],[-106.13786,28.74207]]},"properties":{"id":2102,"nombre":"Calle Hidroeléctrica Chicoasén","clase":"secondary"}},{"type":"Feature","id":2103,"geometry":{"type":"LineString","coordinates":[[-106.13854,28.74349],[-106.13891,28.74425],[-106.13916,28.74477],[-106.13948,28.74542],[-106.14,28.74649],[-106.14038,28.74727],[-106.14063,28.74766],[-106.14123,28.74863],[-106.14133,28.74885]]},"properties":{"id":2103,"nombre":"Calle Hidroeléctrica Chicoasén","clase":"secondary"}},{"type":"Feature","id":2104,"geometry":{"type":"LineString","coordinates":[[-106.14192,28.75097],[-106.14194,28.75112]]},"properties":{"id":2104,"nombre":"Calle Hidroeléctrica Chicoasén","clase":"secondary"}},{"type":"Feature","id":2105,"geometry":{"type":"LineString","coordinates":[[-106.13582,28.73758],[-106.13558,28.73715],[-106.13538,28.73671],[-106.13513,28.73621]]},"properties":{"id":2105,"nombre":"Calle Hidroeléctrica Chicoasén","clase":"secondary"}},{"type":"Feature","id":2106,"geometry":{"type":"LineString","coordinates":[[-106.13648,28.73893],[-106.13582,28.73758]]},"properties":{"id":2106,"nombre":"Calle Hidroeléctrica Chicoasén","clase":"secondary"}},{"type":"Feature","id":2107,"geometry":{"type":"LineString","coordinates":[[-106.13668,28.73931],[-106.13648,28.73893]]},"properties":{"id":2107,"nombre":"Calle Hidroeléctrica Chicoasén","clase":"secondary"}},{"type":"Feature","id":2108,"geometry":{"type":"LineString","coordinates":[[-106.13687,28.73972],[-106.13668,28.73931]]},"properties":{"id":2108,"nombre":"Calle Hidroeléctrica Chicoasén","clase":"secondary"}},{"type":"Feature","id":2109,"geometry":{"type":"LineString","coordinates":[[-106.13706,28.74009],[-106.13687,28.73972]]},"properties":{"id":2109,"nombre":"Calle Hidroeléctrica Chicoasén","clase":"secondary"}},{"type":"Feature","id":2110,"geometry":{"type":"LineString","coordinates":[[-106.13728,28.74053],[-106.13706,28.74009]]},"properties":{"id":2110,"nombre":"Calle Hidroeléctrica Chicoasén","clase":"secondary"}},{"type":"Feature","id":2111,"geometry":{"type":"LineString","coordinates":[[-106.13747,28.74095],[-106.13728,28.74053]]},"properties":{"id":2111,"nombre":"Calle Hidroeléctrica Chicoasén","clase":"secondary"}},{"type":"Feature","id":2112,"geometry":{"type":"LineString","coordinates":[[-106.13766,28.74135],[-106.13747,28.74095]]},"properties":{"id":2112,"nombre":"Calle Hidroeléctrica Chicoasén","clase":"secondary"}},{"type":"Feature","id":2113,"geometry":{"type":"LineString","coordinates":[[-106.13785,28.74175],[-106.13766,28.74135]]},"properties":{"id":2113,"nombre":"Calle Hidroeléctrica Chicoasén","clase":"secondary"}},{"type":"Feature","id":2114,"geometry":{"type":"LineString","coordinates":[[-106.13786,28.74207],[-106.13804,28.74244],[-106.13817,28.74272],[-106.13854,28.74349]]},"properties":{"id":2114,"nombre":"Calle Hidroeléctrica Chicoasén","clase":"secondary"}},{"type":"Feature","id":2115,"geometry":{"type":"LineString","coordinates":[[-106.13839,28.7428],[-106.13832,28.74266],[-106.13824,28.74251],[-106.13817,28.74238],[-106.13785,28.74175]]},"properties":{"id":2115,"nombre":"Calle Hidroeléctrica Chicoasén","clase":"secondary"}},{"type":"Feature","id":2116,"geometry":{"type":"LineString","coordinates":[[-106.13943,28.74494],[-106.13932,28.74471],[-106.13842,28.74287],[-106.13839,28.7428]]},"properties":{"id":2116,"nombre":"Calle Hidroeléctrica Chicoasén","clase":"secondary"}},{"type":"Feature","id":2117,"geometry":{"type":"LineString","coordinates":[[-106.1396,28.74527],[-106.13943,28.74494]]},"properties":{"id":2117,"nombre":"Calle Hidroeléctrica Chicoasén","clase":"secondary"}},{"type":"Feature","id":2118,"geometry":{"type":"LineString","coordinates":[[-106.13979,28.74567],[-106.1396,28.74527]]},"properties":{"id":2118,"nombre":"Calle Hidroeléctrica Chicoasén","clase":"secondary"}},{"type":"Feature","id":2119,"geometry":{"type":"LineString","coordinates":[[-106.13997,28.74604],[-106.13979,28.74567]]},"properties":{"id":2119,"nombre":"Calle Hidroeléctrica Chicoasén","clase":"secondary"}},{"type":"Feature","id":2120,"geometry":{"type":"LineString","coordinates":[[-106.14016,28.74643],[-106.13997,28.74604]]},"properties":{"id":2120,"nombre":"Calle Hidroeléctrica Chicoasén","clase":"secondary"}},{"type":"Feature","id":2121,"geometry":{"type":"LineString","coordinates":[[-106.14034,28.74682],[-106.14016,28.74643]]},"properties":{"id":2121,"nombre":"Calle Hidroeléctrica Chicoasén","clase":"secondary"}},{"type":"Feature","id":2122,"geometry":{"type":"LineString","coordinates":[[-106.14055,28.74723],[-106.14034,28.74682]]},"properties":{"id":2122,"nombre":"Calle Hidroeléctrica Chicoasén","clase":"secondary"}},{"type":"Feature","id":2123,"geometry":{"type":"LineString","coordinates":[[-106.14061,28.74737],[-106.14055,28.74723]]},"properties":{"id":2123,"nombre":"Calle Hidroeléctrica Chicoasén","clase":"secondary"}},{"type":"Feature","id":2124,"geometry":{"type":"LineString","coordinates":[[-106.14133,28.74885],[-106.14173,28.7498],[-106.14185,28.75016],[-106.14192,28.75097]]},"properties":{"id":2124,"nombre":"Calle Hidroeléctrica Chicoasén","clase":"secondary"}},{"type":"Feature","id":2125,"geometry":{"type":"LineString","coordinates":[[-106.14212,28.75108],[-106.1421,28.75083],[-106.14208,28.75072],[-106.14204,28.75036],[-106.14198,28.74998],[-106.14183,28.74964],[-106.14147,28.7488],[-106.14114,28.7482],[-106.14061,28.74737]]},"properties":{"id":2125,"nombre":"Calle Hidroeléctrica Chicoasén","clase":"secondary"}},{"type":"Feature","id":2126,"geometry":{"type":"LineString","coordinates":[[-106.12135,28.66231],[-106.1211,28.66246],[-106.12093,28.66264],[-106.1206,28.66312],[-106.12038,28.66336],[-106.11976,28.66387],[-106.11883,28.66466],[-106.11838,28.66504],[-106.11802,28.66529],[-106.11747,28.66551],[-106.11701,28.66558],[-106.11647,28.66562]]},"properties":{"id":2126,"nombre":"Calle Huancune","clase":"secondary"}},{"type":"Feature","id":2127,"geometry":{"type":"LineString","coordinates":[[-106.12147,28.66228],[-106.12135,28.66231]]},"properties":{"id":2127,"nombre":"Calle Huancune","clase":"secondary"}},{"type":"Feature","id":2128,"geometry":{"type":"LineString","coordinates":[[-106.11647,28.66562],[-106.11621,28.66567],[-106.11593,28.66573],[-106.11571,28.6658],[-106.11555,28.66585]]},"properties":{"id":2128,"nombre":"Calle Huancune","clase":"secondary"}},{"type":"Feature","id":2129,"geometry":{"type":"LineString","coordinates":[[-106.11557,28.66589],[-106.11599,28.66577],[-106.11655,28.66567],[-106.11703,28.66564],[-106.11744,28.66558],[-106.118,28.66538],[-106.11849,28.66505],[-106.11935,28.66432],[-106.12026,28.66359],[-106.12052,28.66335],[-106.12069,28.66316],[-106.12098,28.66272],[-106.12116,28.66252],[-106.12128,28.66245],[-106.1214,28.66242]]},"properties":{"id":2129,"nombre":"Calle Huancune","clase":"secondary"}},{"type":"Feature","id":2130,"geometry":{"type":"LineString","coordinates":[[-106.1214,28.66242],[-106.12153,28.66241]]},"properties":{"id":2130,"nombre":"Calle Huancune","clase":"secondary"}},{"type":"Feature","id":2131,"geometry":{"type":"LineString","coordinates":[[-106.07331,28.63859],[-106.07274,28.63916],[-106.07206,28.63991],[-106.07159,28.64038],[-106.07115,28.64081],[-106.07009,28.64174],[-106.06957,28.64245],[-106.06912,28.64308]]},"properties":{"id":2131,"nombre":"Calle Ignacio Aldama","clase":"secondary"}},{"type":"Feature","id":2132,"geometry":{"type":"LineString","coordinates":[[-106.07673,28.63496],[-106.07623,28.63541],[-106.07563,28.636],[-106.07492,28.63682],[-106.07415,28.63765],[-106.07336,28.63853],[-106.07331,28.63859]]},"properties":{"id":2132,"nombre":"Calle Ignacio Aldama","clase":"secondary"}},{"type":"Feature","id":2133,"geometry":{"type":"LineString","coordinates":[[-106.07766,28.63408],[-106.07763,28.63411],[-106.07673,28.63496]]},"properties":{"id":2133,"nombre":"Calle Ignacio Aldama","clase":"secondary"}},{"type":"Feature","id":2134,"geometry":{"type":"LineString","coordinates":[[-106.07961,28.63225],[-106.07929,28.63256],[-106.07887,28.63296],[-106.07853,28.63329],[-106.07766,28.63408]]},"properties":{"id":2134,"nombre":"Calle Ignacio Aldama","clase":"secondary"}},{"type":"Feature","id":2135,"geometry":{"type":"LineString","coordinates":[[-106.06598,28.64635],[-106.06519,28.64715],[-106.06451,28.6478],[-106.06445,28.64787]]},"properties":{"id":2135,"nombre":"Calle Ignacio Aldama","clase":"secondary"}},{"type":"Feature","id":2136,"geometry":{"type":"LineString","coordinates":[[-106.0684,28.64394],[-106.0676,28.64473],[-106.0668,28.64553],[-106.06598,28.64635]]},"properties":{"id":2136,"nombre":"Calle Ignacio Aldama","clase":"secondary"}},{"type":"Feature","id":2137,"geometry":{"type":"LineString","coordinates":[[-106.08103,28.63108],[-106.08075,28.63127],[-106.07997,28.63194],[-106.07961,28.63225]]},"properties":{"id":2137,"nombre":"Calle Ignacio Aldama","clase":"secondary"}},{"type":"Feature","id":2138,"geometry":{"type":"LineString","coordinates":[[-106.06912,28.64308],[-106.06873,28.64358],[-106.06867,28.64365],[-106.0684,28.64394]]},"properties":{"id":2138,"nombre":"Calle Ignacio Aldama","clase":"secondary"}},{"type":"Feature","id":2139,"geometry":{"type":"LineString","coordinates":[[-106.12379,28.67082],[-106.12435,28.67205],[-106.12509,28.67367],[-106.12566,28.6749],[-106.12642,28.67648]]},"properties":{"id":2139,"nombre":"Calle Ignacio Rodríguez","clase":"secondary"}},{"type":"Feature","id":2140,"geometry":{"type":"LineString","coordinates":[[-106.12687,28.67747],[-106.1273,28.67833],[-106.12773,28.67926],[-106.12822,28.68033],[-106.12859,28.68111],[-106.12896,28.68189],[-106.12915,28.68228],[-106.12932,28.68266]]},"properties":{"id":2140,"nombre":"Calle Ignacio Rodríguez","clase":"secondary"}},{"type":"Feature","id":2141,"geometry":{"type":"LineString","coordinates":[[-106.12687,28.67747],[-106.12642,28.67648]]},"properties":{"id":2141,"nombre":"Calle Ignacio Rodríguez","clase":"secondary"}},{"type":"Feature","id":2142,"geometry":{"type":"LineString","coordinates":[[-106.12932,28.68266],[-106.12953,28.68307],[-106.12995,28.68399],[-106.13083,28.68583],[-106.13147,28.68721],[-106.13172,28.68776]]},"properties":{"id":2142,"nombre":"Calle Ignacio Rodríguez","clase":"secondary"}},{"type":"Feature","id":2143,"geometry":{"type":"LineString","coordinates":[[-106.13181,28.68794],[-106.13172,28.68776]]},"properties":{"id":2143,"nombre":"Calle Ignacio Rodríguez","clase":"secondary"}},{"type":"Feature","id":2144,"geometry":{"type":"LineString","coordinates":[[-106.13181,28.68794],[-106.13198,28.68834],[-106.13211,28.68861],[-106.13227,28.68902],[-106.13234,28.6894],[-106.13235,28.6895]]},"properties":{"id":2144,"nombre":"Calle Ignacio Rodríguez","clase":"secondary"}},{"type":"Feature","id":2145,"geometry":{"type":"LineString","coordinates":[[-106.11349,28.62047],[-106.11329,28.6205],[-106.11273,28.62062],[-106.11228,28.62082],[-106.11179,28.62111],[-106.11146,28.62133],[-106.11117,28.62153],[-106.11112,28.62156]]},"properties":{"id":2145,"nombre":"Calle Instituto Politécnico Nacional","clase":"secondary"}},{"type":"Feature","id":2146,"geometry":{"type":"LineString","coordinates":[[-106.11163,28.6214],[-106.11246,28.6209],[-106.11286,28.62074],[-106.11342,28.6206],[-106.11351,28.62059]]},"properties":{"id":2146,"nombre":"Calle Instituto Politécnico Nacional","clase":"secondary"}},{"type":"Feature","id":2147,"geometry":{"type":"LineString","coordinates":[[-106.1159,28.66944],[-106.11682,28.6691],[-106.11753,28.6689],[-106.11845,28.66854],[-106.11874,28.66835],[-106.11898,28.66826],[-106.11968,28.66819],[-106.12066,28.6681],[-106.1213,28.668],[-106.12228,28.66768]]},"properties":{"id":2147,"nombre":"Calle Izalco","clase":"secondary"}},{"type":"Feature","id":2148,"geometry":{"type":"LineString","coordinates":[[-106.1159,28.66944],[-106.11548,28.66958],[-106.11504,28.66974],[-106.11333,28.67036]]},"properties":{"id":2148,"nombre":"Calle Izalco","clase":"secondary"}},{"type":"Feature","id":2149,"geometry":{"type":"LineString","coordinates":[[-106.12563,28.66565],[-106.12544,28.66609],[-106.12531,28.66631],[-106.12505,28.66655],[-106.12473,28.66673],[-106.12129,28.66792],[-106.11997,28.66809],[-106.11883,28.66822],[-106.11859,28.66835],[-106.11823,28.66855],[-106.11749,28.66882]]},"properties":{"id":2149,"nombre":"Calle Izalco","clase":"secondary"}},{"type":"Feature","id":2150,"geometry":{"type":"LineString","coordinates":[[-106.1256,28.66595],[-106.12572,28.66567]]},"properties":{"id":2150,"nombre":"Calle Izalco","clase":"secondary"}},{"type":"Feature","id":2151,"geometry":{"type":"LineString","coordinates":[[-106.12493,28.66673],[-106.12523,28.66652],[-106.12546,28.66624],[-106.1256,28.66595]]},"properties":{"id":2151,"nombre":"Calle Izalco","clase":"secondary"}},{"type":"Feature","id":2152,"geometry":{"type":"LineString","coordinates":[[-106.12457,28.66687],[-106.12482,28.66678],[-106.12493,28.66673]]},"properties":{"id":2152,"nombre":"Calle Izalco","clase":"secondary"}},{"type":"Feature","id":2153,"geometry":{"type":"LineString","coordinates":[[-106.12415,28.66702],[-106.12457,28.66687]]},"properties":{"id":2153,"nombre":"Calle Izalco","clase":"secondary"}},{"type":"Feature","id":2154,"geometry":{"type":"LineString","coordinates":[[-106.12378,28.66716],[-106.12415,28.66702]]},"properties":{"id":2154,"nombre":"Calle Izalco","clase":"secondary"}},{"type":"Feature","id":2155,"geometry":{"type":"LineString","coordinates":[[-106.1234,28.66728],[-106.12378,28.66716]]},"properties":{"id":2155,"nombre":"Calle Izalco","clase":"secondary"}},{"type":"Feature","id":2156,"geometry":{"type":"LineString","coordinates":[[-106.12304,28.66741],[-106.1234,28.66728]]},"properties":{"id":2156,"nombre":"Calle Izalco","clase":"secondary"}},{"type":"Feature","id":2157,"geometry":{"type":"LineString","coordinates":[[-106.12266,28.66754],[-106.12304,28.66741]]},"properties":{"id":2157,"nombre":"Calle Izalco","clase":"secondary"}},{"type":"Feature","id":2158,"geometry":{"type":"LineString","coordinates":[[-106.12228,28.66768],[-106.12266,28.66754]]},"properties":{"id":2158,"nombre":"Calle Izalco","clase":"secondary"}},{"type":"Feature","id":2159,"geometry":{"type":"LineString","coordinates":[[-106.11702,28.669],[-106.11682,28.6691]]},"properties":{"id":2159,"nombre":"Calle Izalco","clase":"secondary"}},{"type":"Feature","id":2160,"geometry":{"type":"LineString","coordinates":[[-106.11749,28.66882],[-106.11702,28.669]]},"properties":{"id":2160,"nombre":"Calle Izalco","clase":"secondary"}},{"type":"Feature","id":2161,"geometry":{"type":"LineString","coordinates":[[-106.05533,28.63401],[-106.05465,28.63496],[-106.05398,28.6359],[-106.05332,28.63683],[-106.05274,28.63763],[-106.05209,28.63855],[-106.05159,28.63924]]},"properties":{"id":2161,"nombre":"Calle J. J. Calvo","clase":"secondary"}},{"type":"Feature","id":2162,"geometry":{"type":"LineString","coordinates":[[-106.05159,28.63924],[-106.05151,28.63936],[-106.05119,28.6398],[-106.05086,28.64027]]},"properties":{"id":2162,"nombre":"Calle J. J. Calvo","clase":"secondary"}},{"type":"Feature","id":2163,"geometry":{"type":"LineString","coordinates":[[-106.08266,28.62046],[-106.08148,28.62099],[-106.08096,28.62122],[-106.08027,28.62152],[-106.07937,28.6219],[-106.07878,28.62216],[-106.07853,28.62229]]},"properties":{"id":2163,"nombre":"Calle J. J. Morón","clase":"secondary"}},{"type":"Feature","id":2164,"geometry":{"type":"LineString","coordinates":[[-106.08266,28.62046],[-106.08379,28.61997],[-106.0844,28.61969],[-106.08479,28.61952]]},"properties":{"id":2164,"nombre":"Calle J. J. Morón","clase":"secondary"}},{"type":"Feature","id":2165,"geometry":{"type":"LineString","coordinates":[[-106.07453,28.6521],[-106.07609,28.65072],[-106.07716,28.64976],[-106.07789,28.64911],[-106.079,28.64816]]},"properties":{"id":2165,"nombre":"Calle Jose de la Luz Corral","clase":"secondary"}},{"type":"Feature","id":2166,"geometry":{"type":"LineString","coordinates":[[-106.07453,28.6521],[-106.07447,28.65216]]},"properties":{"id":2166,"nombre":"Calle Jose de la Luz Corral","clase":"secondary"}},{"type":"Feature","id":2167,"geometry":{"type":"LineString","coordinates":[[-106.08044,28.64685],[-106.08077,28.64657]]},"properties":{"id":2167,"nombre":"Calle Jose de la Luz Corral","clase":"secondary"}},{"type":"Feature","id":2168,"geometry":{"type":"LineString","coordinates":[[-106.079,28.64816],[-106.07972,28.6475],[-106.08044,28.64685]]},"properties":{"id":2168,"nombre":"Calle Jose de la Luz Corral","clase":"secondary"}},{"type":"Feature","id":2169,"geometry":{"type":"LineString","coordinates":[[-106.10705,28.65683],[-106.10701,28.65675]]},"properties":{"id":2169,"nombre":"Calle José María Iglesias","clase":"secondary"}},{"type":"Feature","id":2170,"geometry":{"type":"LineString","coordinates":[[-106.10705,28.65683],[-106.10753,28.65785],[-106.10804,28.65889],[-106.10813,28.6591],[-106.10894,28.66091],[-106.10918,28.66139],[-106.10955,28.66223]]},"properties":{"id":2170,"nombre":"Calle José María Iglesias","clase":"secondary"}},{"type":"Feature","id":2171,"geometry":{"type":"LineString","coordinates":[[-106.10998,28.66316],[-106.10974,28.66261],[-106.10955,28.66223]]},"properties":{"id":2171,"nombre":"Calle José María Iglesias","clase":"secondary"}},{"type":"Feature","id":2172,"geometry":{"type":"LineString","coordinates":[[-106.10998,28.66316],[-106.11053,28.66434],[-106.11066,28.66463],[-106.11127,28.66594],[-106.11168,28.66679],[-106.11183,28.66711],[-106.11195,28.66739],[-106.11227,28.66809],[-106.11243,28.66847]]},"properties":{"id":2172,"nombre":"Calle José María Iglesias","clase":"secondary"}},{"type":"Feature","id":2173,"geometry":{"type":"LineString","coordinates":[[-106.11264,28.6689],[-106.1126,28.66882],[-106.11243,28.66847]]},"properties":{"id":2173,"nombre":"Calle José María Iglesias","clase":"secondary"}},{"type":"Feature","id":2174,"geometry":{"type":"LineString","coordinates":[[-106.11264,28.6689],[-106.11304,28.66974],[-106.11333,28.67036],[-106.11365,28.67106],[-106.11392,28.67166],[-106.11437,28.67261],[-106.11511,28.67415]]},"properties":{"id":2174,"nombre":"Calle José María Iglesias","clase":"secondary"}},{"type":"Feature","id":2175,"geometry":{"type":"LineString","coordinates":[[-106.1157,28.67544],[-106.11548,28.67499],[-106.11544,28.6749],[-106.11526,28.67451],[-106.11511,28.67415]]},"properties":{"id":2175,"nombre":"Calle José María Iglesias","clase":"secondary"}},{"type":"Feature","id":2176,"geometry":{"type":"LineString","coordinates":[[-106.11465,28.67839],[-106.11504,28.67924],[-106.1156,28.68043],[-106.11602,28.68134],[-106.1162,28.68175],[-106.11675,28.68293],[-106.11721,28.68398]]},"properties":{"id":2176,"nombre":"Calle José María Mata","clase":"secondary"}},{"type":"Feature","id":2177,"geometry":{"type":"LineString","coordinates":[[-106.11721,28.68398],[-106.11732,28.68428]]},"properties":{"id":2177,"nombre":"Calle José María Mata","clase":"secondary"}},{"type":"Feature","id":2178,"geometry":{"type":"LineString","coordinates":[[-106.08441,28.68935],[-106.08451,28.68931]]},"properties":{"id":2178,"nombre":"Calle Juan De La Barrera","clase":"primary"}},{"type":"Feature","id":2179,"geometry":{"type":"LineString","coordinates":[[-106.11874,28.70564],[-106.11754,28.7061]]},"properties":{"id":2179,"nombre":"Calle Julimes","clase":"secondary"}},{"type":"Feature","id":2180,"geometry":{"type":"LineString","coordinates":[[-106.12166,28.63331],[-106.12141,28.63271],[-106.12113,28.63198],[-106.12109,28.63191]]},"properties":{"id":2180,"nombre":"Calle Lateral Periférico de la Juventud","clase":"secondary"}},{"type":"Feature","id":2181,"geometry":{"type":"LineString","coordinates":[[-106.13124,28.69341],[-106.13161,28.69333]]},"properties":{"id":2181,"nombre":"Calle Libertadores","clase":"secondary"}},{"type":"Feature","id":2182,"geometry":{"type":"LineString","coordinates":[[-106.0958,28.64087],[-106.09606,28.64107],[-106.09617,28.64121],[-106.09625,28.64146],[-106.09626,28.64172]]},"properties":{"id":2182,"nombre":"Calle Luis De Angostura","clase":"primary"}},{"type":"Feature","id":2183,"geometry":{"type":"LineString","coordinates":[[-106.10993,28.67738],[-106.11045,28.67847],[-106.11084,28.67928],[-106.11107,28.67978],[-106.11178,28.68132],[-106.11252,28.6829]]},"properties":{"id":2183,"nombre":"Calle Manuel González Cossío","clase":"secondary"}},{"type":"Feature","id":2184,"geometry":{"type":"LineString","coordinates":[[-106.11252,28.6829],[-106.113,28.68393],[-106.11324,28.68445],[-106.11361,28.68524]]},"properties":{"id":2184,"nombre":"Calle Manuel González Cossío","clase":"secondary"}},{"type":"Feature","id":2185,"geometry":{"type":"LineString","coordinates":[[-106.09945,28.69979],[-106.0993,28.69983]]},"properties":{"id":2185,"nombre":"Calle María Elena Hernández","clase":"secondary"}},{"type":"Feature","id":2186,"geometry":{"type":"LineString","coordinates":[[-106.11554,28.69345],[-106.11439,28.69389],[-106.11275,28.69453],[-106.11098,28.69522],[-106.10986,28.69567]]},"properties":{"id":2186,"nombre":"Calle María Elena Hernández","clase":"secondary"}},{"type":"Feature","id":2187,"geometry":{"type":"LineString","coordinates":[[-106.10986,28.69567],[-106.10956,28.69579],[-106.10873,28.69612],[-106.10747,28.69662],[-106.10517,28.69754],[-106.10402,28.69799]]},"properties":{"id":2187,"nombre":"Calle María Elena Hernández","clase":"secondary"}},{"type":"Feature","id":2188,"geometry":{"type":"LineString","coordinates":[[-106.10402,28.69799],[-106.10153,28.69899],[-106.09986,28.69965],[-106.09956,28.69978],[-106.09945,28.69979]]},"properties":{"id":2188,"nombre":"Calle María Elena Hernández","clase":"secondary"}},{"type":"Feature","id":2189,"geometry":{"type":"LineString","coordinates":[[-106.0993,28.69992],[-106.09944,28.69987],[-106.09956,28.69978]]},"properties":{"id":2189,"nombre":"Calle María Elena Hernández","clase":"secondary"}},{"type":"Feature","id":2190,"geometry":{"type":"LineString","coordinates":[[-106.05809,28.61851],[-106.05791,28.61872],[-106.05772,28.61901],[-106.05762,28.61915],[-106.05736,28.61951],[-106.05631,28.62096],[-106.05553,28.62205],[-106.05499,28.62277],[-106.0546,28.62333]]},"properties":{"id":2190,"nombre":"Calle Melchor Guaspe","clase":"secondary"}},{"type":"Feature","id":2191,"geometry":{"type":"LineString","coordinates":[[-106.05815,28.61843],[-106.05809,28.61851]]},"properties":{"id":2191,"nombre":"Calle Melchor Guaspe","clase":"secondary"}},{"type":"Feature","id":2192,"geometry":{"type":"LineString","coordinates":[[-106.06357,28.6113],[-106.06308,28.61164],[-106.0629,28.61186],[-106.06244,28.6125],[-106.06176,28.61344],[-106.06104,28.61443],[-106.06066,28.61494],[-106.0603,28.61546],[-106.05993,28.61596]]},"properties":{"id":2192,"nombre":"Calle Melchor Guaspe","clase":"secondary"}},{"type":"Feature","id":2193,"geometry":{"type":"LineString","coordinates":[[-106.05835,28.61813],[-106.05815,28.61843]]},"properties":{"id":2193,"nombre":"Calle Melchor Guaspe","clase":"secondary"}},{"type":"Feature","id":2194,"geometry":{"type":"LineString","coordinates":[[-106.05841,28.61807],[-106.05835,28.61813]]},"properties":{"id":2194,"nombre":"Calle Melchor Guaspe","clase":"secondary"}},{"type":"Feature","id":2195,"geometry":{"type":"LineString","coordinates":[[-106.05956,28.61647],[-106.05914,28.61703],[-106.0588,28.61751],[-106.05841,28.61807]]},"properties":{"id":2195,"nombre":"Calle Melchor Guaspe","clase":"secondary"}},{"type":"Feature","id":2196,"geometry":{"type":"LineString","coordinates":[[-106.05993,28.61596],[-106.05988,28.61603],[-106.05956,28.61647]]},"properties":{"id":2196,"nombre":"Calle Melchor Guaspe","clase":"secondary"}},{"type":"Feature","id":2197,"geometry":{"type":"LineString","coordinates":[[-106.08468,28.66868],[-106.08613,28.66816],[-106.08629,28.6681],[-106.0866,28.668],[-106.08733,28.66774],[-106.08755,28.66766],[-106.08826,28.66741],[-106.09039,28.66664]]},"properties":{"id":2197,"nombre":"Calle Mercurio","clase":"secondary"}},{"type":"Feature","id":2198,"geometry":{"type":"LineString","coordinates":[[-106.09086,28.66644],[-106.091,28.66636]]},"properties":{"id":2198,"nombre":"Calle Mercurio","clase":"secondary"}},{"type":"Feature","id":2199,"geometry":{"type":"LineString","coordinates":[[-106.09039,28.66664],[-106.09086,28.66644]]},"properties":{"id":2199,"nombre":"Calle Mercurio","clase":"secondary"}},{"type":"Feature","id":2200,"geometry":{"type":"LineString","coordinates":[[-106.07948,28.67042],[-106.07972,28.67034],[-106.0799,28.6703],[-106.08013,28.67028],[-106.08033,28.67027],[-106.08058,28.67023],[-106.08093,28.67011],[-106.08468,28.66868]]},"properties":{"id":2200,"nombre":"Calle Mercurio","clase":"secondary"}},{"type":"Feature","id":2201,"geometry":{"type":"LineString","coordinates":[[-106.0778,28.67098],[-106.07871,28.67067],[-106.07915,28.67053],[-106.07948,28.67042]]},"properties":{"id":2201,"nombre":"Calle Mercurio","clase":"secondary"}},{"type":"Feature","id":2202,"geometry":{"type":"LineString","coordinates":[[-106.07227,28.63869],[-106.07253,28.63843],[-106.0728,28.63817]]},"properties":{"id":2202,"nombre":"Calle Miguel Antonio de Escorza","clase":"secondary"}},{"type":"Feature","id":2203,"geometry":{"type":"LineString","coordinates":[[-106.03736,28.65011],[-106.03746,28.64955],[-106.0375,28.6494]]},"properties":{"id":2203,"nombre":"Calle Mina La Negrita","clase":"secondary"}},{"type":"Feature","id":2204,"geometry":{"type":"LineString","coordinates":[[-106.03736,28.65011],[-106.03738,28.65029],[-106.03744,28.65046],[-106.03776,28.65103],[-106.0378,28.65112]]},"properties":{"id":2204,"nombre":"Calle Mina La Negrita","clase":"secondary"}},{"type":"Feature","id":2205,"geometry":{"type":"LineString","coordinates":[[-106.12376,28.73898],[-106.12267,28.74004],[-106.12172,28.74094],[-106.12147,28.74111],[-106.12117,28.74121],[-106.12073,28.74127],[-106.11985,28.74158],[-106.1197,28.74161],[-106.11946,28.74164],[-106.11922,28.74168],[-106.11892,28.74177]]},"properties":{"id":2205,"nombre":"Calle Mineral Pinos Altos","clase":"secondary"}},{"type":"Feature","id":2206,"geometry":{"type":"LineString","coordinates":[[-106.12376,28.73898],[-106.12502,28.73799],[-106.12601,28.73737],[-106.12687,28.73698],[-106.12777,28.73666],[-106.12916,28.73616],[-106.12926,28.7361]]},"properties":{"id":2206,"nombre":"Calle Mineral Pinos Altos","clase":"secondary"}},{"type":"Feature","id":2207,"geometry":{"type":"LineString","coordinates":[[-106.12962,28.73577],[-106.12956,28.73585],[-106.1295,28.73593],[-106.12935,28.73605],[-106.12926,28.7361]]},"properties":{"id":2207,"nombre":"Calle Mineral Pinos Altos","clase":"secondary"}},{"type":"Feature","id":2208,"geometry":{"type":"LineString","coordinates":[[-106.12962,28.73577],[-106.12975,28.73576]]},"properties":{"id":2208,"nombre":"Calle Mineral Pinos Altos","clase":"secondary"}},{"type":"Feature","id":2209,"geometry":{"type":"LineString","coordinates":[[-106.12971,28.73568],[-106.12962,28.73577]]},"properties":{"id":2209,"nombre":"Calle Mineral Pinos Altos","clase":"secondary"}},{"type":"Feature","id":2210,"geometry":{"type":"LineString","coordinates":[[-106.09378,28.71244],[-106.09315,28.7125],[-106.09258,28.71256],[-106.0914,28.71271],[-106.08986,28.71286],[-106.08889,28.71295],[-106.0872,28.71313]]},"properties":{"id":2210,"nombre":"Calle Monte Albán","clase":"secondary"}},{"type":"Feature","id":2211,"geometry":{"type":"LineString","coordinates":[[-106.09384,28.71253],[-106.09394,28.71252]]},"properties":{"id":2211,"nombre":"Calle Monte Albán","clase":"secondary"}},{"type":"Feature","id":2212,"geometry":{"type":"LineString","coordinates":[[-106.09319,28.7126],[-106.09371,28.71255],[-106.09384,28.71253]]},"properties":{"id":2212,"nombre":"Calle Monte Albán","clase":"secondary"}},{"type":"Feature","id":2213,"geometry":{"type":"LineString","coordinates":[[-106.09161,28.71279],[-106.09187,28.71276],[-106.09319,28.7126]]},"properties":{"id":2213,"nombre":"Calle Monte Albán","clase":"secondary"}},{"type":"Feature","id":2214,"geometry":{"type":"LineString","coordinates":[[-106.09146,28.71281],[-106.09161,28.71279]]},"properties":{"id":2214,"nombre":"Calle Monte Albán","clase":"secondary"}},{"type":"Feature","id":2215,"geometry":{"type":"LineString","coordinates":[[-106.09038,28.71293],[-106.09072,28.71289],[-106.09132,28.71282],[-106.09146,28.71281]]},"properties":{"id":2215,"nombre":"Calle Monte Albán","clase":"secondary"}},{"type":"Feature","id":2216,"geometry":{"type":"LineString","coordinates":[[-106.08991,28.71297],[-106.09038,28.71293]]},"properties":{"id":2216,"nombre":"Calle Monte Albán","clase":"secondary"}},{"type":"Feature","id":2217,"geometry":{"type":"LineString","coordinates":[[-106.08854,28.71309],[-106.08905,28.71305],[-106.08991,28.71297]]},"properties":{"id":2217,"nombre":"Calle Monte Albán","clase":"secondary"}},{"type":"Feature","id":2218,"geometry":{"type":"LineString","coordinates":[[-106.0872,28.71313],[-106.08657,28.71323],[-106.08604,28.71332],[-106.08583,28.71336],[-106.08563,28.71343],[-106.08549,28.71351],[-106.08541,28.71357],[-106.08537,28.71363],[-106.0854,28.71366],[-106.08549,28.71362],[-106.08564,28.71356],[-106.08576,28.71351],[-106.08595,28.71346],[-106.08638,28.71338],[-106.08664,28.71334],[-106.08727,28.71323],[-106.08854,28.71309]]},"properties":{"id":2218,"nombre":"Calle Monte Albán","clase":"secondary"}},{"type":"Feature","id":2219,"geometry":{"type":"LineString","coordinates":[[-106.08534,28.71367],[-106.08533,28.71376],[-106.08534,28.71385],[-106.08539,28.71397],[-106.08542,28.71408]]},"properties":{"id":2219,"nombre":"Calle Monte Albán","clase":"trunk"}},{"type":"Feature","id":2220,"geometry":{"type":"LineString","coordinates":[[-106.09388,28.71244],[-106.09378,28.71244]]},"properties":{"id":2220,"nombre":"Calle Monte Albán","clase":"secondary"}},{"type":"Feature","id":2221,"geometry":{"type":"LineString","coordinates":[[-106.08508,28.71357],[-106.08514,28.71361],[-106.08521,28.71364],[-106.08528,28.71366],[-106.08534,28.71367]]},"properties":{"id":2221,"nombre":"Calle Monte Albán","clase":"trunk"}},{"type":"Feature","id":2222,"geometry":{"type":"LineString","coordinates":[[-106.15865,28.58867],[-106.15827,28.58768],[-106.15802,28.58726],[-106.15793,28.58716],[-106.15768,28.58693],[-106.15735,28.58671],[-106.15698,28.58655],[-106.15644,28.58645],[-106.15595,28.58646],[-106.15548,28.58654],[-106.15496,28.58665],[-106.15442,28.58677],[-106.15404,28.58683],[-106.15377,28.58681],[-106.15349,28.58673]]},"properties":{"id":2222,"nombre":"Calle Monteverde","clase":"secondary"}},{"type":"Feature","id":2223,"geometry":{"type":"LineString","coordinates":[[-106.16231,28.59091],[-106.16183,28.59063],[-106.16093,28.59031],[-106.16011,28.59007],[-106.15975,28.58988]]},"properties":{"id":2223,"nombre":"Calle Monteverde","clase":"secondary"}},{"type":"Feature","id":2224,"geometry":{"type":"LineString","coordinates":[[-106.15957,28.5898],[-106.15918,28.58945],[-106.1588,28.58894],[-106.15865,28.58867]]},"properties":{"id":2224,"nombre":"Calle Monteverde","clase":"secondary"}},{"type":"Feature","id":2225,"geometry":{"type":"LineString","coordinates":[[-106.15423,28.58694],[-106.15527,28.58672],[-106.15553,28.58668],[-106.15612,28.58659],[-106.15662,28.58661],[-106.15689,28.58668],[-106.15724,28.58682],[-106.15759,28.58705],[-106.1578,28.58724],[-106.1579,28.58737],[-106.15803,28.58758],[-106.15839,28.58843],[-106.15859,28.5889],[-106.15876,28.58915]]},"properties":{"id":2225,"nombre":"Calle Monteverde","clase":"secondary"}},{"type":"Feature","id":2226,"geometry":{"type":"LineString","coordinates":[[-106.15876,28.58915],[-106.15889,28.58932],[-106.15905,28.5895],[-106.15925,28.5897],[-106.1595,28.58989]]},"properties":{"id":2226,"nombre":"Calle Monteverde","clase":"secondary"}},{"type":"Feature","id":2227,"geometry":{"type":"LineString","coordinates":[[-106.15333,28.58699],[-106.15346,28.58692],[-106.15358,28.5869],[-106.15384,28.58695],[-106.15417,28.58695],[-106.15423,28.58694]]},"properties":{"id":2227,"nombre":"Calle Monteverde","clase":"secondary"}},{"type":"Feature","id":2228,"geometry":{"type":"LineString","coordinates":[[-106.16206,28.59097],[-106.1622,28.59104]]},"properties":{"id":2228,"nombre":"Calle Monteverde","clase":"secondary"}},{"type":"Feature","id":2229,"geometry":{"type":"LineString","coordinates":[[-106.15965,28.59001],[-106.16012,28.59022],[-106.16116,28.59053],[-106.16172,28.59078],[-106.16206,28.59097]]},"properties":{"id":2229,"nombre":"Calle Monteverde","clase":"secondary"}},{"type":"Feature","id":2230,"geometry":{"type":"LineString","coordinates":[[-106.12822,28.68033],[-106.12653,28.68094],[-106.12577,28.68122],[-106.12504,28.68148],[-106.1241,28.68182],[-106.1225,28.6824]]},"properties":{"id":2230,"nombre":"Calle Nezahualcóyotl","clase":"secondary"}},{"type":"Feature","id":2231,"geometry":{"type":"LineString","coordinates":[[-106.1225,28.6824],[-106.12154,28.68275],[-106.12045,28.68314],[-106.11896,28.68368],[-106.11849,28.68385],[-106.11732,28.68428]]},"properties":{"id":2231,"nombre":"Calle Nezahualcóyotl","clase":"secondary"}},{"type":"Feature","id":2232,"geometry":{"type":"LineString","coordinates":[[-106.026,28.67417],[-106.02642,28.67398],[-106.02673,28.67387],[-106.02683,28.67381],[-106.02786,28.67275]]},"properties":{"id":2232,"nombre":"Calle Nigeria","clase":"trunk"}},{"type":"Feature","id":2233,"geometry":{"type":"LineString","coordinates":[[-106.02247,28.61954],[-106.02245,28.61963]]},"properties":{"id":2233,"nombre":"Calle Niños Héroes","clase":"primary"}},{"type":"Feature","id":2234,"geometry":{"type":"LineString","coordinates":[[-106.10537,28.69501],[-106.10575,28.6958],[-106.10635,28.69706],[-106.10679,28.69802],[-106.10722,28.69889],[-106.10763,28.69976],[-106.10782,28.7002]]},"properties":{"id":2234,"nombre":"Calle Pascual Orozco","clase":"secondary"}},{"type":"Feature","id":2235,"geometry":{"type":"LineString","coordinates":[[-106.10537,28.69501],[-106.10496,28.69414],[-106.10455,28.69327],[-106.10433,28.69282]]},"properties":{"id":2235,"nombre":"Calle Pascual Orozco","clase":"secondary"}},{"type":"Feature","id":2236,"geometry":{"type":"LineString","coordinates":[[-106.10782,28.7002],[-106.10823,28.70105],[-106.10864,28.70191],[-106.10905,28.7028],[-106.10946,28.70366],[-106.10987,28.70452],[-106.11029,28.70541]]},"properties":{"id":2236,"nombre":"Calle Pascual Orozco","clase":"secondary"}},{"type":"Feature","id":2237,"geometry":{"type":"LineString","coordinates":[[-106.11029,28.70541],[-106.11069,28.70624],[-106.11109,28.7071],[-106.11134,28.70764],[-106.11153,28.70795],[-106.11176,28.70822]]},"properties":{"id":2237,"nombre":"Calle Pascual Orozco","clase":"secondary"}},{"type":"Feature","id":2238,"geometry":{"type":"LineString","coordinates":[[-106.12949,28.70362],[-106.12964,28.70367],[-106.12975,28.70371],[-106.12986,28.70379],[-106.13233,28.70632],[-106.13354,28.70757],[-106.13378,28.70786]]},"properties":{"id":2238,"nombre":"Calle Paseo De La Universidad","clase":"secondary"}},{"type":"Feature","id":2239,"geometry":{"type":"LineString","coordinates":[[-106.13378,28.70786],[-106.13531,28.70945],[-106.13685,28.71102],[-106.13835,28.71259],[-106.13928,28.71355]]},"properties":{"id":2239,"nombre":"Calle Paseo De La Universidad","clase":"secondary"}},{"type":"Feature","id":2240,"geometry":{"type":"LineString","coordinates":[[-106.13928,28.71355],[-106.13938,28.71364],[-106.13957,28.71383]]},"properties":{"id":2240,"nombre":"Calle Paseo De La Universidad","clase":"secondary"}},{"type":"Feature","id":2241,"geometry":{"type":"LineString","coordinates":[[-106.07302,28.63218],[-106.0731,28.63195],[-106.07351,28.63076],[-106.07395,28.62954],[-106.07422,28.62881]]},"properties":{"id":2241,"nombre":"Calle Paseo Simón Bolívar","clase":"secondary"}},{"type":"Feature","id":2242,"geometry":{"type":"LineString","coordinates":[[-106.07302,28.63218],[-106.07281,28.63282],[-106.07246,28.63351],[-106.07196,28.63458],[-106.07164,28.63522],[-106.0714,28.63581],[-106.07171,28.63527],[-106.07202,28.63463],[-106.07241,28.63383]]},"properties":{"id":2242,"nombre":"Calle Paseo Simón Bolívar","clase":"secondary"}},{"type":"Feature","id":2243,"geometry":{"type":"LineString","coordinates":[[-106.07253,28.63354],[-106.07253,28.63346]]},"properties":{"id":2243,"nombre":"Calle Paseo Simón Bolívar","clase":"secondary"}},{"type":"Feature","id":2244,"geometry":{"type":"LineString","coordinates":[[-106.07136,28.63636],[-106.07137,28.63664]]},"properties":{"id":2244,"nombre":"Calle Paseo Simón Bolívar","clase":"secondary"}},{"type":"Feature","id":2245,"geometry":{"type":"LineString","coordinates":[[-106.07136,28.63636],[-106.07138,28.63599],[-106.0714,28.63581]]},"properties":{"id":2245,"nombre":"Calle Paseo Simón Bolívar","clase":"secondary"}},{"type":"Feature","id":2246,"geometry":{"type":"LineString","coordinates":[[-106.07241,28.63383],[-106.07253,28.63354]]},"properties":{"id":2246,"nombre":"Calle Paseo Simón Bolívar","clase":"secondary"}},{"type":"Feature","id":2247,"geometry":{"type":"LineString","coordinates":[[-106.15058,28.71127],[-106.15028,28.71149],[-106.14958,28.71201],[-106.14769,28.71343],[-106.14764,28.71347]]},"properties":{"id":2247,"nombre":"Calle Paseo de las Facultades","clase":"secondary"}},{"type":"Feature","id":2248,"geometry":{"type":"LineString","coordinates":[[-106.14764,28.71347],[-106.14727,28.71373],[-106.14705,28.71386],[-106.14654,28.71419],[-106.14592,28.71465],[-106.14581,28.71473],[-106.14521,28.71519],[-106.14507,28.71535]]},"properties":{"id":2248,"nombre":"Calle Paseo de las Facultades","clase":"trunk"}},{"type":"Feature","id":2249,"geometry":{"type":"LineString","coordinates":[[-106.1477,28.71354],[-106.14793,28.71339],[-106.14839,28.71304],[-106.14874,28.71277],[-106.14919,28.71243],[-106.14966,28.71208],[-106.15026,28.71162],[-106.15065,28.71135],[-106.15081,28.7112],[-106.1506,28.71126],[-106.15058,28.71127]]},"properties":{"id":2249,"nombre":"Calle Paseo de las Facultades","clase":"secondary"}},{"type":"Feature","id":2250,"geometry":{"type":"LineString","coordinates":[[-106.14732,28.7138],[-106.1477,28.71354]]},"properties":{"id":2250,"nombre":"Calle Paseo de las Facultades","clase":"trunk"}},{"type":"Feature","id":2251,"geometry":{"type":"LineString","coordinates":[[-106.05553,28.62005],[-106.05492,28.62085],[-106.05419,28.62183],[-106.05355,28.62274],[-106.05268,28.62392],[-106.05212,28.62468]]},"properties":{"id":2251,"nombre":"Calle Pedro Meoqui Mañan","clase":"secondary"}},{"type":"Feature","id":2252,"geometry":{"type":"LineString","coordinates":[[-106.05175,28.62517],[-106.05212,28.62468]]},"properties":{"id":2252,"nombre":"Calle Pedro Meoqui Mañan","clase":"secondary"}},{"type":"Feature","id":2253,"geometry":{"type":"LineString","coordinates":[[-106.05175,28.62517],[-106.05128,28.62585],[-106.05063,28.62682],[-106.04995,28.62771],[-106.04898,28.62909],[-106.0483,28.63001]]},"properties":{"id":2253,"nombre":"Calle Pedro Meoqui Mañan","clase":"secondary"}},{"type":"Feature","id":2254,"geometry":{"type":"LineString","coordinates":[[-106.0483,28.63001],[-106.04772,28.6308],[-106.04756,28.63101],[-106.04649,28.6325],[-106.04564,28.63365],[-106.04437,28.63534]]},"properties":{"id":2254,"nombre":"Calle Pedro Meoqui Mañan","clase":"secondary"}},{"type":"Feature","id":2255,"geometry":{"type":"LineString","coordinates":[[-106.04437,28.63534],[-106.04423,28.63566],[-106.04421,28.63577],[-106.04424,28.63591]]},"properties":{"id":2255,"nombre":"Calle Pedro Meoqui Mañan","clase":"secondary"}},{"type":"Feature","id":2256,"geometry":{"type":"LineString","coordinates":[[-106.12019,28.66352],[-106.12046,28.66377],[-106.12096,28.66428],[-106.12112,28.66455],[-106.12155,28.66546],[-106.12169,28.66584],[-106.12171,28.66629],[-106.1214,28.66705],[-106.1213,28.66748],[-106.12129,28.66792],[-106.12134,28.66815],[-106.12142,28.66834],[-106.12167,28.66856],[-106.12185,28.66865]]},"properties":{"id":2256,"nombre":"Calle Pelícano","clase":"secondary"}},{"type":"Feature","id":2257,"geometry":{"type":"LineString","coordinates":[[-106.12185,28.66865],[-106.12221,28.66886],[-106.12251,28.6692],[-106.1227,28.66954],[-106.12287,28.66996]]},"properties":{"id":2257,"nombre":"Calle Pelícano","clase":"secondary"}},{"type":"Feature","id":2258,"geometry":{"type":"LineString","coordinates":[[-105.99218,28.60202],[-105.99208,28.60214]]},"properties":{"id":2258,"nombre":"Calle Periférico Francisco R. Almada","clase":"trunk"}},{"type":"Feature","id":2259,"geometry":{"type":"LineString","coordinates":[[-105.99594,28.59756],[-105.99644,28.59707],[-105.9969,28.59666],[-105.99781,28.59606],[-105.99825,28.59582],[-105.99855,28.59567],[-105.999,28.59548],[-105.99991,28.59519],[-106.00057,28.59505],[-106.00112,28.59497],[-106.00134,28.59495]]},"properties":{"id":2259,"nombre":"Calle Periférico Francisco R. Almada","clase":"trunk"}},{"type":"Feature","id":2260,"geometry":{"type":"LineString","coordinates":[[-106.03174,28.59831],[-106.03275,28.59842],[-106.03363,28.59853],[-106.03536,28.59872],[-106.0362,28.59882],[-106.03687,28.5989],[-106.03765,28.59904],[-106.03809,28.59916]]},"properties":{"id":2260,"nombre":"Calle Periférico Francisco R. Almada","clase":"trunk"}},{"type":"Feature","id":2261,"geometry":{"type":"LineString","coordinates":[[-106.03809,28.59916],[-106.03851,28.59933],[-106.03877,28.59945],[-106.03952,28.5999],[-106.04009,28.60034],[-106.04055,28.6008],[-106.04169,28.60222],[-106.04224,28.60283],[-106.04284,28.60321],[-106.04344,28.60342],[-106.04404,28.6035],[-106.04468,28.60348],[-106.04543,28.60327],[-106.04641,28.60271],[-106.04731,28.60235],[-106.04791,28.60217],[-106.04833,28.60207]]},"properties":{"id":2261,"nombre":"Calle Periférico Francisco R. Almada","clase":"trunk"}},{"type":"Feature","id":2262,"geometry":{"type":"LineString","coordinates":[[-106.04833,28.60207],[-106.04881,28.60198],[-106.04987,28.60192],[-106.05154,28.60186],[-106.05255,28.60182],[-106.05436,28.60175],[-106.05816,28.60157],[-106.05898,28.60143],[-106.05983,28.60119],[-106.06056,28.60085],[-106.06123,28.60041],[-106.06199,28.59973],[-106.06709,28.59449],[-106.06758,28.59398]]},"properties":{"id":2262,"nombre":"Calle Periférico Francisco R. Almada","clase":"trunk"}},{"type":"Feature","id":2263,"geometry":{"type":"LineString","coordinates":[[-106.10256,28.58463],[-106.10365,28.58417],[-106.10423,28.58398],[-106.10511,28.58391],[-106.10577,28.584],[-106.10633,28.58421],[-106.10685,28.58454],[-106.10846,28.58607],[-106.1097,28.58727],[-106.10989,28.58753],[-106.11006,28.58789],[-106.11014,28.58826],[-106.11011,28.58871],[-106.11,28.58924],[-106.11,28.58936],[-106.11002,28.58948],[-106.11003,28.58952]]},"properties":{"id":2263,"nombre":"Calle Periférico Francisco R. Almada","clase":"trunk"}},{"type":"Feature","id":2264,"geometry":{"type":"LineString","coordinates":[[-106.1101,28.58944],[-106.1101,28.58928],[-106.11018,28.58884],[-106.11024,28.58832],[-106.11018,28.5879],[-106.11004,28.58759],[-106.1098,28.58722],[-106.10958,28.58699],[-106.10855,28.586],[-106.10719,28.58466],[-106.10692,28.5844]]},"properties":{"id":2264,"nombre":"Calle Periférico Francisco R. Almada","clase":"trunk"}},{"type":"Feature","id":2265,"geometry":{"type":"LineString","coordinates":[[-106.10692,28.5844],[-106.10647,28.58414],[-106.10588,28.58389],[-106.10559,28.58382],[-106.1052,28.58376],[-106.1048,28.58376],[-106.10428,28.58382],[-106.10366,28.584],[-106.1012,28.58511],[-106.09911,28.58607]]},"properties":{"id":2265,"nombre":"Calle Periférico Francisco R. Almada","clase":"trunk"}},{"type":"Feature","id":2266,"geometry":{"type":"LineString","coordinates":[[-106.04822,28.60192],[-106.04763,28.60207],[-106.04674,28.60236],[-106.04583,28.60281],[-106.04529,28.60308],[-106.04467,28.60332],[-106.04404,28.60335],[-106.04347,28.60327],[-106.04295,28.60306],[-106.04241,28.60272],[-106.04189,28.60216],[-106.04116,28.60121]]},"properties":{"id":2266,"nombre":"Calle Periférico Francisco R. Almada","clase":"trunk"}},{"type":"Feature","id":2267,"geometry":{"type":"LineString","coordinates":[[-106.04023,28.60018],[-106.03981,28.59988],[-106.03945,28.59963],[-106.03892,28.59933],[-106.03855,28.59915],[-106.03781,28.5989],[-106.03719,28.59876],[-106.03687,28.59871],[-106.03513,28.59852],[-106.03299,28.59827]]},"properties":{"id":2267,"nombre":"Calle Periférico Francisco R. Almada","clase":"trunk"}},{"type":"Feature","id":2268,"geometry":{"type":"LineString","coordinates":[[-106.1105,28.58991],[-106.11061,28.58997]]},"properties":{"id":2268,"nombre":"Calle Periférico Francisco R. Almada","clase":"trunk"}},{"type":"Feature","id":2269,"geometry":{"type":"LineString","coordinates":[[-106.11054,28.58983],[-106.11026,28.58965],[-106.11016,28.58954],[-106.1101,28.58944]]},"properties":{"id":2269,"nombre":"Calle Periférico Francisco R. Almada","clase":"trunk"}},{"type":"Feature","id":2270,"geometry":{"type":"LineString","coordinates":[[-106.11003,28.58952],[-106.11009,28.58963],[-106.11022,28.58974],[-106.1103,28.5898],[-106.1105,28.58991]]},"properties":{"id":2270,"nombre":"Calle Periférico Francisco R. Almada","clase":"trunk"}},{"type":"Feature","id":2271,"geometry":{"type":"LineString","coordinates":[[-106.01839,28.59678],[-106.02046,28.59702],[-106.02172,28.59717],[-106.02303,28.59731],[-106.02578,28.59762]]},"properties":{"id":2271,"nombre":"Calle Periférico Francisco R. Almada","clase":"trunk"}},{"type":"Feature","id":2272,"geometry":{"type":"LineString","coordinates":[[-106.01644,28.59656],[-106.01718,28.59664],[-106.01839,28.59678]]},"properties":{"id":2272,"nombre":"Calle Periférico Francisco R. Almada","clase":"trunk"}},{"type":"Feature","id":2273,"geometry":{"type":"LineString","coordinates":[[-106.01578,28.59648],[-106.01644,28.59656]]},"properties":{"id":2273,"nombre":"Calle Periférico Francisco R. Almada","clase":"trunk"}},{"type":"Feature","id":2274,"geometry":{"type":"LineString","coordinates":[[-106.01387,28.59627],[-106.01454,28.59634],[-106.01515,28.59641],[-106.01555,28.59646],[-106.01578,28.59648]]},"properties":{"id":2274,"nombre":"Calle Periférico Francisco R. Almada","clase":"trunk"}},{"type":"Feature","id":2275,"geometry":{"type":"LineString","coordinates":[[-106.02578,28.59762],[-106.02696,28.59775],[-106.02815,28.59788],[-106.02939,28.59802],[-106.03111,28.59822],[-106.03174,28.59831]]},"properties":{"id":2275,"nombre":"Calle Periférico Francisco R. Almada","clase":"trunk"}},{"type":"Feature","id":2276,"geometry":{"type":"LineString","coordinates":[[-106.00625,28.59538],[-106.00758,28.59554],[-106.0088,28.59568],[-106.01216,28.59608],[-106.01387,28.59627]]},"properties":{"id":2276,"nombre":"Calle Periférico Francisco R. Almada","clase":"trunk"}},{"type":"Feature","id":2277,"geometry":{"type":"LineString","coordinates":[[-106.00134,28.59495],[-106.00243,28.59494],[-106.00337,28.59503],[-106.00542,28.59528],[-106.00625,28.59538]]},"properties":{"id":2277,"nombre":"Calle Periférico Francisco R. Almada","clase":"trunk"}},{"type":"Feature","id":2278,"geometry":{"type":"LineString","coordinates":[[-105.99361,28.60051],[-105.99523,28.59846],[-105.99563,28.59796],[-105.99594,28.59756]]},"properties":{"id":2278,"nombre":"Calle Periférico Francisco R. Almada","clase":"trunk"}},{"type":"Feature","id":2279,"geometry":{"type":"LineString","coordinates":[[-105.99324,28.60099],[-105.99361,28.60051]]},"properties":{"id":2279,"nombre":"Calle Periférico Francisco R. Almada","clase":"trunk"}},{"type":"Feature","id":2280,"geometry":{"type":"LineString","coordinates":[[-105.99306,28.60122],[-105.9931,28.60117],[-105.99324,28.60099]]},"properties":{"id":2280,"nombre":"Calle Periférico Francisco R. Almada","clase":"trunk"}},{"type":"Feature","id":2281,"geometry":{"type":"LineString","coordinates":[[-105.99233,28.60211],[-105.99306,28.60122]]},"properties":{"id":2281,"nombre":"Calle Periférico Francisco R. Almada","clase":"trunk"}},{"type":"Feature","id":2282,"geometry":{"type":"LineString","coordinates":[[-106.11064,28.5899],[-106.11059,28.58986],[-106.11054,28.58983]]},"properties":{"id":2282,"nombre":"Calle Periférico Francisco R. Almada","clase":"trunk"}},{"type":"Feature","id":2283,"geometry":{"type":"LineString","coordinates":[[-106.0852,28.59191],[-106.08304,28.59269],[-106.08218,28.59289],[-106.0815,28.59295],[-106.08062,28.59293],[-106.08009,28.59286],[-106.07953,28.59274],[-106.07795,28.59224]]},"properties":{"id":2283,"nombre":"Calle Periférico Francisco R. Almada","clase":"trunk"}},{"type":"Feature","id":2284,"geometry":{"type":"LineString","coordinates":[[-106.08529,28.59208],[-106.08911,28.59072],[-106.08999,28.59039],[-106.09262,28.58921]]},"properties":{"id":2284,"nombre":"Calle Periférico Francisco R. Almada","clase":"trunk"}},{"type":"Feature","id":2285,"geometry":{"type":"LineString","coordinates":[[-106.07795,28.59224],[-106.07576,28.59157],[-106.07303,28.5907],[-106.07237,28.59057],[-106.07163,28.59057],[-106.07096,28.59072],[-106.07026,28.59102],[-106.06977,28.59142],[-106.069,28.59222]]},"properties":{"id":2285,"nombre":"Calle Periférico Francisco R. Almada","clase":"trunk"}},{"type":"Feature","id":2286,"geometry":{"type":"LineString","coordinates":[[-106.07785,28.59238],[-106.07947,28.59287],[-106.08007,28.59299],[-106.08059,28.59307],[-106.08153,28.59309],[-106.08222,28.59302],[-106.08309,28.59281],[-106.08529,28.59208]]},"properties":{"id":2286,"nombre":"Calle Periférico Francisco R. Almada","clase":"trunk"}},{"type":"Feature","id":2287,"geometry":{"type":"LineString","coordinates":[[-106.0674,28.59389],[-106.06271,28.59868],[-106.06113,28.60022],[-106.06051,28.60064],[-106.05974,28.60101],[-106.05895,28.60123],[-106.05815,28.60138],[-106.05478,28.60155]]},"properties":{"id":2287,"nombre":"Calle Periférico Francisco R. Almada","clase":"trunk"}},{"type":"Feature","id":2288,"geometry":{"type":"LineString","coordinates":[[-106.06758,28.59398],[-106.06995,28.59154],[-106.07042,28.59117],[-106.07102,28.59089],[-106.07165,28.59075],[-106.07233,28.59073],[-106.07293,28.59085],[-106.07577,28.59173]]},"properties":{"id":2288,"nombre":"Calle Periférico Francisco R. Almada","clase":"trunk"}},{"type":"Feature","id":2289,"geometry":{"type":"LineString","coordinates":[[-106.00982,28.59563],[-106.0087,28.59548],[-106.00638,28.59522],[-106.00524,28.59508],[-106.00364,28.59489]]},"properties":{"id":2289,"nombre":"Calle Periférico Francisco R. Almada","clase":"trunk"}},{"type":"Feature","id":2290,"geometry":{"type":"LineString","coordinates":[[-106.01195,28.59588],[-106.01146,28.59582],[-106.00982,28.59563]]},"properties":{"id":2290,"nombre":"Calle Periférico Francisco R. Almada","clase":"trunk"}},{"type":"Feature","id":2291,"geometry":{"type":"LineString","coordinates":[[-106.09911,28.58607],[-106.09031,28.59005],[-106.08936,28.59043],[-106.08606,28.59162],[-106.0852,28.59191]]},"properties":{"id":2291,"nombre":"Calle Periférico Francisco R. Almada","clase":"trunk"}},{"type":"Feature","id":2292,"geometry":{"type":"LineString","coordinates":[[-106.10203,28.58487],[-106.10224,28.58477],[-106.10256,28.58463]]},"properties":{"id":2292,"nombre":"Calle Periférico Francisco R. Almada","clase":"trunk"}},{"type":"Feature","id":2293,"geometry":{"type":"LineString","coordinates":[[-106.03178,28.59813],[-106.03062,28.598],[-106.02832,28.59774],[-106.02752,28.59765],[-106.02637,28.59752],[-106.02435,28.59729]]},"properties":{"id":2293,"nombre":"Calle Periférico Francisco R. Almada","clase":"trunk"}},{"type":"Feature","id":2294,"geometry":{"type":"LineString","coordinates":[[-106.01572,28.59631],[-106.01328,28.59602],[-106.01233,28.59592],[-106.01195,28.59588]]},"properties":{"id":2294,"nombre":"Calle Periférico Francisco R. Almada","clase":"trunk"}},{"type":"Feature","id":2295,"geometry":{"type":"LineString","coordinates":[[-106.01776,28.59654],[-106.01628,28.59637],[-106.01572,28.59631]]},"properties":{"id":2295,"nombre":"Calle Periférico Francisco R. Almada","clase":"trunk"}},{"type":"Feature","id":2296,"geometry":{"type":"LineString","coordinates":[[-106.09262,28.58921],[-106.09331,28.5889],[-106.09552,28.58789],[-106.09943,28.58611]]},"properties":{"id":2296,"nombre":"Calle Periférico Francisco R. Almada","clase":"trunk"}},{"type":"Feature","id":2297,"geometry":{"type":"LineString","coordinates":[[-106.07684,28.59207],[-106.07785,28.59238]]},"properties":{"id":2297,"nombre":"Calle Periférico Francisco R. Almada","clase":"trunk"}},{"type":"Feature","id":2298,"geometry":{"type":"LineString","coordinates":[[-106.07577,28.59173],[-106.07684,28.59207]]},"properties":{"id":2298,"nombre":"Calle Periférico Francisco R. Almada","clase":"trunk"}},{"type":"Feature","id":2299,"geometry":{"type":"LineString","coordinates":[[-106.02319,28.59716],[-106.02173,28.59699],[-106.0184,28.59662],[-106.01776,28.59654]]},"properties":{"id":2299,"nombre":"Calle Periférico Francisco R. Almada","clase":"trunk"}},{"type":"Feature","id":2300,"geometry":{"type":"LineString","coordinates":[[-106.02435,28.59729],[-106.02319,28.59716]]},"properties":{"id":2300,"nombre":"Calle Periférico Francisco R. Almada","clase":"trunk"}},{"type":"Feature","id":2301,"geometry":{"type":"LineString","coordinates":[[-106.03299,28.59827],[-106.03178,28.59813]]},"properties":{"id":2301,"nombre":"Calle Periférico Francisco R. Almada","clase":"trunk"}},{"type":"Feature","id":2302,"geometry":{"type":"LineString","coordinates":[[-106.04116,28.60121],[-106.04074,28.6007],[-106.04043,28.60039],[-106.04023,28.60018]]},"properties":{"id":2302,"nombre":"Calle Periférico Francisco R. Almada","clase":"trunk"}},{"type":"Feature","id":2303,"geometry":{"type":"LineString","coordinates":[[-106.069,28.59222],[-106.0674,28.59389]]},"properties":{"id":2303,"nombre":"Calle Periférico Francisco R. Almada","clase":"trunk"}},{"type":"Feature","id":2304,"geometry":{"type":"LineString","coordinates":[[-106.09943,28.58611],[-106.1007,28.58554],[-106.10203,28.58487]]},"properties":{"id":2304,"nombre":"Calle Periférico Francisco R. Almada","clase":"trunk"}},{"type":"Feature","id":2305,"geometry":{"type":"LineString","coordinates":[[-106.00364,28.59489],[-106.00295,28.5948],[-106.00223,28.59477],[-106.00163,28.59477],[-106.00091,28.59483],[-106.00011,28.59497],[-105.99954,28.59512],[-105.9987,28.59541],[-105.99796,28.59575],[-105.99745,28.59604],[-105.99679,28.5965]]},"properties":{"id":2305,"nombre":"Calle Periférico Francisco R. Almada","clase":"trunk"}},{"type":"Feature","id":2306,"geometry":{"type":"LineString","coordinates":[[-105.99262,28.60144],[-105.99218,28.60202]]},"properties":{"id":2306,"nombre":"Calle Periférico Francisco R. Almada","clase":"trunk"}},{"type":"Feature","id":2307,"geometry":{"type":"LineString","coordinates":[[-105.99679,28.5965],[-105.9964,28.59683],[-105.99587,28.59734],[-105.99549,28.59781],[-105.99353,28.60031],[-105.99298,28.601]]},"properties":{"id":2307,"nombre":"Calle Periférico Francisco R. Almada","clase":"trunk"}},{"type":"Feature","id":2308,"geometry":{"type":"LineString","coordinates":[[-105.99298,28.601],[-105.99277,28.60126],[-105.99265,28.6014],[-105.99262,28.60144]]},"properties":{"id":2308,"nombre":"Calle Periférico Francisco R. Almada","clase":"trunk"}},{"type":"Feature","id":2309,"geometry":{"type":"LineString","coordinates":[[-105.99223,28.60224],[-105.99233,28.60211]]},"properties":{"id":2309,"nombre":"Calle Periférico Francisco R. Almada","clase":"trunk"}},{"type":"Feature","id":2310,"geometry":{"type":"LineString","coordinates":[[-106.05478,28.60155],[-106.05263,28.60163],[-106.05075,28.60173],[-106.04881,28.60182],[-106.04822,28.60192]]},"properties":{"id":2310,"nombre":"Calle Periférico Francisco R. Almada","clase":"trunk"}},{"type":"Feature","id":2311,"geometry":{"type":"LineString","coordinates":[[-106.00553,28.5953],[-106.00565,28.59525],[-106.00629,28.5953],[-106.00638,28.59522]]},"properties":{"id":2311,"nombre":"Calle Periférico Francisco R. Almada","clase":"trunk"}},{"type":"Feature","id":2312,"geometry":{"type":"LineString","coordinates":[[-106.0666,28.66066],[-106.06572,28.66017],[-106.06442,28.65962],[-106.06363,28.65941],[-106.06194,28.65939],[-106.06102,28.65938],[-106.06036,28.6593],[-106.06003,28.65922]]},"properties":{"id":2312,"nombre":"Calle Periférico Vicente Lombardo Toledano","clase":"trunk"}},{"type":"Feature","id":2313,"geometry":{"type":"LineString","coordinates":[[-106.03402,28.65161],[-106.03564,28.65161],[-106.03618,28.65161],[-106.03639,28.65158],[-106.0378,28.65112]]},"properties":{"id":2313,"nombre":"Calle Periférico Vicente Lombardo Toledano","clase":"primary"}},{"type":"Feature","id":2314,"geometry":{"type":"LineString","coordinates":[[-106.04709,28.65304],[-106.04889,28.65389],[-106.04987,28.65432],[-106.0512,28.65494],[-106.05178,28.65522],[-106.05259,28.65553],[-106.0538,28.65597],[-106.05545,28.6566],[-106.05608,28.6569],[-106.05645,28.65712]]},"properties":{"id":2314,"nombre":"Calle Periférico Vicente Lombardo Toledano","clase":"trunk"}},{"type":"Feature","id":2315,"geometry":{"type":"LineString","coordinates":[[-106.0325,28.65077],[-106.03147,28.65045],[-106.03,28.65],[-106.0286,28.64956],[-106.02747,28.64923],[-106.02643,28.64893]]},"properties":{"id":2315,"nombre":"Calle Periférico Vicente Lombardo Toledano","clase":"primary"}},{"type":"Feature","id":2316,"geometry":{"type":"LineString","coordinates":[[-106.04242,28.65107],[-106.04029,28.65086],[-106.03944,28.65078],[-106.03898,28.65077],[-106.03871,28.65078],[-106.03846,28.65081],[-106.03776,28.65103]]},"properties":{"id":2316,"nombre":"Calle Periférico Vicente Lombardo Toledano","clase":"trunk"}},{"type":"Feature","id":2317,"geometry":{"type":"LineString","coordinates":[[-106.03245,28.65087],[-106.03274,28.65097],[-106.0329,28.65108],[-106.0332,28.65131],[-106.03365,28.6516],[-106.03366,28.65151],[-106.03338,28.65134],[-106.03287,28.65094],[-106.0325,28.65077]]},"properties":{"id":2317,"nombre":"Calle Periférico Vicente Lombardo Toledano","clase":"primary"}},{"type":"Feature","id":2318,"geometry":{"type":"LineString","coordinates":[[-106.05069,28.6546],[-106.04656,28.65268],[-106.04532,28.6521],[-106.04455,28.65175]]},"properties":{"id":2318,"nombre":"Calle Periférico Vicente Lombardo Toledano","clase":"trunk"}},{"type":"Feature","id":2319,"geometry":{"type":"LineString","coordinates":[[-106.01391,28.64522],[-106.01315,28.64499],[-106.01259,28.64482],[-106.01141,28.64446],[-106.00908,28.64377],[-106.0079,28.64343]]},"properties":{"id":2319,"nombre":"Calle Periférico Vicente Lombardo Toledano","clase":"primary"}},{"type":"Feature","id":2320,"geometry":{"type":"LineString","coordinates":[[-106.01407,28.64527],[-106.01391,28.64522]]},"properties":{"id":2320,"nombre":"Calle Periférico Vicente Lombardo Toledano","clase":"primary"}},{"type":"Feature","id":2321,"geometry":{"type":"LineString","coordinates":[[-106.01385,28.64531],[-106.01433,28.64546],[-106.01535,28.64576],[-106.01769,28.64646],[-106.01973,28.64708],[-106.02001,28.64717]]},"properties":{"id":2321,"nombre":"Calle Periférico Vicente Lombardo Toledano","clase":"primary"}},{"type":"Feature","id":2322,"geometry":{"type":"LineString","coordinates":[[-106.00681,28.64323],[-106.00844,28.64371],[-106.01017,28.6442],[-106.01254,28.64491],[-106.01364,28.64525]]},"properties":{"id":2322,"nombre":"Calle Periférico Vicente Lombardo Toledano","clase":"primary"}},{"type":"Feature","id":2323,"geometry":{"type":"LineString","coordinates":[[-106.01539,28.64568],[-106.01476,28.6455],[-106.01437,28.64537],[-106.01407,28.64527]]},"properties":{"id":2323,"nombre":"Calle Periférico Vicente Lombardo Toledano","clase":"primary"}},{"type":"Feature","id":2324,"geometry":{"type":"LineString","coordinates":[[-106.01658,28.64603],[-106.01539,28.64568]]},"properties":{"id":2324,"nombre":"Calle Periférico Vicente Lombardo Toledano","clase":"primary"}},{"type":"Feature","id":2325,"geometry":{"type":"LineString","coordinates":[[-106.01773,28.64639],[-106.01658,28.64603]]},"properties":{"id":2325,"nombre":"Calle Periférico Vicente Lombardo Toledano","clase":"primary"}},{"type":"Feature","id":2326,"geometry":{"type":"LineString","coordinates":[[-106.01887,28.64673],[-106.01773,28.64639]]},"properties":{"id":2326,"nombre":"Calle Periférico Vicente Lombardo Toledano","clase":"primary"}},{"type":"Feature","id":2327,"geometry":{"type":"LineString","coordinates":[[-106.02006,28.64708],[-106.01887,28.64673]]},"properties":{"id":2327,"nombre":"Calle Periférico Vicente Lombardo Toledano","clase":"primary"}},{"type":"Feature","id":2328,"geometry":{"type":"LineString","coordinates":[[-106.02001,28.64717],[-106.02234,28.64785],[-106.02375,28.64826],[-106.02412,28.64837],[-106.02523,28.64868],[-106.02642,28.64902]]},"properties":{"id":2328,"nombre":"Calle Periférico Vicente Lombardo Toledano","clase":"primary"}},{"type":"Feature","id":2329,"geometry":{"type":"LineString","coordinates":[[-106.02122,28.64742],[-106.02039,28.64718],[-106.02006,28.64708]]},"properties":{"id":2329,"nombre":"Calle Periférico Vicente Lombardo Toledano","clase":"primary"}},{"type":"Feature","id":2330,"geometry":{"type":"LineString","coordinates":[[-106.02239,28.64776],[-106.02122,28.64742]]},"properties":{"id":2330,"nombre":"Calle Periférico Vicente Lombardo Toledano","clase":"primary"}},{"type":"Feature","id":2331,"geometry":{"type":"LineString","coordinates":[[-106.02362,28.64812],[-106.02239,28.64776]]},"properties":{"id":2331,"nombre":"Calle Periférico Vicente Lombardo Toledano","clase":"primary"}},{"type":"Feature","id":2332,"geometry":{"type":"LineString","coordinates":[[-106.02845,28.64962],[-106.02906,28.64981],[-106.03143,28.65055],[-106.03245,28.65087]]},"properties":{"id":2332,"nombre":"Calle Periférico Vicente Lombardo Toledano","clase":"primary"}},{"type":"Feature","id":2333,"geometry":{"type":"LineString","coordinates":[[-106.03776,28.65103],[-106.03661,28.6514],[-106.03632,28.65148],[-106.03599,28.6515],[-106.0338,28.65151],[-106.03366,28.65151]]},"properties":{"id":2333,"nombre":"Calle Periférico Vicente Lombardo Toledano","clase":"primary"}},{"type":"Feature","id":2334,"geometry":{"type":"LineString","coordinates":[[-106.0378,28.65112],[-106.03862,28.65089],[-106.03882,28.65086],[-106.03906,28.65086],[-106.03944,28.65088],[-106.0403,28.65097],[-106.04115,28.65105],[-106.04244,28.65117],[-106.04319,28.65128],[-106.04403,28.65162],[-106.04451,28.65184]]},"properties":{"id":2334,"nombre":"Calle Periférico Vicente Lombardo Toledano","clase":"trunk"}},{"type":"Feature","id":2335,"geometry":{"type":"LineString","coordinates":[[-106.06289,28.65957],[-106.06393,28.65963],[-106.06484,28.65995],[-106.06598,28.66045],[-106.06688,28.66109],[-106.06764,28.66176],[-106.0682,28.66231],[-106.06847,28.66266],[-106.06858,28.66301],[-106.06861,28.66317]]},"properties":{"id":2335,"nombre":"Calle Periférico Vicente Lombardo Toledano","clase":"trunk"}},{"type":"Feature","id":2336,"geometry":{"type":"LineString","coordinates":[[-105.99956,28.64094],[-105.99747,28.64031],[-105.99453,28.63944],[-105.9933,28.63907]]},"properties":{"id":2336,"nombre":"Calle Periférico Vicente Lombardo Toledano","clase":"primary"}},{"type":"Feature","id":2337,"geometry":{"type":"LineString","coordinates":[[-105.99446,28.63954],[-105.99742,28.64043],[-105.99859,28.64078],[-105.99952,28.64105],[-106.00144,28.64163]]},"properties":{"id":2337,"nombre":"Calle Periférico Vicente Lombardo Toledano","clase":"primary"}},{"type":"Feature","id":2338,"geometry":{"type":"LineString","coordinates":[[-106.00144,28.64163],[-106.00322,28.64216],[-106.00366,28.64229],[-106.0062,28.64304],[-106.00681,28.64323]]},"properties":{"id":2338,"nombre":"Calle Periférico Vicente Lombardo Toledano","clase":"primary"}},{"type":"Feature","id":2339,"geometry":{"type":"LineString","coordinates":[[-105.99269,28.63901],[-105.99323,28.63919],[-105.99446,28.63954]]},"properties":{"id":2339,"nombre":"Calle Periférico Vicente Lombardo Toledano","clase":"primary"}},{"type":"Feature","id":2340,"geometry":{"type":"LineString","coordinates":[[-105.9921,28.6387],[-105.99147,28.63852]]},"properties":{"id":2340,"nombre":"Calle Periférico Vicente Lombardo Toledano","clase":"primary"}},{"type":"Feature","id":2341,"geometry":{"type":"LineString","coordinates":[[-106.00372,28.64218],[-106.0033,28.64206],[-106.00161,28.64155],[-106.00149,28.64151],[-105.99956,28.64094]]},"properties":{"id":2341,"nombre":"Calle Periférico Vicente Lombardo Toledano","clase":"primary"}},{"type":"Feature","id":2342,"geometry":{"type":"LineString","coordinates":[[-105.9933,28.63907],[-105.99277,28.63891],[-105.9921,28.6387]]},"properties":{"id":2342,"nombre":"Calle Periférico Vicente Lombardo Toledano","clase":"primary"}},{"type":"Feature","id":2343,"geometry":{"type":"LineString","coordinates":[[-106.0079,28.64343],[-106.00699,28.64315],[-106.00688,28.64312],[-106.00627,28.64294],[-106.00372,28.64218]]},"properties":{"id":2343,"nombre":"Calle Periférico Vicente Lombardo Toledano","clase":"primary"}},{"type":"Feature","id":2344,"geometry":{"type":"LineString","coordinates":[[-106.05645,28.65712],[-106.05681,28.65738],[-106.0572,28.65774],[-106.05833,28.65845],[-106.05922,28.65898],[-106.05984,28.65926],[-106.06067,28.65949],[-106.06289,28.65957]]},"properties":{"id":2344,"nombre":"Calle Periférico Vicente Lombardo Toledano","clase":"trunk"}},{"type":"Feature","id":2345,"geometry":{"type":"LineString","coordinates":[[-106.05713,28.65683],[-106.05692,28.65698],[-106.05679,28.65707],[-106.05663,28.65712],[-106.05647,28.65708],[-106.05619,28.65688],[-106.05597,28.65676],[-106.05504,28.65637],[-106.05475,28.65626],[-106.05467,28.6562],[-106.05388,28.6559],[-106.0524,28.65537],[-106.05152,28.655],[-106.05146,28.65497]]},"properties":{"id":2345,"nombre":"Calle Periférico Vicente Lombardo Toledano","clase":"trunk"}},{"type":"Feature","id":2346,"geometry":{"type":"LineString","coordinates":[[-106.06003,28.65922],[-106.05965,28.65898],[-106.05921,28.65875],[-106.05835,28.65823],[-106.05764,28.65778],[-106.05745,28.65762],[-106.05721,28.65746],[-106.05696,28.65737],[-106.05671,28.65737],[-106.05642,28.65743],[-106.05617,28.65758],[-106.05592,28.65774],[-106.05551,28.65792],[-106.05531,28.658]]},"properties":{"id":2346,"nombre":"Calle Periférico Vicente Lombardo Toledano","clase":"trunk"}},{"type":"Feature","id":2347,"geometry":{"type":"LineString","coordinates":[[-106.06003,28.65922],[-106.05948,28.65899],[-106.05893,28.6587],[-106.05756,28.65785],[-106.05721,28.65757],[-106.05697,28.65732],[-106.0567,28.65709],[-106.05603,28.65675],[-106.055,28.65631],[-106.05464,28.65617]]},"properties":{"id":2347,"nombre":"Calle Periférico Vicente Lombardo Toledano","clase":"trunk"}},{"type":"Feature","id":2348,"geometry":{"type":"LineString","coordinates":[[-106.02797,28.64948],[-106.02845,28.64962]]},"properties":{"id":2348,"nombre":"Calle Periférico Vicente Lombardo Toledano","clase":"primary"}},{"type":"Feature","id":2349,"geometry":{"type":"LineString","coordinates":[[-106.02584,28.64876],[-106.02486,28.64847],[-106.02419,28.64828],[-106.02381,28.64817],[-106.02362,28.64812]]},"properties":{"id":2349,"nombre":"Calle Periférico Vicente Lombardo Toledano","clase":"primary"}},{"type":"Feature","id":2350,"geometry":{"type":"LineString","coordinates":[[-106.02642,28.64902],[-106.02691,28.64916],[-106.02797,28.64948]]},"properties":{"id":2350,"nombre":"Calle Periférico Vicente Lombardo Toledano","clase":"primary"}},{"type":"Feature","id":2351,"geometry":{"type":"LineString","coordinates":[[-106.02643,28.64893],[-106.02584,28.64876]]},"properties":{"id":2351,"nombre":"Calle Periférico Vicente Lombardo Toledano","clase":"primary"}},{"type":"Feature","id":2352,"geometry":{"type":"LineString","coordinates":[[-106.01364,28.64525],[-106.01385,28.64531]]},"properties":{"id":2352,"nombre":"Calle Periférico Vicente Lombardo Toledano","clase":"primary"}},{"type":"Feature","id":2353,"geometry":{"type":"LineString","coordinates":[[-106.04455,28.65175],[-106.04387,28.65143],[-106.0435,28.65128],[-106.04327,28.6512],[-106.04275,28.65111],[-106.04242,28.65107]]},"properties":{"id":2353,"nombre":"Calle Periférico Vicente Lombardo Toledano","clase":"trunk"}},{"type":"Feature","id":2354,"geometry":{"type":"LineString","coordinates":[[-106.04594,28.6525],[-106.04709,28.65304]]},"properties":{"id":2354,"nombre":"Calle Periférico Vicente Lombardo Toledano","clase":"trunk"}},{"type":"Feature","id":2355,"geometry":{"type":"LineString","coordinates":[[-106.05146,28.65497],[-106.05102,28.65475],[-106.05069,28.6546]]},"properties":{"id":2355,"nombre":"Calle Periférico Vicente Lombardo Toledano","clase":"trunk"}},{"type":"Feature","id":2356,"geometry":{"type":"LineString","coordinates":[[-105.99146,28.63864],[-105.99205,28.63882],[-105.99269,28.63901]]},"properties":{"id":2356,"nombre":"Calle Periférico Vicente Lombardo Toledano","clase":"primary"}},{"type":"Feature","id":2357,"geometry":{"type":"LineString","coordinates":[[-106.03376,28.6516],[-106.0338,28.65161],[-106.03402,28.65161]]},"properties":{"id":2357,"nombre":"Calle Periférico Vicente Lombardo Toledano","clase":"primary"}},{"type":"Feature","id":2358,"geometry":{"type":"LineString","coordinates":[[-106.04451,28.65184],[-106.04594,28.6525]]},"properties":{"id":2358,"nombre":"Calle Periférico Vicente Lombardo Toledano","clase":"trunk"}},{"type":"Feature","id":2359,"geometry":{"type":"LineString","coordinates":[[-106.10652,28.61141],[-106.10598,28.61111],[-106.10561,28.61092],[-106.10481,28.6105]]},"properties":{"id":2359,"nombre":"Calle Periférico de la Juventud","clase":"secondary"}},{"type":"Feature","id":2360,"geometry":{"type":"LineString","coordinates":[[-106.10742,28.61199],[-106.10732,28.61193],[-106.10697,28.6117],[-106.10673,28.61154],[-106.10652,28.61141]]},"properties":{"id":2360,"nombre":"Calle Periférico de la Juventud","clase":"secondary"}},{"type":"Feature","id":2361,"geometry":{"type":"LineString","coordinates":[[-106.13225,28.70112],[-106.13205,28.70097],[-106.13197,28.70087],[-106.13191,28.70078],[-106.13183,28.70059],[-106.13173,28.70029],[-106.13148,28.69952],[-106.13129,28.69892],[-106.13081,28.6975],[-106.13071,28.69712],[-106.1307,28.69687],[-106.13074,28.69645],[-106.13087,28.69596]]},"properties":{"id":2361,"nombre":"Calle Periférico de la Juventud","clase":"secondary"}},{"type":"Feature","id":2362,"geometry":{"type":"LineString","coordinates":[[-106.10829,28.61257],[-106.10793,28.61233],[-106.10742,28.61199]]},"properties":{"id":2362,"nombre":"Calle Periférico de la Juventud","clase":"secondary"}},{"type":"Feature","id":2363,"geometry":{"type":"LineString","coordinates":[[-106.10569,28.61124],[-106.106,28.61142],[-106.10641,28.61167],[-106.10716,28.61216],[-106.1075,28.61239],[-106.10782,28.6126],[-106.10825,28.61299],[-106.10847,28.61323],[-106.1086,28.61344],[-106.10868,28.61366],[-106.10871,28.61393],[-106.10868,28.61419],[-106.10834,28.61499],[-106.10825,28.61531],[-106.10823,28.61546],[-106.10822,28.61558]]},"properties":{"id":2363,"nombre":"Calle Periférico de la Juventud","clase":"secondary"}},{"type":"Feature","id":2364,"geometry":{"type":"LineString","coordinates":[[-106.1287,28.65918],[-106.12888,28.6606],[-106.12903,28.66172],[-106.12912,28.66232],[-106.1292,28.66292],[-106.12941,28.66445],[-106.12942,28.66463]]},"properties":{"id":2364,"nombre":"Calle Periférico de la Juventud","clase":"secondary"}},{"type":"Feature","id":2365,"geometry":{"type":"LineString","coordinates":[[-106.1293,28.66055],[-106.12907,28.65898],[-106.12906,28.65881],[-106.12904,28.65842],[-106.12906,28.65796],[-106.12911,28.65746],[-106.12916,28.65709],[-106.12924,28.65681],[-106.12941,28.65635],[-106.12962,28.65592],[-106.12988,28.65547],[-106.13031,28.65494],[-106.13061,28.65455],[-106.13069,28.65442],[-106.1308,28.65414],[-106.1309,28.65381],[-106.13094,28.65351],[-106.13093,28.65314],[-106.13083,28.65268],[-106.13067,28.65229],[-106.13033,28.65151]]},"properties":{"id":2365,"nombre":"Calle Periférico de la Juventud","clase":"secondary"}},{"type":"Feature","id":2366,"geometry":{"type":"LineString","coordinates":[[-106.1295,28.66184],[-106.12943,28.66137],[-106.1293,28.66055]]},"properties":{"id":2366,"nombre":"Calle Periférico de la Juventud","clase":"secondary"}},{"type":"Feature","id":2367,"geometry":{"type":"LineString","coordinates":[[-106.12942,28.66463],[-106.12949,28.66511],[-106.12958,28.66566],[-106.12963,28.66594],[-106.12973,28.6664],[-106.12986,28.66674],[-106.13005,28.66713],[-106.13045,28.6678],[-106.13092,28.66848],[-106.13114,28.6688],[-106.13137,28.66914],[-106.13162,28.6695],[-106.13223,28.67041]]},"properties":{"id":2367,"nombre":"Calle Periférico de la Juventud","clase":"secondary"}},{"type":"Feature","id":2368,"geometry":{"type":"LineString","coordinates":[[-106.12989,28.66481],[-106.12984,28.66443],[-106.1298,28.66414],[-106.12976,28.66379],[-106.12968,28.6632],[-106.12963,28.66286],[-106.12956,28.66233],[-106.12954,28.66217],[-106.1295,28.66184]]},"properties":{"id":2368,"nombre":"Calle Periférico de la Juventud","clase":"secondary"}},{"type":"Feature","id":2369,"geometry":{"type":"LineString","coordinates":[[-106.12994,28.66529],[-106.12991,28.66503],[-106.12991,28.66496],[-106.12989,28.66481]]},"properties":{"id":2369,"nombre":"Calle Periférico de la Juventud","clase":"secondary"}},{"type":"Feature","id":2370,"geometry":{"type":"LineString","coordinates":[[-106.12999,28.66562],[-106.12998,28.66558],[-106.12994,28.66529]]},"properties":{"id":2370,"nombre":"Calle Periférico de la Juventud","clase":"secondary"}},{"type":"Feature","id":2371,"geometry":{"type":"LineString","coordinates":[[-106.13286,28.67065],[-106.13251,28.67012],[-106.13225,28.66972],[-106.13164,28.6688],[-106.13067,28.66733],[-106.13042,28.66693],[-106.13027,28.66661],[-106.13018,28.66639],[-106.13006,28.66596],[-106.12999,28.66562]]},"properties":{"id":2371,"nombre":"Calle Periférico de la Juventud","clase":"secondary"}},{"type":"Feature","id":2372,"geometry":{"type":"LineString","coordinates":[[-106.13293,28.67075],[-106.13286,28.67065]]},"properties":{"id":2372,"nombre":"Calle Periférico de la Juventud","clase":"secondary"}},{"type":"Feature","id":2373,"geometry":{"type":"LineString","coordinates":[[-106.13253,28.67084],[-106.13282,28.67125],[-106.13339,28.67211],[-106.13381,28.67275],[-106.13401,28.67308],[-106.13419,28.67341],[-106.13436,28.67384],[-106.13449,28.67433],[-106.13462,28.67495],[-106.1347,28.67537],[-106.13491,28.67667],[-106.13532,28.67902],[-106.13555,28.68041]]},"properties":{"id":2373,"nombre":"Calle Periférico de la Juventud","clase":"secondary"}},{"type":"Feature","id":2374,"geometry":{"type":"LineString","coordinates":[[-106.12945,28.65546],[-106.12923,28.65582],[-106.12903,28.65622],[-106.12882,28.6568],[-106.12875,28.65706],[-106.12869,28.65737],[-106.12864,28.65789],[-106.12864,28.65855],[-106.12866,28.65884],[-106.12867,28.65893],[-106.12868,28.659],[-106.1287,28.65918]]},"properties":{"id":2374,"nombre":"Calle Periférico de la Juventud","clase":"secondary"}},{"type":"Feature","id":2375,"geometry":{"type":"LineString","coordinates":[[-106.10799,28.61892],[-106.10802,28.61858],[-106.10813,28.61824],[-106.1087,28.61698],[-106.10876,28.6166],[-106.10875,28.61632],[-106.10871,28.61589],[-106.10874,28.61544],[-106.10885,28.61504],[-106.10905,28.61458],[-106.10918,28.61415],[-106.10918,28.61383],[-106.1091,28.61345],[-106.10897,28.61318]]},"properties":{"id":2375,"nombre":"Calle Periférico de la Juventud","clase":"secondary"}},{"type":"Feature","id":2376,"geometry":{"type":"LineString","coordinates":[[-106.10812,28.61942],[-106.10805,28.61928],[-106.10802,28.61915],[-106.108,28.61905],[-106.10799,28.61892]]},"properties":{"id":2376,"nombre":"Calle Periférico de la Juventud","clase":"secondary"}},{"type":"Feature","id":2377,"geometry":{"type":"LineString","coordinates":[[-106.10916,28.6203],[-106.10901,28.62021],[-106.1086,28.61994],[-106.10831,28.6197],[-106.1082,28.61956],[-106.10812,28.61942]]},"properties":{"id":2377,"nombre":"Calle Periférico de la Juventud","clase":"secondary"}},{"type":"Feature","id":2378,"geometry":{"type":"LineString","coordinates":[[-106.10913,28.62085],[-106.1093,28.62095],[-106.10971,28.62118],[-106.11067,28.62178],[-106.11079,28.62186],[-106.11106,28.62205],[-106.11142,28.62227],[-106.11253,28.62296],[-106.11323,28.62342],[-106.11364,28.6238],[-106.11391,28.62411],[-106.11406,28.62433]]},"properties":{"id":2378,"nombre":"Calle Periférico de la Juventud","clase":"secondary"}},{"type":"Feature","id":2379,"geometry":{"type":"LineString","coordinates":[[-106.11112,28.62156],[-106.11011,28.62091],[-106.10941,28.62047],[-106.10916,28.6203]]},"properties":{"id":2379,"nombre":"Calle Periférico de la Juventud","clase":"secondary"}},{"type":"Feature","id":2380,"geometry":{"type":"LineString","coordinates":[[-106.11125,28.62164],[-106.11112,28.62156]]},"properties":{"id":2380,"nombre":"Calle Periférico de la Juventud","clase":"secondary"}},{"type":"Feature","id":2381,"geometry":{"type":"LineString","coordinates":[[-106.11171,28.62194],[-106.11139,28.62174],[-106.11133,28.6217],[-106.11125,28.62164]]},"properties":{"id":2381,"nombre":"Calle Periférico de la Juventud","clase":"secondary"}},{"type":"Feature","id":2382,"geometry":{"type":"LineString","coordinates":[[-106.11292,28.62268],[-106.11276,28.62259],[-106.1124,28.62238],[-106.11182,28.62201],[-106.11171,28.62194]]},"properties":{"id":2382,"nombre":"Calle Periférico de la Juventud","clase":"secondary"}},{"type":"Feature","id":2383,"geometry":{"type":"LineString","coordinates":[[-106.11406,28.62433],[-106.115,28.6257],[-106.11509,28.62584],[-106.11524,28.62604],[-106.11539,28.62625],[-106.11562,28.62652],[-106.11618,28.627],[-106.1169,28.62749],[-106.11738,28.6278],[-106.11824,28.62837]]},"properties":{"id":2383,"nombre":"Calle Periférico de la Juventud","clase":"secondary"}},{"type":"Feature","id":2384,"geometry":{"type":"LineString","coordinates":[[-106.11553,28.6256],[-106.11538,28.62538],[-106.11528,28.62523],[-106.11448,28.6241],[-106.11414,28.62367],[-106.11371,28.62324],[-106.1135,28.62306],[-106.11292,28.62268]]},"properties":{"id":2384,"nombre":"Calle Periférico de la Juventud","clase":"secondary"}},{"type":"Feature","id":2385,"geometry":{"type":"LineString","coordinates":[[-106.11563,28.62574],[-106.11557,28.62566],[-106.11553,28.6256]]},"properties":{"id":2385,"nombre":"Calle Periférico de la Juventud","clase":"secondary"}},{"type":"Feature","id":2386,"geometry":{"type":"LineString","coordinates":[[-106.10822,28.61558],[-106.10822,28.61634],[-106.1082,28.61668],[-106.10809,28.61709],[-106.10765,28.61815],[-106.10757,28.61838],[-106.10749,28.61874],[-106.10749,28.61897],[-106.1076,28.61942],[-106.10779,28.61979],[-106.10798,28.62002],[-106.10871,28.62059],[-106.10913,28.62085]]},"properties":{"id":2386,"nombre":"Calle Periférico de la Juventud","clase":"secondary"}},{"type":"Feature","id":2387,"geometry":{"type":"LineString","coordinates":[[-106.12318,28.64131],[-106.12446,28.64349],[-106.12481,28.64415],[-106.12519,28.64482],[-106.12558,28.64542],[-106.12574,28.64561],[-106.12605,28.64586],[-106.12648,28.64609]]},"properties":{"id":2387,"nombre":"Calle Periférico de la Juventud","clase":"secondary"}},{"type":"Feature","id":2388,"geometry":{"type":"LineString","coordinates":[[-106.11795,28.62765],[-106.11676,28.62683],[-106.11618,28.62639],[-106.11584,28.62602],[-106.11563,28.62574]]},"properties":{"id":2388,"nombre":"Calle Periférico de la Juventud","clase":"secondary"}},{"type":"Feature","id":2389,"geometry":{"type":"LineString","coordinates":[[-106.11804,28.62771],[-106.11795,28.62765]]},"properties":{"id":2389,"nombre":"Calle Periférico de la Juventud","clase":"secondary"}},{"type":"Feature","id":2390,"geometry":{"type":"LineString","coordinates":[[-106.12109,28.63191],[-106.12097,28.63169],[-106.12036,28.63021],[-106.12002,28.62952],[-106.11988,28.62932],[-106.11976,28.62915],[-106.11938,28.62876],[-106.11918,28.62857],[-106.11863,28.62813],[-106.11843,28.62799],[-106.11804,28.62771]]},"properties":{"id":2390,"nombre":"Calle Periférico de la Juventud","clase":"secondary"}},{"type":"Feature","id":2391,"geometry":{"type":"LineString","coordinates":[[-106.12218,28.63451],[-106.12211,28.63433],[-106.122,28.63407],[-106.12196,28.63397],[-106.12166,28.63331]]},"properties":{"id":2391,"nombre":"Calle Periférico de la Juventud","clase":"secondary"}},{"type":"Feature","id":2392,"geometry":{"type":"LineString","coordinates":[[-106.12363,28.63738],[-106.12349,28.63674],[-106.12338,28.63654],[-106.12314,28.63619],[-106.12293,28.63593],[-106.1226,28.63548],[-106.12246,28.6352],[-106.12218,28.63451]]},"properties":{"id":2392,"nombre":"Calle Periférico de la Juventud","clase":"secondary"}},{"type":"Feature","id":2393,"geometry":{"type":"LineString","coordinates":[[-106.12364,28.6375],[-106.12363,28.63738]]},"properties":{"id":2393,"nombre":"Calle Periférico de la Juventud","clase":"secondary"}},{"type":"Feature","id":2394,"geometry":{"type":"LineString","coordinates":[[-106.12362,28.64106],[-106.12329,28.64042],[-106.12318,28.64],[-106.12316,28.63953],[-106.12321,28.63923],[-106.12345,28.6384],[-106.1236,28.63786],[-106.12364,28.6375]]},"properties":{"id":2394,"nombre":"Calle Periférico de la Juventud","clase":"secondary"}},{"type":"Feature","id":2395,"geometry":{"type":"LineString","coordinates":[[-106.12557,28.64449],[-106.12519,28.64383],[-106.12481,28.64317],[-106.12404,28.64182],[-106.12362,28.64106]]},"properties":{"id":2395,"nombre":"Calle Periférico de la Juventud","clase":"secondary"}},{"type":"Feature","id":2396,"geometry":{"type":"LineString","coordinates":[[-106.12057,28.63189],[-106.12075,28.63232],[-106.12088,28.63257],[-106.12167,28.63455],[-106.12201,28.63537],[-106.12217,28.6357],[-106.1228,28.63652],[-106.12297,28.6368],[-106.12304,28.63698]]},"properties":{"id":2396,"nombre":"Calle Periférico de la Juventud","clase":"secondary"}},{"type":"Feature","id":2397,"geometry":{"type":"LineString","coordinates":[[-106.1231,28.63764],[-106.12307,28.63785],[-106.12294,28.63832],[-106.1227,28.6393],[-106.12266,28.63985],[-106.12271,28.6403],[-106.12294,28.64092],[-106.12318,28.64131]]},"properties":{"id":2397,"nombre":"Calle Periférico de la Juventud","clase":"secondary"}},{"type":"Feature","id":2398,"geometry":{"type":"LineString","coordinates":[[-106.12648,28.64609],[-106.1275,28.64645],[-106.12786,28.64661],[-106.12819,28.64684],[-106.12845,28.64712],[-106.12854,28.64725],[-106.1286,28.64738],[-106.12869,28.64762],[-106.12879,28.64792],[-106.12898,28.64879],[-106.12911,28.64945],[-106.12925,28.64995],[-106.12945,28.6505],[-106.13009,28.65194],[-106.13022,28.65222]]},"properties":{"id":2398,"nombre":"Calle Periférico de la Juventud","clase":"secondary"}},{"type":"Feature","id":2399,"geometry":{"type":"LineString","coordinates":[[-106.13358,28.67172],[-106.13333,28.67135],[-106.13315,28.67109],[-106.13293,28.67075]]},"properties":{"id":2399,"nombre":"Calle Periférico de la Juventud","clase":"secondary"}},{"type":"Feature","id":2400,"geometry":{"type":"LineString","coordinates":[[-106.13558,28.6806],[-106.13572,28.68151],[-106.13602,28.68327],[-106.13606,28.68348],[-106.13619,28.68436],[-106.13613,28.68472],[-106.13595,28.68514],[-106.13563,28.6855],[-106.1352,28.68576],[-106.13395,28.68623]]},"properties":{"id":2400,"nombre":"Calle Periférico de la Juventud","clase":"secondary"}},{"type":"Feature","id":2401,"geometry":{"type":"LineString","coordinates":[[-106.13395,28.68623],[-106.13341,28.68665],[-106.13317,28.68692],[-106.13296,28.68738],[-106.1328,28.68791],[-106.13256,28.6888],[-106.13235,28.6895],[-106.13232,28.68959],[-106.13185,28.69124]]},"properties":{"id":2401,"nombre":"Calle Periférico de la Juventud","clase":"secondary"}},{"type":"Feature","id":2402,"geometry":{"type":"LineString","coordinates":[[-106.13177,28.69156],[-106.13133,28.69309],[-106.1312,28.69356],[-106.13103,28.69414],[-106.13077,28.69508],[-106.13056,28.69575],[-106.1304,28.69663],[-106.13039,28.69704],[-106.13041,28.69723],[-106.13052,28.69758]]},"properties":{"id":2402,"nombre":"Calle Periférico de la Juventud","clase":"secondary"}},{"type":"Feature","id":2403,"geometry":{"type":"LineString","coordinates":[[-106.13131,28.70009],[-106.13141,28.70044]]},"properties":{"id":2403,"nombre":"Calle Periférico de la Juventud","clase":"secondary"}},{"type":"Feature","id":2404,"geometry":{"type":"LineString","coordinates":[[-106.1359,28.68052],[-106.13562,28.6789],[-106.13557,28.67862],[-106.13541,28.67763],[-106.13527,28.67683],[-106.13501,28.67536],[-106.13496,28.67511]]},"properties":{"id":2404,"nombre":"Calle Periférico de la Juventud","clase":"secondary"}},{"type":"Feature","id":2405,"geometry":{"type":"LineString","coordinates":[[-106.13594,28.68085],[-106.1359,28.68052]]},"properties":{"id":2405,"nombre":"Calle Periférico de la Juventud","clase":"secondary"}},{"type":"Feature","id":2406,"geometry":{"type":"LineString","coordinates":[[-106.13641,28.68343],[-106.13637,28.68323],[-106.13607,28.68155],[-106.13594,28.68085]]},"properties":{"id":2406,"nombre":"Calle Periférico de la Juventud","clase":"secondary"}},{"type":"Feature","id":2407,"geometry":{"type":"LineString","coordinates":[[-106.13353,28.68701],[-106.13385,28.68668],[-106.13409,28.68652],[-106.13537,28.68605],[-106.13596,28.68567],[-106.13631,28.68522],[-106.1364,28.68504],[-106.13654,28.68457],[-106.13651,28.68399],[-106.13641,28.68343]]},"properties":{"id":2407,"nombre":"Calle Periférico de la Juventud","clase":"secondary"}},{"type":"Feature","id":2408,"geometry":{"type":"LineString","coordinates":[[-106.13306,28.68832],[-106.13326,28.68757],[-106.13339,28.68722],[-106.13353,28.68701]]},"properties":{"id":2408,"nombre":"Calle Periférico de la Juventud","clase":"secondary"}},{"type":"Feature","id":2409,"geometry":{"type":"LineString","coordinates":[[-106.13249,28.69036],[-106.13271,28.68957],[-106.1329,28.68887],[-106.13293,28.68876],[-106.13306,28.68832]]},"properties":{"id":2409,"nombre":"Calle Periférico de la Juventud","clase":"secondary"}},{"type":"Feature","id":2410,"geometry":{"type":"LineString","coordinates":[[-106.13231,28.69094],[-106.13233,28.69087],[-106.13249,28.69036]]},"properties":{"id":2410,"nombre":"Calle Periférico de la Juventud","clase":"secondary"}},{"type":"Feature","id":2411,"geometry":{"type":"LineString","coordinates":[[-106.10869,28.61284],[-106.10846,28.61266],[-106.10829,28.61257]]},"properties":{"id":2411,"nombre":"Calle Periférico de la Juventud","clase":"secondary"}},{"type":"Feature","id":2412,"geometry":{"type":"LineString","coordinates":[[-106.10897,28.61318],[-106.10884,28.613],[-106.10869,28.61284]]},"properties":{"id":2412,"nombre":"Calle Periférico de la Juventud","clase":"secondary"}},{"type":"Feature","id":2413,"geometry":{"type":"LineString","coordinates":[[-106.13185,28.69124],[-106.13177,28.69156]]},"properties":{"id":2413,"nombre":"Calle Periférico de la Juventud","clase":"secondary"}},{"type":"Feature","id":2414,"geometry":{"type":"LineString","coordinates":[[-106.13468,28.6738],[-106.13461,28.67358],[-106.13453,28.67338],[-106.13431,28.67294],[-106.13411,28.67258],[-106.13393,28.67229],[-106.13358,28.67172]]},"properties":{"id":2414,"nombre":"Calle Periférico de la Juventud","clase":"secondary"}},{"type":"Feature","id":2415,"geometry":{"type":"LineString","coordinates":[[-106.11938,28.6294],[-106.1197,28.62988],[-106.1198,28.63006],[-106.11997,28.63044],[-106.12008,28.63069],[-106.12033,28.63127],[-106.12039,28.63142],[-106.12051,28.63172],[-106.12057,28.63189]]},"properties":{"id":2415,"nombre":"Calle Periférico de la Juventud","clase":"secondary"}},{"type":"Feature","id":2416,"geometry":{"type":"LineString","coordinates":[[-106.13014,28.65105],[-106.12995,28.65061],[-106.12977,28.65019],[-106.12969,28.64994],[-106.12957,28.64952],[-106.12949,28.64919],[-106.12926,28.64808],[-106.12917,28.64773],[-106.12912,28.64754],[-106.12897,28.6472],[-106.12879,28.64693],[-106.12868,28.64677],[-106.12848,28.64658],[-106.12817,28.64634],[-106.12792,28.64622],[-106.1277,28.64612],[-106.12699,28.64586],[-106.1268,28.64579],[-106.12653,28.64562],[-106.12622,28.64539],[-106.12601,28.6452],[-106.12586,28.645],[-106.12557,28.64449]]},"properties":{"id":2416,"nombre":"Calle Periférico de la Juventud","clase":"secondary"}},{"type":"Feature","id":2417,"geometry":{"type":"LineString","coordinates":[[-106.13092,28.69579],[-106.13152,28.69363],[-106.13166,28.69316],[-106.13188,28.69239],[-106.13231,28.69094]]},"properties":{"id":2417,"nombre":"Calle Periférico de la Juventud","clase":"secondary"}},{"type":"Feature","id":2418,"geometry":{"type":"LineString","coordinates":[[-106.13052,28.69758],[-106.13055,28.69768],[-106.131,28.6991],[-106.13119,28.6997],[-106.13131,28.70009]]},"properties":{"id":2418,"nombre":"Calle Periférico de la Juventud","clase":"secondary"}},{"type":"Feature","id":2419,"geometry":{"type":"LineString","coordinates":[[-106.13496,28.67511],[-106.13489,28.67476],[-106.13482,28.6744],[-106.13473,28.67399],[-106.13468,28.6738]]},"properties":{"id":2419,"nombre":"Calle Periférico de la Juventud","clase":"secondary"}},{"type":"Feature","id":2420,"geometry":{"type":"LineString","coordinates":[[-106.13223,28.67041],[-106.13253,28.67084]]},"properties":{"id":2420,"nombre":"Calle Periférico de la Juventud","clase":"secondary"}},{"type":"Feature","id":2421,"geometry":{"type":"LineString","coordinates":[[-106.11824,28.62837],[-106.11861,28.62863],[-106.11868,28.62869],[-106.11878,28.62877],[-106.11887,28.62885],[-106.11921,28.62919],[-106.11938,28.6294]]},"properties":{"id":2421,"nombre":"Calle Periférico de la Juventud","clase":"secondary"}},{"type":"Feature","id":2422,"geometry":{"type":"LineString","coordinates":[[-106.13022,28.65222],[-106.13045,28.6528],[-106.13052,28.65312],[-106.13053,28.65336],[-106.13054,28.65357],[-106.13038,28.65412],[-106.1302,28.65443],[-106.12985,28.65491],[-106.12945,28.65546]]},"properties":{"id":2422,"nombre":"Calle Periférico de la Juventud","clase":"secondary"}},{"type":"Feature","id":2423,"geometry":{"type":"LineString","coordinates":[[-106.13034,28.65178],[-106.12995,28.65095],[-106.12967,28.6503],[-106.1295,28.6498],[-106.12932,28.6491],[-106.12901,28.64763],[-106.12885,28.64723],[-106.12874,28.64704]]},"properties":{"id":2423,"nombre":"Calle Periférico de la Juventud","clase":"trunk"}},{"type":"Feature","id":2424,"geometry":{"type":"LineString","coordinates":[[-106.13033,28.65151],[-106.13014,28.65105]]},"properties":{"id":2424,"nombre":"Calle Periférico de la Juventud","clase":"secondary"}},{"type":"Feature","id":2425,"geometry":{"type":"LineString","coordinates":[[-106.12304,28.63698],[-106.12307,28.63712],[-106.12311,28.63734],[-106.12311,28.63745],[-106.1231,28.63764]]},"properties":{"id":2425,"nombre":"Calle Periférico de la Juventud","clase":"secondary"}},{"type":"Feature","id":2426,"geometry":{"type":"LineString","coordinates":[[-106.13555,28.68041],[-106.13558,28.6806]]},"properties":{"id":2426,"nombre":"Calle Periférico de la Juventud","clase":"secondary"}},{"type":"Feature","id":2427,"geometry":{"type":"LineString","coordinates":[[-106.13087,28.69596],[-106.13092,28.69579]]},"properties":{"id":2427,"nombre":"Calle Periférico de la Juventud","clase":"secondary"}},{"type":"Feature","id":2428,"geometry":{"type":"LineString","coordinates":[[-106.1066,28.68512],[-106.10501,28.68572],[-106.10273,28.68649],[-106.10196,28.68676],[-106.10135,28.68698],[-106.10103,28.6871],[-106.10026,28.68738],[-106.09802,28.68819]]},"properties":{"id":2428,"nombre":"Calle Portugal","clase":"secondary"}},{"type":"Feature","id":2429,"geometry":{"type":"LineString","coordinates":[[-106.09802,28.68819],[-106.09622,28.68884],[-106.0949,28.68933],[-106.09436,28.68953]]},"properties":{"id":2429,"nombre":"Calle Portugal","clase":"secondary"}},{"type":"Feature","id":2430,"geometry":{"type":"LineString","coordinates":[[-106.07425,28.6287],[-106.07467,28.62757],[-106.07474,28.6273],[-106.07542,28.62634],[-106.07594,28.62565],[-106.07654,28.62478],[-106.07729,28.62377]]},"properties":{"id":2430,"nombre":"Calle Primero De Mayo","clase":"secondary"}},{"type":"Feature","id":2431,"geometry":{"type":"LineString","coordinates":[[-106.07803,28.62276],[-106.07767,28.62325],[-106.07729,28.62377]]},"properties":{"id":2431,"nombre":"Calle Primero De Mayo","clase":"secondary"}},{"type":"Feature","id":2432,"geometry":{"type":"LineString","coordinates":[[-106.07803,28.62276],[-106.07829,28.62245],[-106.07835,28.62238],[-106.07841,28.62234],[-106.07853,28.62229]]},"properties":{"id":2432,"nombre":"Calle Primero De Mayo","clase":"secondary"}},{"type":"Feature","id":2433,"geometry":{"type":"LineString","coordinates":[[-106.16349,28.71371],[-106.16339,28.71362],[-106.16331,28.71354],[-106.16324,28.71344]]},"properties":{"id":2433,"nombre":"Calle Provincia de Lleida","clase":"secondary"}},{"type":"Feature","id":2434,"geometry":{"type":"LineString","coordinates":[[-106.1637,28.7498],[-106.1644,28.75108],[-106.16472,28.75175],[-106.16497,28.75232]]},"properties":{"id":2434,"nombre":"Calle Puerta de la Amistad","clase":"trunk"}},{"type":"Feature","id":2435,"geometry":{"type":"LineString","coordinates":[[-106.16305,28.74858],[-106.16323,28.74892],[-106.16354,28.74951],[-106.1637,28.7498]]},"properties":{"id":2435,"nombre":"Calle Puerta de la Amistad","clase":"trunk"}},{"type":"Feature","id":2436,"geometry":{"type":"LineString","coordinates":[[-106.16141,28.74558],[-106.16241,28.74742],[-106.16277,28.74808],[-106.16305,28.74858]]},"properties":{"id":2436,"nombre":"Calle Puerta de la Amistad","clase":"trunk"}},{"type":"Feature","id":2437,"geometry":{"type":"LineString","coordinates":[[-106.11852,28.70516],[-106.1188,28.70575],[-106.11891,28.70606],[-106.11927,28.70704],[-106.11932,28.70717]]},"properties":{"id":2437,"nombre":"Calle Ramón Córdova","clase":"secondary"}},{"type":"Feature","id":2438,"geometry":{"type":"LineString","coordinates":[[-106.04009,28.64127],[-106.04064,28.64151],[-106.04114,28.64174]]},"properties":{"id":2438,"nombre":"Calle Ramón Núñez","clase":"secondary"}},{"type":"Feature","id":2439,"geometry":{"type":"LineString","coordinates":[[-106.1091,28.60936],[-106.10757,28.60929],[-106.10699,28.6093],[-106.10654,28.60941],[-106.10604,28.60962]]},"properties":{"id":2439,"nombre":"Calle Revolución","clase":"trunk"}},{"type":"Feature","id":2440,"geometry":{"type":"LineString","coordinates":[[-106.11035,28.6094],[-106.11011,28.60939],[-106.10937,28.60937],[-106.1091,28.60936]]},"properties":{"id":2440,"nombre":"Calle Revolución","clase":"trunk"}},{"type":"Feature","id":2441,"geometry":{"type":"LineString","coordinates":[[-106.12462,28.68163],[-106.12498,28.68241],[-106.12535,28.6832],[-106.12571,28.68398],[-106.12608,28.68477],[-106.12632,28.68531]]},"properties":{"id":2441,"nombre":"Calle Revolución Proletaria","clase":"secondary"}},{"type":"Feature","id":2442,"geometry":{"type":"LineString","coordinates":[[-106.11114,28.67697],[-106.11158,28.67682],[-106.11191,28.67671],[-106.11248,28.67653],[-106.11337,28.67625],[-106.11427,28.67596],[-106.11518,28.67565],[-106.11573,28.6755]]},"properties":{"id":2442,"nombre":"Calle Río Aros","clase":"secondary"}},{"type":"Feature","id":2443,"geometry":{"type":"LineString","coordinates":[[-106.11114,28.67697],[-106.11075,28.6771],[-106.10993,28.67738],[-106.10893,28.6777],[-106.10863,28.67779],[-106.10793,28.67801],[-106.10693,28.67833],[-106.10609,28.6786],[-106.10539,28.67882]]},"properties":{"id":2443,"nombre":"Calle Río Aros","clase":"secondary"}},{"type":"Feature","id":2444,"geometry":{"type":"LineString","coordinates":[[-106.1157,28.67544],[-106.11552,28.67554]]},"properties":{"id":2444,"nombre":"Calle Río Aros","clase":"secondary"}},{"type":"Feature","id":2445,"geometry":{"type":"LineString","coordinates":[[-106.06881,28.66328],[-106.06938,28.66351],[-106.0695,28.66351],[-106.07034,28.66341],[-106.07167,28.66322],[-106.07232,28.66313],[-106.07352,28.66296],[-106.07482,28.66276]]},"properties":{"id":2445,"nombre":"Calle Río Pánuco","clase":"primary"}},{"type":"Feature","id":2446,"geometry":{"type":"LineString","coordinates":[[-106.06878,28.66388],[-106.06882,28.66381],[-106.06888,28.66368],[-106.06893,28.66361],[-106.06906,28.66355],[-106.06919,28.66352],[-106.06926,28.66349]]},"properties":{"id":2446,"nombre":"Calle Río Pánuco","clase":"trunk"}},{"type":"Feature","id":2447,"geometry":{"type":"LineString","coordinates":[[-106.06864,28.66328],[-106.06881,28.66328]]},"properties":{"id":2447,"nombre":"Calle Río Pánuco","clase":"primary"}},{"type":"Feature","id":2448,"geometry":{"type":"LineString","coordinates":[[-106.10869,28.65623],[-106.10861,28.65659],[-106.10846,28.65723],[-106.10809,28.65887],[-106.10807,28.65896]]},"properties":{"id":2448,"nombre":"Calle Río de Janeiro","clase":"secondary"}},{"type":"Feature","id":2449,"geometry":{"type":"LineString","coordinates":[[-106.11073,28.64734],[-106.1104,28.64874],[-106.11037,28.64887],[-106.10993,28.65077],[-106.10951,28.6527]]},"properties":{"id":2449,"nombre":"Calle Río de Janeiro","clase":"secondary"}},{"type":"Feature","id":2450,"geometry":{"type":"LineString","coordinates":[[-106.10951,28.6527],[-106.10892,28.65519],[-106.1089,28.65532],[-106.10871,28.65615],[-106.10869,28.65623]]},"properties":{"id":2450,"nombre":"Calle Río de Janeiro","clase":"secondary"}},{"type":"Feature","id":2451,"geometry":{"type":"LineString","coordinates":[[-106.11213,28.64411],[-106.11188,28.64465],[-106.11165,28.64538],[-106.11142,28.64587],[-106.1112,28.64617],[-106.11104,28.6464],[-106.11083,28.64695],[-106.11073,28.64734]]},"properties":{"id":2451,"nombre":"Calle Río de Janeiro","clase":"secondary"}},{"type":"Feature","id":2452,"geometry":{"type":"LineString","coordinates":[[-106.10813,28.6591],[-106.10857,28.65725],[-106.10882,28.65619],[-106.10901,28.65534],[-106.10962,28.65272]]},"properties":{"id":2452,"nombre":"Calle Río de Janeiro","clase":"secondary"}},{"type":"Feature","id":2453,"geometry":{"type":"LineString","coordinates":[[-106.10962,28.65272],[-106.11048,28.64891],[-106.11051,28.64876],[-106.11088,28.64722]]},"properties":{"id":2453,"nombre":"Calle Río de Janeiro","clase":"secondary"}},{"type":"Feature","id":2454,"geometry":{"type":"LineString","coordinates":[[-106.11223,28.64415],[-106.11227,28.64408]]},"properties":{"id":2454,"nombre":"Calle Río de Janeiro","clase":"secondary"}},{"type":"Feature","id":2455,"geometry":{"type":"LineString","coordinates":[[-106.11217,28.64404],[-106.11213,28.64411]]},"properties":{"id":2455,"nombre":"Calle Río de Janeiro","clase":"secondary"}},{"type":"Feature","id":2456,"geometry":{"type":"LineString","coordinates":[[-106.11197,28.64468],[-106.11214,28.64433],[-106.11223,28.64415]]},"properties":{"id":2456,"nombre":"Calle Río de Janeiro","clase":"secondary"}},{"type":"Feature","id":2457,"geometry":{"type":"LineString","coordinates":[[-106.11179,28.64524],[-106.11187,28.64493],[-106.11189,28.64488],[-106.11197,28.64468]]},"properties":{"id":2457,"nombre":"Calle Río de Janeiro","clase":"secondary"}},{"type":"Feature","id":2458,"geometry":{"type":"LineString","coordinates":[[-106.11104,28.64663],[-106.11123,28.6463],[-106.11157,28.64583],[-106.11171,28.64552],[-106.11179,28.64524]]},"properties":{"id":2458,"nombre":"Calle Río de Janeiro","clase":"secondary"}},{"type":"Feature","id":2459,"geometry":{"type":"LineString","coordinates":[[-106.11092,28.64697],[-106.11097,28.64678],[-106.11104,28.64663]]},"properties":{"id":2459,"nombre":"Calle Río de Janeiro","clase":"secondary"}},{"type":"Feature","id":2460,"geometry":{"type":"LineString","coordinates":[[-106.11088,28.64722],[-106.11092,28.64697]]},"properties":{"id":2460,"nombre":"Calle Río de Janeiro","clase":"secondary"}},{"type":"Feature","id":2461,"geometry":{"type":"LineString","coordinates":[[-106.09417,28.6403],[-106.09423,28.64022]]},"properties":{"id":2461,"nombre":"Calle San Felipe Del Real","clase":"secondary"}},{"type":"Feature","id":2462,"geometry":{"type":"LineString","coordinates":[[-106.09417,28.6403],[-106.09407,28.64048],[-106.09398,28.64065]]},"properties":{"id":2462,"nombre":"Calle San Felipe Del Real","clase":"secondary"}},{"type":"Feature","id":2463,"geometry":{"type":"LineString","coordinates":[[-106.15058,28.71127],[-106.15072,28.7113]]},"properties":{"id":2463,"nombre":"Calle San Miguel El Grande","clase":"secondary"}},{"type":"Feature","id":2464,"geometry":{"type":"LineString","coordinates":[[-106.14189,28.70225],[-106.14253,28.70289],[-106.14299,28.70335],[-106.1432,28.70361],[-106.14361,28.70414],[-106.14559,28.70622],[-106.14589,28.70653]]},"properties":{"id":2464,"nombre":"Calle San Miguel El Grande","clase":"secondary"}},{"type":"Feature","id":2465,"geometry":{"type":"LineString","coordinates":[[-106.1393,28.69979],[-106.13995,28.70049],[-106.14058,28.70112],[-106.14189,28.70225]]},"properties":{"id":2465,"nombre":"Calle San Miguel El Grande","clase":"secondary"}},{"type":"Feature","id":2466,"geometry":{"type":"LineString","coordinates":[[-106.15031,28.71109],[-106.15043,28.71119],[-106.15046,28.71122],[-106.15058,28.71127]]},"properties":{"id":2466,"nombre":"Calle San Miguel El Grande","clase":"secondary"}},{"type":"Feature","id":2467,"geometry":{"type":"LineString","coordinates":[[-106.14781,28.70834],[-106.14673,28.7072],[-106.14627,28.70669],[-106.14619,28.70648],[-106.14613,28.70625],[-106.14599,28.70609],[-106.14564,28.70592],[-106.14541,28.7058],[-106.14529,28.7057],[-106.14433,28.70472],[-106.14416,28.70453],[-106.14405,28.70434],[-106.14399,28.70418]]},"properties":{"id":2467,"nombre":"Calle San Miguel El Grande","clase":"secondary"}},{"type":"Feature","id":2468,"geometry":{"type":"LineString","coordinates":[[-106.13766,28.6979],[-106.13735,28.69758],[-106.13725,28.69749]]},"properties":{"id":2468,"nombre":"Calle San Miguel El Grande","clase":"secondary"}},{"type":"Feature","id":2469,"geometry":{"type":"LineString","coordinates":[[-106.14589,28.70653],[-106.14746,28.70817],[-106.14949,28.71026],[-106.15031,28.71109]]},"properties":{"id":2469,"nombre":"Calle San Miguel El Grande","clase":"secondary"}},{"type":"Feature","id":2470,"geometry":{"type":"LineString","coordinates":[[-106.15054,28.71111],[-106.14974,28.71032],[-106.14908,28.70964],[-106.14843,28.70898],[-106.14781,28.70834]]},"properties":{"id":2470,"nombre":"Calle San Miguel El Grande","clase":"secondary"}},{"type":"Feature","id":2471,"geometry":{"type":"LineString","coordinates":[[-106.1438,28.70393],[-106.14362,28.70384],[-106.1435,28.70375],[-106.14314,28.70332],[-106.14288,28.70304],[-106.14234,28.70252],[-106.142,28.70217],[-106.14073,28.70107],[-106.14051,28.70087],[-106.14009,28.70044],[-106.13938,28.69971]]},"properties":{"id":2471,"nombre":"Calle San Miguel El Grande","clase":"secondary"}},{"type":"Feature","id":2472,"geometry":{"type":"LineString","coordinates":[[-106.14399,28.70418],[-106.14394,28.70404],[-106.14386,28.70396],[-106.1438,28.70393]]},"properties":{"id":2472,"nombre":"Calle San Miguel El Grande","clase":"secondary"}},{"type":"Feature","id":2473,"geometry":{"type":"LineString","coordinates":[[-106.13726,28.69766],[-106.13759,28.69801],[-106.13924,28.69973],[-106.1393,28.69979]]},"properties":{"id":2473,"nombre":"Calle San Miguel El Grande","clase":"secondary"}},{"type":"Feature","id":2474,"geometry":{"type":"LineString","coordinates":[[-106.13716,28.69757],[-106.13726,28.69766]]},"properties":{"id":2474,"nombre":"Calle San Miguel El Grande","clase":"secondary"}},{"type":"Feature","id":2475,"geometry":{"type":"LineString","coordinates":[[-106.13938,28.69971],[-106.13933,28.69966],[-106.13813,28.69837],[-106.13766,28.6979]]},"properties":{"id":2475,"nombre":"Calle San Miguel El Grande","clase":"secondary"}},{"type":"Feature","id":2476,"geometry":{"type":"LineString","coordinates":[[-106.15081,28.7112],[-106.15066,28.71118],[-106.15059,28.71115],[-106.15054,28.71111]]},"properties":{"id":2476,"nombre":"Calle San Miguel El Grande","clase":"secondary"}},{"type":"Feature","id":2477,"geometry":{"type":"LineString","coordinates":[[-106.00681,28.64323],[-106.0051,28.64379],[-106.00335,28.64438],[-106.00274,28.64459],[-106.00116,28.64511],[-105.99982,28.64557]]},"properties":{"id":2477,"nombre":"Calle Sierra de Pedernales","clase":"secondary"}},{"type":"Feature","id":2478,"geometry":{"type":"LineString","coordinates":[[-106.00681,28.64323],[-106.00699,28.64315]]},"properties":{"id":2478,"nombre":"Calle Sierra de Pedernales","clase":"secondary"}},{"type":"Feature","id":2479,"geometry":{"type":"LineString","coordinates":[[-105.99982,28.64557],[-105.99877,28.64591],[-105.99749,28.64633],[-105.99641,28.64669],[-105.99421,28.64743],[-105.99325,28.64774]]},"properties":{"id":2479,"nombre":"Calle Sierra de Pedernales","clase":"secondary"}},{"type":"Feature","id":2480,"geometry":{"type":"LineString","coordinates":[[-105.9924,28.64804],[-105.9914,28.64838],[-105.99097,28.64856],[-105.99006,28.64888],[-105.98947,28.64907],[-105.98849,28.64939],[-105.9876,28.64968],[-105.98675,28.64998],[-105.98628,28.65013]]},"properties":{"id":2480,"nombre":"Calle Sierra de Pedernales","clase":"secondary"}},{"type":"Feature","id":2481,"geometry":{"type":"LineString","coordinates":[[-105.9924,28.64804],[-105.99325,28.64774]]},"properties":{"id":2481,"nombre":"Calle Sierra de Pedernales","clase":"secondary"}},{"type":"Feature","id":2482,"geometry":{"type":"LineString","coordinates":[[-105.98259,28.65128],[-105.98084,28.65186],[-105.98049,28.65197],[-105.98002,28.65211]]},"properties":{"id":2482,"nombre":"Calle Sierra de Pedernales","clase":"secondary"}},{"type":"Feature","id":2483,"geometry":{"type":"LineString","coordinates":[[-105.98259,28.65128],[-105.98313,28.65113],[-105.98359,28.65099],[-105.98443,28.65073],[-105.98532,28.65044],[-105.98628,28.65013]]},"properties":{"id":2483,"nombre":"Calle Sierra de Pedernales","clase":"secondary"}},{"type":"Feature","id":2484,"geometry":{"type":"LineString","coordinates":[[-106.12336,28.73636],[-106.12325,28.73549],[-106.12319,28.73506],[-106.12303,28.73458],[-106.12278,28.734],[-106.12253,28.73342],[-106.1225,28.73336]]},"properties":{"id":2484,"nombre":"Calle Sosa Vera","clase":"secondary"}},{"type":"Feature","id":2485,"geometry":{"type":"LineString","coordinates":[[-106.12376,28.73898],[-106.12367,28.73869],[-106.1236,28.7383],[-106.12336,28.73636]]},"properties":{"id":2485,"nombre":"Calle Sosa Vera","clase":"secondary"}},{"type":"Feature","id":2486,"geometry":{"type":"LineString","coordinates":[[-106.12416,28.7399],[-106.12404,28.73966],[-106.12394,28.73946],[-106.12385,28.73923],[-106.12376,28.73898]]},"properties":{"id":2486,"nombre":"Calle Sosa Vera","clase":"secondary"}},{"type":"Feature","id":2487,"geometry":{"type":"LineString","coordinates":[[-106.12441,28.74027],[-106.12429,28.7401],[-106.12423,28.74002],[-106.12416,28.7399]]},"properties":{"id":2487,"nombre":"Calle Sosa Vera","clase":"secondary"}},{"type":"Feature","id":2488,"geometry":{"type":"LineString","coordinates":[[-106.12664,28.74496],[-106.12665,28.74437],[-106.12667,28.74391],[-106.12664,28.74332],[-106.12657,28.74302],[-106.1264,28.74263],[-106.12623,28.74235],[-106.12582,28.74187],[-106.12521,28.7412],[-106.1249,28.74085],[-106.12467,28.74059],[-106.12441,28.74027]]},"properties":{"id":2488,"nombre":"Calle Sosa Vera","clase":"secondary"}},{"type":"Feature","id":2489,"geometry":{"type":"LineString","coordinates":[[-106.12797,28.74736],[-106.12777,28.74711],[-106.12746,28.74666],[-106.12686,28.74559],[-106.12667,28.74527],[-106.12664,28.74496]]},"properties":{"id":2489,"nombre":"Calle Sosa Vera","clase":"secondary"}},{"type":"Feature","id":2490,"geometry":{"type":"LineString","coordinates":[[-106.12942,28.75001],[-106.1291,28.74923],[-106.12892,28.74885],[-106.12885,28.74872],[-106.12873,28.74855],[-106.12855,28.74829],[-106.12835,28.74799],[-106.12797,28.74736]]},"properties":{"id":2490,"nombre":"Calle Sosa Vera","clase":"secondary"}},{"type":"Feature","id":2491,"geometry":{"type":"LineString","coordinates":[[-106.1296,28.75041],[-106.12942,28.75001]]},"properties":{"id":2491,"nombre":"Calle Sosa Vera","clase":"secondary"}},{"type":"Feature","id":2492,"geometry":{"type":"LineString","coordinates":[[-106.1297,28.75067],[-106.1296,28.75041]]},"properties":{"id":2492,"nombre":"Calle Sosa Vera","clase":"secondary"}},{"type":"Feature","id":2493,"geometry":{"type":"LineString","coordinates":[[-106.12981,28.75093],[-106.1297,28.75067]]},"properties":{"id":2493,"nombre":"Calle Sosa Vera","clase":"secondary"}},{"type":"Feature","id":2494,"geometry":{"type":"LineString","coordinates":[[-106.07423,28.66074],[-106.07409,28.66079],[-106.07358,28.66095],[-106.07307,28.66113],[-106.07265,28.66128]]},"properties":{"id":2494,"nombre":"Calle Tamaulipas","clase":"secondary"}},{"type":"Feature","id":2495,"geometry":{"type":"LineString","coordinates":[[-106.05768,28.62506],[-106.05839,28.62408],[-106.05906,28.62316],[-106.05991,28.622],[-106.0609,28.62065]]},"properties":{"id":2495,"nombre":"Calle Tamborel","clase":"secondary"}},{"type":"Feature","id":2496,"geometry":{"type":"LineString","coordinates":[[-106.05768,28.62506],[-106.05594,28.62751],[-106.05544,28.62818],[-106.0544,28.6296],[-106.05374,28.63051]]},"properties":{"id":2496,"nombre":"Calle Tamborel","clase":"secondary"}},{"type":"Feature","id":2497,"geometry":{"type":"LineString","coordinates":[[-106.05374,28.63051],[-106.05308,28.63142],[-106.05242,28.63235]]},"properties":{"id":2497,"nombre":"Calle Tamborel","clase":"secondary"}},{"type":"Feature","id":2498,"geometry":{"type":"LineString","coordinates":[[-106.14453,28.72426],[-106.14455,28.72431],[-106.14476,28.72469],[-106.14478,28.72472]]},"properties":{"id":2498,"nombre":"Calle Tecnológico","clase":"trunk"}},{"type":"Feature","id":2499,"geometry":{"type":"LineString","coordinates":[[-106.14522,28.72456],[-106.14495,28.72411]]},"properties":{"id":2499,"nombre":"Calle Tecnológico","clase":"trunk"}},{"type":"Feature","id":2500,"geometry":{"type":"LineString","coordinates":[[-106.11636,28.67827],[-106.11655,28.6777],[-106.11659,28.67739],[-106.11653,28.67716],[-106.11617,28.67637],[-106.11598,28.67597],[-106.1157,28.67544]]},"properties":{"id":2500,"nombre":"Calle Tenochtitlan","clase":"secondary"}},{"type":"Feature","id":2501,"geometry":{"type":"LineString","coordinates":[[-106.0875,28.64156],[-106.08754,28.6416]]},"properties":{"id":2501,"nombre":"Calle Trasviña y Retes","clase":"primary"}},{"type":"Feature","id":2502,"geometry":{"type":"LineString","coordinates":[[-106.09222,28.64567],[-106.09259,28.64565],[-106.0935,28.64579],[-106.09527,28.6461],[-106.09703,28.64642],[-106.09879,28.64673]]},"properties":{"id":2502,"nombre":"Calle Trasviña y Retes","clase":"secondary"}},{"type":"Feature","id":2503,"geometry":{"type":"LineString","coordinates":[[-106.092,28.64533],[-106.09183,28.64526],[-106.09037,28.64406],[-106.08867,28.64259],[-106.08754,28.6416]]},"properties":{"id":2503,"nombre":"Calle Trasviña y Retes","clase":"secondary"}},{"type":"Feature","id":2504,"geometry":{"type":"LineString","coordinates":[[-106.09152,28.64505],[-106.09168,28.64524],[-106.09176,28.64533],[-106.09179,28.64539],[-106.09184,28.64549]]},"properties":{"id":2504,"nombre":"Calle Trasviña y Retes","clase":"secondary"}},{"type":"Feature","id":2505,"geometry":{"type":"LineString","coordinates":[[-106.09962,28.64688],[-106.09953,28.64686],[-106.09879,28.64673]]},"properties":{"id":2505,"nombre":"Calle Trasviña y Retes","clase":"secondary"}},{"type":"Feature","id":2506,"geometry":{"type":"LineString","coordinates":[[-106.0926,28.64561],[-106.09229,28.64546]]},"properties":{"id":2506,"nombre":"Calle Trasviña y Retes","clase":"secondary"}},{"type":"Feature","id":2507,"geometry":{"type":"LineString","coordinates":[[-106.09269,28.64565],[-106.0926,28.64561]]},"properties":{"id":2507,"nombre":"Calle Trasviña y Retes","clase":"secondary"}},{"type":"Feature","id":2508,"geometry":{"type":"LineString","coordinates":[[-106.04182,28.60604],[-106.04193,28.60599]]},"properties":{"id":2508,"nombre":"Calle Valle Hermoso","clase":"secondary"}},{"type":"Feature","id":2509,"geometry":{"type":"LineString","coordinates":[[-106.04182,28.60604],[-106.04107,28.60631],[-106.04052,28.60652],[-106.03962,28.60687],[-106.03923,28.60703],[-106.03893,28.60712],[-106.03876,28.60711],[-106.03838,28.60697],[-106.0382,28.60687]]},"properties":{"id":2509,"nombre":"Calle Valle Hermoso","clase":"secondary"}},{"type":"Feature","id":2510,"geometry":{"type":"LineString","coordinates":[[-106.03893,28.60712],[-106.03905,28.6071],[-106.03923,28.60703],[-106.03939,28.60696]]},"properties":{"id":2510,"nombre":"Calle Valle Hermoso","clase":"secondary"}},{"type":"Feature","id":2511,"geometry":{"type":"LineString","coordinates":[[-106.1101,28.58944],[-106.10996,28.58962],[-106.10967,28.5901],[-106.10852,28.59209],[-106.1081,28.59284],[-106.10764,28.59372],[-106.10719,28.59457]]},"properties":{"id":2511,"nombre":"Calle Vialidad Ch-P","clase":"primary"}},{"type":"Feature","id":2512,"geometry":{"type":"LineString","coordinates":[[-106.11009,28.58963],[-106.11016,28.58954]]},"properties":{"id":2512,"nombre":"Calle Vialidad Ch-P","clase":"primary"}},{"type":"Feature","id":2513,"geometry":{"type":"LineString","coordinates":[[-106.04851,28.61994],[-106.04898,28.61992],[-106.04985,28.61997],[-106.05072,28.61988],[-106.05108,28.61977],[-106.05291,28.61905],[-106.05402,28.61863],[-106.05459,28.61849],[-106.05527,28.61842],[-106.05666,28.61844]]},"properties":{"id":2513,"nombre":"Calle Vialidad Ch-P","clase":"primary"}},{"type":"Feature","id":2514,"geometry":{"type":"LineString","coordinates":[[-106.05809,28.61851],[-106.05895,28.61854],[-106.05956,28.61854],[-106.06091,28.61859],[-106.06239,28.61864],[-106.06382,28.61869],[-106.06444,28.61872]]},"properties":{"id":2514,"nombre":"Calle Vialidad Ch-P","clase":"primary"}},{"type":"Feature","id":2515,"geometry":{"type":"LineString","coordinates":[[-106.06792,28.61887],[-106.06867,28.61888],[-106.06936,28.61889],[-106.06958,28.61884],[-106.06987,28.61874],[-106.07038,28.61858],[-106.07079,28.61847],[-106.07107,28.61838],[-106.07138,28.6182],[-106.07174,28.6179],[-106.0722,28.61746],[-106.07253,28.61715],[-106.07277,28.61694],[-106.0732,28.61662],[-106.07347,28.61646],[-106.07377,28.61631]]},"properties":{"id":2515,"nombre":"Calle Vialidad Ch-P","clase":"primary"}},{"type":"Feature","id":2516,"geometry":{"type":"LineString","coordinates":[[-106.07377,28.61631],[-106.07438,28.6161],[-106.0748,28.61601],[-106.07553,28.61593],[-106.07763,28.61584],[-106.07899,28.61577],[-106.08032,28.61571]]},"properties":{"id":2516,"nombre":"Calle Vialidad Ch-P","clase":"primary"}},{"type":"Feature","id":2517,"geometry":{"type":"LineString","coordinates":[[-106.08869,28.61186],[-106.08987,28.61116],[-106.09102,28.61045],[-106.09205,28.60982],[-106.09321,28.60911],[-106.09381,28.60873]]},"properties":{"id":2517,"nombre":"Calle Vialidad Ch-P","clase":"primary"}},{"type":"Feature","id":2518,"geometry":{"type":"LineString","coordinates":[[-106.09662,28.60686],[-106.0972,28.60635],[-106.09828,28.60521],[-106.09971,28.60366],[-106.10065,28.6026],[-106.10145,28.60174],[-106.10242,28.60069]]},"properties":{"id":2518,"nombre":"Calle Vialidad Ch-P","clase":"primary"}},{"type":"Feature","id":2519,"geometry":{"type":"LineString","coordinates":[[-106.09742,28.606],[-106.09655,28.6068],[-106.09582,28.60739],[-106.09541,28.60766],[-106.09447,28.60822],[-106.09371,28.60869],[-106.09257,28.60939]]},"properties":{"id":2519,"nombre":"Calle Vialidad Ch-P","clase":"primary"}},{"type":"Feature","id":2520,"geometry":{"type":"LineString","coordinates":[[-106.09199,28.60974],[-106.09094,28.6104],[-106.08978,28.61111],[-106.08865,28.61178],[-106.08759,28.61245],[-106.08649,28.61313]]},"properties":{"id":2520,"nombre":"Calle Vialidad Ch-P","clase":"primary"}},{"type":"Feature","id":2521,"geometry":{"type":"LineString","coordinates":[[-106.0832,28.61512],[-106.0828,28.61529],[-106.08254,28.61538],[-106.08216,28.61548],[-106.08166,28.61557],[-106.07952,28.61569],[-106.07892,28.6157],[-106.07597,28.61584]]},"properties":{"id":2521,"nombre":"Calle Vialidad Ch-P","clase":"primary"}},{"type":"Feature","id":2522,"geometry":{"type":"LineString","coordinates":[[-106.07542,28.61586],[-106.07483,28.61593],[-106.07442,28.61601],[-106.07372,28.61625],[-106.07336,28.61643],[-106.07301,28.61666],[-106.07251,28.61705],[-106.07243,28.61713],[-106.07165,28.61786],[-106.07131,28.61815],[-106.07107,28.6183],[-106.07078,28.61841],[-106.0704,28.61852],[-106.0698,28.6187],[-106.0696,28.61878]]},"properties":{"id":2522,"nombre":"Calle Vialidad Ch-P","clase":"primary"}},{"type":"Feature","id":2523,"geometry":{"type":"LineString","coordinates":[[-106.0696,28.61878],[-106.06944,28.61881],[-106.06924,28.61884],[-106.06871,28.61882],[-106.06853,28.61882],[-106.06731,28.61876],[-106.0659,28.61871],[-106.06444,28.61865],[-106.06315,28.6186]]},"properties":{"id":2523,"nombre":"Calle Vialidad Ch-P","clase":"primary"}},{"type":"Feature","id":2524,"geometry":{"type":"LineString","coordinates":[[-106.04848,28.61987],[-106.04808,28.61997],[-106.04772,28.62012],[-106.04737,28.62036],[-106.04701,28.62068],[-106.04642,28.62137],[-106.04573,28.62218],[-106.04549,28.62246],[-106.04531,28.62265],[-106.04503,28.62293],[-106.04453,28.62333],[-106.04398,28.62368],[-106.04321,28.62404],[-106.04301,28.6241]]},"properties":{"id":2524,"nombre":"Calle Vialidad Ch-P","clase":"primary"}},{"type":"Feature","id":2525,"geometry":{"type":"LineString","coordinates":[[-106.04009,28.62473],[-106.03923,28.6247],[-106.03871,28.62466],[-106.03795,28.62474],[-106.03697,28.62497],[-106.03653,28.62506],[-106.03594,28.62509],[-106.03544,28.62504],[-106.03496,28.62492],[-106.03464,28.6248],[-106.03376,28.62437],[-106.03221,28.62363],[-106.03122,28.62315],[-106.03089,28.62306],[-106.03054,28.62298]]},"properties":{"id":2525,"nombre":"Calle Vialidad Ch-P","clase":"primary"}},{"type":"Feature","id":2526,"geometry":{"type":"LineString","coordinates":[[-106.05815,28.61843],[-106.0568,28.61837],[-106.05576,28.61834],[-106.05508,28.61835],[-106.05457,28.61841],[-106.05393,28.61858],[-106.05284,28.619],[-106.05123,28.61963]]},"properties":{"id":2526,"nombre":"Calle Vialidad Ch-P","clase":"primary"}},{"type":"Feature","id":2527,"geometry":{"type":"LineString","coordinates":[[-106.08649,28.61313],[-106.0843,28.61448],[-106.08373,28.61481],[-106.08331,28.61507],[-106.0832,28.61512]]},"properties":{"id":2527,"nombre":"Calle Vialidad Ch-P","clase":"primary"}},{"type":"Feature","id":2528,"geometry":{"type":"LineString","coordinates":[[-106.08655,28.61318],[-106.08766,28.61249],[-106.08819,28.61217],[-106.08869,28.61186]]},"properties":{"id":2528,"nombre":"Calle Vialidad Ch-P","clase":"primary"}},{"type":"Feature","id":2529,"geometry":{"type":"LineString","coordinates":[[-106.07597,28.61584],[-106.07542,28.61586]]},"properties":{"id":2529,"nombre":"Calle Vialidad Ch-P","clase":"primary"}},{"type":"Feature","id":2530,"geometry":{"type":"LineString","coordinates":[[-106.05958,28.61847],[-106.05904,28.61846],[-106.05892,28.61845],[-106.05848,28.61844],[-106.05815,28.61843]]},"properties":{"id":2530,"nombre":"Calle Vialidad Ch-P","clase":"primary"}},{"type":"Feature","id":2531,"geometry":{"type":"LineString","coordinates":[[-106.0604,28.6185],[-106.05958,28.61847]]},"properties":{"id":2531,"nombre":"Calle Vialidad Ch-P","clase":"primary"}},{"type":"Feature","id":2532,"geometry":{"type":"LineString","coordinates":[[-106.06096,28.61852],[-106.0604,28.6185]]},"properties":{"id":2532,"nombre":"Calle Vialidad Ch-P","clase":"primary"}},{"type":"Feature","id":2533,"geometry":{"type":"LineString","coordinates":[[-106.06175,28.61856],[-106.06096,28.61852]]},"properties":{"id":2533,"nombre":"Calle Vialidad Ch-P","clase":"primary"}},{"type":"Feature","id":2534,"geometry":{"type":"LineString","coordinates":[[-106.06241,28.61857],[-106.06175,28.61856]]},"properties":{"id":2534,"nombre":"Calle Vialidad Ch-P","clase":"primary"}},{"type":"Feature","id":2535,"geometry":{"type":"LineString","coordinates":[[-106.06315,28.6186],[-106.06241,28.61857]]},"properties":{"id":2535,"nombre":"Calle Vialidad Ch-P","clase":"primary"}},{"type":"Feature","id":2536,"geometry":{"type":"LineString","coordinates":[[-106.06444,28.61872],[-106.06599,28.61878],[-106.0672,28.61884],[-106.06792,28.61887]]},"properties":{"id":2536,"nombre":"Calle Vialidad Ch-P","clase":"primary"}},{"type":"Feature","id":2537,"geometry":{"type":"LineString","coordinates":[[-106.02898,28.62323],[-106.02884,28.62326]]},"properties":{"id":2537,"nombre":"Calle Vialidad Ch-P","clase":"primary"}},{"type":"Feature","id":2538,"geometry":{"type":"LineString","coordinates":[[-106.02902,28.62335],[-106.02967,28.62321],[-106.03006,28.62313],[-106.03037,28.6231],[-106.03065,28.62311],[-106.03088,28.62314],[-106.03105,28.62318],[-106.03138,28.62333],[-106.03254,28.6239],[-106.03411,28.62466],[-106.0346,28.62488],[-106.03533,28.62511],[-106.03583,28.62517],[-106.03637,28.62516],[-106.03652,28.62514]]},"properties":{"id":2538,"nombre":"Calle Vialidad Ch-P","clase":"primary"}},{"type":"Feature","id":2539,"geometry":{"type":"LineString","coordinates":[[-106.02887,28.62338],[-106.02902,28.62335]]},"properties":{"id":2539,"nombre":"Calle Vialidad Ch-P","clase":"primary"}},{"type":"Feature","id":2540,"geometry":{"type":"LineString","coordinates":[[-106.09536,28.6078],[-106.09565,28.6076],[-106.09595,28.6074],[-106.09662,28.60686]]},"properties":{"id":2540,"nombre":"Calle Vialidad Ch-P","clase":"primary"}},{"type":"Feature","id":2541,"geometry":{"type":"LineString","coordinates":[[-106.09257,28.60939],[-106.09199,28.60974]]},"properties":{"id":2541,"nombre":"Calle Vialidad Ch-P","clase":"primary"}},{"type":"Feature","id":2542,"geometry":{"type":"LineString","coordinates":[[-106.10234,28.60064],[-106.10115,28.60191],[-106.10058,28.60256],[-106.09964,28.60361],[-106.0982,28.60516]]},"properties":{"id":2542,"nombre":"Calle Vialidad Ch-P","clase":"primary"}},{"type":"Feature","id":2543,"geometry":{"type":"LineString","coordinates":[[-106.10242,28.60069],[-106.10292,28.60013],[-106.10399,28.59897],[-106.10461,28.59829],[-106.10518,28.59783],[-106.10551,28.59757],[-106.10576,28.59731],[-106.10582,28.59724],[-106.106,28.59701],[-106.10625,28.59659],[-106.10659,28.59593]]},"properties":{"id":2543,"nombre":"Calle Vialidad Ch-P","clase":"primary"}},{"type":"Feature","id":2544,"geometry":{"type":"LineString","coordinates":[[-106.10285,28.60008],[-106.10265,28.60031],[-106.10234,28.60064]]},"properties":{"id":2544,"nombre":"Calle Vialidad Ch-P","clase":"primary"}},{"type":"Feature","id":2545,"geometry":{"type":"LineString","coordinates":[[-106.0982,28.60516],[-106.09742,28.606]]},"properties":{"id":2545,"nombre":"Calle Vialidad Ch-P","clase":"primary"}},{"type":"Feature","id":2546,"geometry":{"type":"LineString","coordinates":[[-106.04899,28.61984],[-106.0487,28.61985],[-106.04848,28.61987]]},"properties":{"id":2546,"nombre":"Calle Vialidad Ch-P","clase":"primary"}},{"type":"Feature","id":2547,"geometry":{"type":"LineString","coordinates":[[-106.10719,28.59457],[-106.10673,28.59544],[-106.10633,28.59623],[-106.10595,28.59691],[-106.10581,28.59709],[-106.1057,28.59722],[-106.10554,28.59739],[-106.1051,28.59775],[-106.10456,28.59821],[-106.1037,28.59916],[-106.10285,28.60008]]},"properties":{"id":2547,"nombre":"Calle Vialidad Ch-P","clase":"primary"}},{"type":"Feature","id":2548,"geometry":{"type":"LineString","coordinates":[[-106.04582,28.6222],[-106.04603,28.62196],[-106.0469,28.62092],[-106.04743,28.6204],[-106.0478,28.62015],[-106.04819,28.62],[-106.04851,28.61994]]},"properties":{"id":2548,"nombre":"Calle Vialidad Ch-P","clase":"primary"}},{"type":"Feature","id":2549,"geometry":{"type":"LineString","coordinates":[[-106.0456,28.62246],[-106.04576,28.62227],[-106.04582,28.6222]]},"properties":{"id":2549,"nombre":"Calle Vialidad Ch-P","clase":"primary"}},{"type":"Feature","id":2550,"geometry":{"type":"LineString","coordinates":[[-106.05067,28.6198],[-106.05008,28.61988],[-106.04932,28.61986],[-106.04899,28.61984]]},"properties":{"id":2550,"nombre":"Calle Vialidad Ch-P","clase":"primary"}},{"type":"Feature","id":2551,"geometry":{"type":"LineString","coordinates":[[-106.03054,28.62298],[-106.03022,28.623],[-106.02981,28.62306],[-106.02898,28.62323]]},"properties":{"id":2551,"nombre":"Calle Vialidad Ch-P","clase":"primary"}},{"type":"Feature","id":2552,"geometry":{"type":"LineString","coordinates":[[-106.08032,28.61571],[-106.08116,28.61568],[-106.08175,28.61564],[-106.0819,28.61562],[-106.0823,28.61555],[-106.08258,28.61547],[-106.08272,28.61542],[-106.08314,28.61525],[-106.08347,28.61507],[-106.08383,28.61484],[-106.08436,28.61452],[-106.08642,28.61326],[-106.08655,28.61318]]},"properties":{"id":2552,"nombre":"Calle Vialidad Ch-P","clase":"primary"}},{"type":"Feature","id":2553,"geometry":{"type":"LineString","coordinates":[[-106.04302,28.62417],[-106.04342,28.62402],[-106.04396,28.62377],[-106.04455,28.6234],[-106.04511,28.62296],[-106.04554,28.62252],[-106.0456,28.62246]]},"properties":{"id":2553,"nombre":"Calle Vialidad Ch-P","clase":"primary"}},{"type":"Feature","id":2554,"geometry":{"type":"LineString","coordinates":[[-106.03704,28.62505],[-106.03833,28.62476],[-106.03896,28.62475],[-106.03965,28.62483],[-106.04008,28.62481],[-106.0428,28.62427],[-106.04302,28.62417]]},"properties":{"id":2554,"nombre":"Calle Vialidad Ch-P","clase":"primary"}},{"type":"Feature","id":2555,"geometry":{"type":"LineString","coordinates":[[-106.05123,28.61963],[-106.051,28.61971],[-106.0508,28.61977],[-106.05067,28.6198]]},"properties":{"id":2555,"nombre":"Calle Vialidad Ch-P","clase":"primary"}},{"type":"Feature","id":2556,"geometry":{"type":"LineString","coordinates":[[-106.04301,28.6241],[-106.04272,28.6242],[-106.04177,28.6244],[-106.04041,28.62468],[-106.04009,28.62473]]},"properties":{"id":2556,"nombre":"Calle Vialidad Ch-P","clase":"primary"}},{"type":"Feature","id":2557,"geometry":{"type":"LineString","coordinates":[[-106.05666,28.61844],[-106.05676,28.61845],[-106.05809,28.61851]]},"properties":{"id":2557,"nombre":"Calle Vialidad Ch-P","clase":"primary"}},{"type":"Feature","id":2558,"geometry":{"type":"LineString","coordinates":[[-106.03652,28.62514],[-106.0366,28.62513],[-106.03676,28.62511],[-106.03704,28.62505]]},"properties":{"id":2558,"nombre":"Calle Vialidad Ch-P","clase":"primary"}},{"type":"Feature","id":2559,"geometry":{"type":"LineString","coordinates":[[-106.09381,28.60873],[-106.09432,28.60842],[-106.09441,28.60836],[-106.09455,28.60828],[-106.09536,28.6078]]},"properties":{"id":2559,"nombre":"Calle Vialidad Ch-P","clase":"primary"}},{"type":"Feature","id":2560,"geometry":{"type":"LineString","coordinates":[[-106.10727,28.59461],[-106.10749,28.59418],[-106.10782,28.59355],[-106.10808,28.59306],[-106.10852,28.59228],[-106.1099,28.58989],[-106.11,28.58974],[-106.11009,28.58963]]},"properties":{"id":2560,"nombre":"Calle Vialidad Ch-P","clase":"primary"}},{"type":"Feature","id":2561,"geometry":{"type":"LineString","coordinates":[[-106.10659,28.59593],[-106.10681,28.59548],[-106.10717,28.5948],[-106.10727,28.59461]]},"properties":{"id":2561,"nombre":"Calle Vialidad Ch-P","clase":"primary"}},{"type":"Feature","id":2562,"geometry":{"type":"LineString","coordinates":[[-106.10984,28.7309],[-106.10935,28.7309],[-106.10864,28.731],[-106.10735,28.73144],[-106.10473,28.73238],[-106.10426,28.73256],[-106.1038,28.7327]]},"properties":{"id":2562,"nombre":"Calle Vialidad Los Nogales","clase":"trunk"}},{"type":"Feature","id":2563,"geometry":{"type":"LineString","coordinates":[[-106.10265,28.73311],[-106.10157,28.73348],[-106.10121,28.73363],[-106.10104,28.73371],[-106.10063,28.73397],[-106.10023,28.73423],[-106.09944,28.73475],[-106.09842,28.73544],[-106.09765,28.73594],[-106.09734,28.73612]]},"properties":{"id":2563,"nombre":"Calle Vialidad Los Nogales","clase":"trunk"}},{"type":"Feature","id":2564,"geometry":{"type":"LineString","coordinates":[[-106.09734,28.73612],[-106.09725,28.73617]]},"properties":{"id":2564,"nombre":"Calle Vialidad Los Nogales","clase":"trunk"}},{"type":"Feature","id":2565,"geometry":{"type":"LineString","coordinates":[[-106.10136,28.73416],[-106.10158,28.73406],[-106.10202,28.73387],[-106.10314,28.73346],[-106.1038,28.73321]]},"properties":{"id":2565,"nombre":"Calle Vialidad Los Nogales","clase":"trunk"}},{"type":"Feature","id":2566,"geometry":{"type":"LineString","coordinates":[[-106.10092,28.73442],[-106.10113,28.73428],[-106.10136,28.73416]]},"properties":{"id":2566,"nombre":"Calle Vialidad Los Nogales","clase":"trunk"}},{"type":"Feature","id":2567,"geometry":{"type":"LineString","coordinates":[[-106.10055,28.73467],[-106.10072,28.73455],[-106.10092,28.73442]]},"properties":{"id":2567,"nombre":"Calle Vialidad Los Nogales","clase":"trunk"}},{"type":"Feature","id":2568,"geometry":{"type":"LineString","coordinates":[[-106.10035,28.73481],[-106.10055,28.73467]]},"properties":{"id":2568,"nombre":"Calle Vialidad Los Nogales","clase":"trunk"}},{"type":"Feature","id":2569,"geometry":{"type":"LineString","coordinates":[[-106.09995,28.73508],[-106.10035,28.73481]]},"properties":{"id":2569,"nombre":"Calle Vialidad Los Nogales","clase":"trunk"}},{"type":"Feature","id":2570,"geometry":{"type":"LineString","coordinates":[[-106.09772,28.73656],[-106.09824,28.73622],[-106.09912,28.73563],[-106.09923,28.73556],[-106.09995,28.73508]]},"properties":{"id":2570,"nombre":"Calle Vialidad Los Nogales","clase":"trunk"}},{"type":"Feature","id":2571,"geometry":{"type":"LineString","coordinates":[[-106.09763,28.73664],[-106.09772,28.73656]]},"properties":{"id":2571,"nombre":"Calle Vialidad Los Nogales","clase":"trunk"}},{"type":"Feature","id":2572,"geometry":{"type":"LineString","coordinates":[[-106.1038,28.7327],[-106.10315,28.73293],[-106.10265,28.73311]]},"properties":{"id":2572,"nombre":"Calle Vialidad Los Nogales","clase":"trunk"}},{"type":"Feature","id":2573,"geometry":{"type":"LineString","coordinates":[[-105.99921,28.6027],[-105.99924,28.60256]]},"properties":{"id":2573,"nombre":"Calle Viva Villa","clase":"secondary"}},{"type":"Feature","id":2574,"geometry":{"type":"LineString","coordinates":[[-106.11938,28.65222],[-106.11953,28.65254],[-106.12001,28.65357],[-106.1204,28.65439],[-106.12044,28.65448],[-106.1212,28.65616],[-106.12182,28.65742]]},"properties":{"id":2574,"nombre":"Calle Washington","clase":"secondary"}},{"type":"Feature","id":2575,"geometry":{"type":"LineString","coordinates":[[-106.12182,28.65742],[-106.12193,28.65766],[-106.12239,28.65865],[-106.12244,28.65876]]},"properties":{"id":2575,"nombre":"Calle Washington","clase":"secondary"}},{"type":"Feature","id":2576,"geometry":{"type":"LineString","coordinates":[[-106.11742,28.64798],[-106.11725,28.64762],[-106.11723,28.64756],[-106.11711,28.64734]]},"properties":{"id":2576,"nombre":"Calle Washington","clase":"secondary"}},{"type":"Feature","id":2577,"geometry":{"type":"LineString","coordinates":[[-106.13053,28.72012],[-106.13062,28.7201],[-106.13068,28.72009],[-106.13076,28.72008],[-106.1308,28.72007]]},"properties":{"id":2577,"nombre":"Calle William Shakespeare","clase":"secondary"}},{"type":"Feature","id":2578,"geometry":{"type":"LineString","coordinates":[[-106.13056,28.72034],[-106.13055,28.72028],[-106.13053,28.72019],[-106.13053,28.72012]]},"properties":{"id":2578,"nombre":"Calle William Shakespeare","clase":"secondary"}},{"type":"Feature","id":2579,"geometry":{"type":"LineString","coordinates":[[-106.06879,28.66316],[-106.0687,28.66316],[-106.06861,28.66317]]},"properties":{"id":2579,"nombre":"Calle Yucatán","clase":"primary"}},{"type":"Feature","id":2580,"geometry":{"type":"LineString","coordinates":[[-106.07467,28.66231],[-106.07354,28.66247],[-106.07265,28.66261],[-106.07143,28.66279],[-106.07024,28.66296],[-106.06988,28.66302],[-106.06913,28.66312],[-106.06879,28.66316]]},"properties":{"id":2580,"nombre":"Calle Yucatán","clase":"primary"}},{"type":"Feature","id":2581,"geometry":{"type":"LineString","coordinates":[[-106.0748,28.66229],[-106.07467,28.66231]]},"properties":{"id":2581,"nombre":"Calle Yucatán","clase":"primary"}},{"type":"Feature","id":2582,"geometry":{"type":"LineString","coordinates":[[-106.03768,28.64799],[-106.03761,28.64827],[-106.03763,28.64869],[-106.03762,28.64895],[-106.03757,28.64914],[-106.0375,28.6494]]},"properties":{"id":2582,"nombre":"Calle Zubirán","clase":"secondary"}},{"type":"Feature","id":2583,"geometry":{"type":"LineString","coordinates":[[-106.13124,28.69341],[-106.13104,28.69346],[-106.13094,28.69347],[-106.13053,28.69338],[-106.12949,28.69316],[-106.12841,28.69293],[-106.12797,28.69284]]},"properties":{"id":2583,"nombre":"Calle de La Educación","clase":"secondary"}},{"type":"Feature","id":2584,"geometry":{"type":"LineString","coordinates":[[-106.13641,28.68343],[-106.13606,28.68348]]},"properties":{"id":2584,"nombre":"Calle de la Educación","clase":"secondary"}},{"type":"Feature","id":2585,"geometry":{"type":"LineString","coordinates":[[-105.95895,28.59162],[-105.96103,28.59122],[-105.96186,28.59107],[-105.96201,28.59107]]},"properties":{"id":2585,"nombre":"Carretera Aquiles Serdán","clase":"secondary"}},{"type":"Feature","id":2586,"geometry":{"type":"LineString","coordinates":[[-105.95895,28.59162],[-105.95803,28.59181],[-105.95675,28.59207],[-105.95618,28.59217],[-105.95557,28.59224],[-105.95498,28.59224],[-105.95467,28.59219],[-105.95375,28.59199]]},"properties":{"id":2586,"nombre":"Carretera Aquiles Serdán","clase":"secondary"}},{"type":"Feature","id":2587,"geometry":{"type":"LineString","coordinates":[[-106.11054,28.58983],[-106.1105,28.58991]]},"properties":{"id":2587,"nombre":"Carretera Chihuahua - Madera","clase":"trunk"}},{"type":"Feature","id":2588,"geometry":{"type":"LineString","coordinates":[[-106.13253,28.57486],[-106.13348,28.57429],[-106.13538,28.57313],[-106.13725,28.57198],[-106.13819,28.57141]]},"properties":{"id":2588,"nombre":"Carretera Chihuahua - Madera","clase":"trunk"}},{"type":"Feature","id":2589,"geometry":{"type":"LineString","coordinates":[[-106.11064,28.5899],[-106.11087,28.58947],[-106.11117,28.58887],[-106.11159,28.58809],[-106.11197,28.58758],[-106.11224,28.58728],[-106.11257,28.58702],[-106.11309,28.58671],[-106.11357,28.58643],[-106.11398,28.58619],[-106.11486,28.58563]]},"properties":{"id":2589,"nombre":"Carretera Chihuahua - Madera","clase":"trunk"}},{"type":"Feature","id":2590,"geometry":{"type":"LineString","coordinates":[[-106.11073,28.58946],[-106.11054,28.58983]]},"properties":{"id":2590,"nombre":"Carretera Chihuahua - Madera","clase":"trunk"}},{"type":"Feature","id":2591,"geometry":{"type":"LineString","coordinates":[[-106.1122,28.58716],[-106.11193,28.5874],[-106.11172,28.58767],[-106.11152,28.58793],[-106.11128,28.58837],[-106.11089,28.58914],[-106.11073,28.58946]]},"properties":{"id":2591,"nombre":"Carretera Chihuahua - Madera","clase":"trunk"}},{"type":"Feature","id":2592,"geometry":{"type":"LineString","coordinates":[[-106.11486,28.58563],[-106.11626,28.58478],[-106.11761,28.58396],[-106.11846,28.58345],[-106.11932,28.58293],[-106.12084,28.58201],[-106.12137,28.58167],[-106.1216,28.58153]]},"properties":{"id":2592,"nombre":"Carretera Chihuahua - Madera","clase":"trunk"}},{"type":"Feature","id":2593,"geometry":{"type":"LineString","coordinates":[[-106.12151,28.58145],[-106.11975,28.58253],[-106.1184,28.58335],[-106.1168,28.58431],[-106.11545,28.58514],[-106.11492,28.58547]]},"properties":{"id":2593,"nombre":"Carretera Chihuahua - Madera","clase":"trunk"}},{"type":"Feature","id":2594,"geometry":{"type":"LineString","coordinates":[[-106.12208,28.58124],[-106.12235,28.58108],[-106.12367,28.58027],[-106.12452,28.57976],[-106.12503,28.57945],[-106.12559,28.5791],[-106.12603,28.57884],[-106.12649,28.57856],[-106.12848,28.57734],[-106.12966,28.57662]]},"properties":{"id":2594,"nombre":"Carretera Chihuahua - Madera","clase":"trunk"}},{"type":"Feature","id":2595,"geometry":{"type":"LineString","coordinates":[[-106.12966,28.57662],[-106.13061,28.57605],[-106.13253,28.57486]]},"properties":{"id":2595,"nombre":"Carretera Chihuahua - Madera","clase":"trunk"}},{"type":"Feature","id":2596,"geometry":{"type":"LineString","coordinates":[[-106.14405,28.56782],[-106.14469,28.56742],[-106.14543,28.56685],[-106.14603,28.56621],[-106.14828,28.56344],[-106.14888,28.56269],[-106.14912,28.56238],[-106.14934,28.56211],[-106.15209,28.55863],[-106.15481,28.55513]]},"properties":{"id":2596,"nombre":"Carretera Chihuahua - Madera","clase":"trunk"}},{"type":"Feature","id":2597,"geometry":{"type":"LineString","coordinates":[[-106.13819,28.57141],[-106.13912,28.57084],[-106.14101,28.56968],[-106.14205,28.56905],[-106.14378,28.56799],[-106.14405,28.56782]]},"properties":{"id":2597,"nombre":"Carretera Chihuahua - Madera","clase":"trunk"}},{"type":"Feature","id":2598,"geometry":{"type":"LineString","coordinates":[[-106.15481,28.55513],[-106.15551,28.55427]]},"properties":{"id":2598,"nombre":"Carretera Chihuahua - Madera","clase":"trunk"}},{"type":"Feature","id":2599,"geometry":{"type":"LineString","coordinates":[[-106.1554,28.55419],[-106.15241,28.55797],[-106.14973,28.56138],[-106.14899,28.56232],[-106.14824,28.56326],[-106.14666,28.56523],[-106.14564,28.56647],[-106.14524,28.56685],[-106.14475,28.56724],[-106.14393,28.56776]]},"properties":{"id":2599,"nombre":"Carretera Chihuahua - Madera","clase":"trunk"}},{"type":"Feature","id":2600,"geometry":{"type":"LineString","coordinates":[[-106.13255,28.57469],[-106.13154,28.57531],[-106.12928,28.57669],[-106.12815,28.57739],[-106.12696,28.57812],[-106.1264,28.57846]]},"properties":{"id":2600,"nombre":"Carretera Chihuahua - Madera","clase":"trunk"}},{"type":"Feature","id":2601,"geometry":{"type":"LineString","coordinates":[[-106.12464,28.57954],[-106.12395,28.57995],[-106.12309,28.58049],[-106.12193,28.5812],[-106.12151,28.58145]]},"properties":{"id":2601,"nombre":"Carretera Chihuahua - Madera","clase":"trunk"}},{"type":"Feature","id":2602,"geometry":{"type":"LineString","coordinates":[[-106.11351,28.58629],[-106.11295,28.58663],[-106.11274,28.58678],[-106.1125,28.58694],[-106.1122,28.58716]]},"properties":{"id":2602,"nombre":"Carretera Chihuahua - Madera","clase":"trunk"}},{"type":"Feature","id":2603,"geometry":{"type":"LineString","coordinates":[[-106.1216,28.58153],[-106.12193,28.58133],[-106.12208,28.58124]]},"properties":{"id":2603,"nombre":"Carretera Chihuahua - Madera","clase":"trunk"}},{"type":"Feature","id":2604,"geometry":{"type":"LineString","coordinates":[[-106.11492,28.58547],[-106.11412,28.58596],[-106.11352,28.58629],[-106.11351,28.58629]]},"properties":{"id":2604,"nombre":"Carretera Chihuahua - Madera","clase":"trunk"}},{"type":"Feature","id":2605,"geometry":{"type":"LineString","coordinates":[[-106.14393,28.56776],[-106.14203,28.56891],[-106.14053,28.56982],[-106.13827,28.5712]]},"properties":{"id":2605,"nombre":"Carretera Chihuahua - Madera","clase":"trunk"}},{"type":"Feature","id":2606,"geometry":{"type":"LineString","coordinates":[[-106.1264,28.57846],[-106.12574,28.57886],[-106.12548,28.57902],[-106.12464,28.57954]]},"properties":{"id":2606,"nombre":"Carretera Chihuahua - Madera","clase":"trunk"}},{"type":"Feature","id":2607,"geometry":{"type":"LineString","coordinates":[[-106.13827,28.5712],[-106.13814,28.57128],[-106.13704,28.57195],[-106.1343,28.57363],[-106.13255,28.57469]]},"properties":{"id":2607,"nombre":"Carretera Chihuahua - Madera","clase":"trunk"}},{"type":"Feature","id":2608,"geometry":{"type":"LineString","coordinates":[[-106.15569,28.73735],[-106.15622,28.73786],[-106.15759,28.73927],[-106.15825,28.74003],[-106.15847,28.74034],[-106.15867,28.74065],[-106.15912,28.7414],[-106.16014,28.74328]]},"properties":{"id":2608,"nombre":"Carretera Chihuahua-Miguel Ahumada","clase":"trunk"}},{"type":"Feature","id":2609,"geometry":{"type":"LineString","coordinates":[[-106.16131,28.74539],[-106.16141,28.74558]]},"properties":{"id":2609,"nombre":"Carretera Chihuahua-Miguel Ahumada","clase":"trunk"}},{"type":"Feature","id":2610,"geometry":{"type":"LineString","coordinates":[[-106.16125,28.74528],[-106.16131,28.74539]]},"properties":{"id":2610,"nombre":"Carretera Chihuahua-Miguel Ahumada","clase":"trunk"}},{"type":"Feature","id":2611,"geometry":{"type":"LineString","coordinates":[[-106.16014,28.74328],[-106.16118,28.74516],[-106.16125,28.74528]]},"properties":{"id":2611,"nombre":"Carretera Chihuahua-Miguel Ahumada","clase":"trunk"}},{"type":"Feature","id":2612,"geometry":{"type":"LineString","coordinates":[[-106.16497,28.75232],[-106.16575,28.75383],[-106.1663,28.7547],[-106.16681,28.75551],[-106.1673,28.75634],[-106.16767,28.757],[-106.1681,28.75784],[-106.16831,28.75829],[-106.16846,28.75875]]},"properties":{"id":2612,"nombre":"Carretera Chihuahua-Miguel Ahumda","clase":"trunk"}},{"type":"Feature","id":2613,"geometry":{"type":"LineString","coordinates":[[-106.03215,28.65827],[-106.03162,28.65947],[-106.03119,28.66043],[-106.03054,28.66185],[-106.02946,28.66427]]},"properties":{"id":2613,"nombre":"Carretera Chihuahua-Ojinaga","clase":"trunk"}},{"type":"Feature","id":2614,"geometry":{"type":"LineString","coordinates":[[-105.99938,28.71524],[-105.99894,28.71609],[-105.99773,28.71828],[-105.99734,28.71901],[-105.99672,28.72015]]},"properties":{"id":2614,"nombre":"Carretera Chihuahua-Ojinaga","clase":"trunk"}},{"type":"Feature","id":2615,"geometry":{"type":"LineString","coordinates":[[-106.05456,28.65833],[-106.05374,28.65867],[-106.05351,28.65875],[-106.05313,28.65882],[-106.05274,28.6588],[-106.05201,28.65855],[-106.04981,28.65766],[-106.04662,28.65644],[-106.04397,28.65564],[-106.04327,28.65549],[-106.04264,28.65541]]},"properties":{"id":2615,"nombre":"Carretera Chihuahua-Ojinaga","clase":"trunk"}},{"type":"Feature","id":2616,"geometry":{"type":"LineString","coordinates":[[-106.0261,28.67261],[-106.02588,28.67313],[-106.02559,28.67378],[-106.02522,28.67449],[-106.02463,28.6754],[-106.02418,28.67605],[-106.02269,28.67781],[-106.02265,28.67786]]},"properties":{"id":2616,"nombre":"Carretera Chihuahua-Ojinaga","clase":"trunk"}},{"type":"Feature","id":2617,"geometry":{"type":"LineString","coordinates":[[-106.02755,28.66886],[-106.02674,28.67094],[-106.02644,28.67168],[-106.0261,28.67261]]},"properties":{"id":2617,"nombre":"Carretera Chihuahua-Ojinaga","clase":"trunk"}},{"type":"Feature","id":2618,"geometry":{"type":"LineString","coordinates":[[-106.0421,28.65539],[-106.0414,28.65541],[-106.03983,28.65552],[-106.03832,28.65574],[-106.03639,28.65617],[-106.03579,28.6563],[-106.03439,28.65663],[-106.03386,28.65679],[-106.03306,28.65723],[-106.03243,28.65783],[-106.03215,28.65827]]},"properties":{"id":2618,"nombre":"Carretera Chihuahua-Ojinaga","clase":"trunk"}},{"type":"Feature","id":2619,"geometry":{"type":"LineString","coordinates":[[-106.04264,28.65541],[-106.0421,28.65539]]},"properties":{"id":2619,"nombre":"Carretera Chihuahua-Ojinaga","clase":"trunk"}},{"type":"Feature","id":2620,"geometry":{"type":"LineString","coordinates":[[-105.97769,28.75543],[-105.97737,28.75604],[-105.97563,28.75928],[-105.97553,28.75945]]},"properties":{"id":2620,"nombre":"Carretera Chihuahua-Ojinaga","clase":"trunk"}},{"type":"Feature","id":2621,"geometry":{"type":"LineString","coordinates":[[-106.00386,28.70698],[-106.00295,28.70865],[-106.00235,28.70979],[-106.00147,28.71141],[-106.00109,28.71213],[-106.00087,28.71254]]},"properties":{"id":2621,"nombre":"Carretera Chihuahua-Ojinaga","clase":"trunk"}},{"type":"Feature","id":2622,"geometry":{"type":"LineString","coordinates":[[-106.01072,28.69425],[-106.01043,28.69479],[-106.01007,28.69545],[-106.00958,28.69636],[-106.00889,28.69761],[-106.00839,28.69853],[-106.00787,28.69949]]},"properties":{"id":2622,"nombre":"Carretera Chihuahua-Ojinaga","clase":"trunk"}},{"type":"Feature","id":2623,"geometry":{"type":"LineString","coordinates":[[-106.00585,28.70324],[-106.00536,28.70418],[-106.00486,28.70511],[-106.00435,28.70605],[-106.00386,28.70698]]},"properties":{"id":2623,"nombre":"Carretera Chihuahua-Ojinaga","clase":"trunk"}},{"type":"Feature","id":2624,"geometry":{"type":"LineString","coordinates":[[-106.00737,28.70042],[-106.00694,28.70121],[-106.00636,28.70229],[-106.00585,28.70324]]},"properties":{"id":2624,"nombre":"Carretera Chihuahua-Ojinaga","clase":"trunk"}},{"type":"Feature","id":2625,"geometry":{"type":"LineString","coordinates":[[-106.00039,28.71341],[-105.9999,28.71431],[-105.99938,28.71524]]},"properties":{"id":2625,"nombre":"Carretera Chihuahua-Ojinaga","clase":"trunk"}},{"type":"Feature","id":2626,"geometry":{"type":"LineString","coordinates":[[-106.01205,28.6918],[-106.01154,28.69275],[-106.01133,28.69313],[-106.01119,28.69338],[-106.01072,28.69425]]},"properties":{"id":2626,"nombre":"Carretera Chihuahua-Ojinaga","clase":"trunk"}},{"type":"Feature","id":2627,"geometry":{"type":"LineString","coordinates":[[-106.01218,28.69157],[-106.01205,28.6918]]},"properties":{"id":2627,"nombre":"Carretera Chihuahua-Ojinaga","clase":"trunk"}},{"type":"Feature","id":2628,"geometry":{"type":"LineString","coordinates":[[-106.0181,28.68314],[-106.01746,28.68388],[-106.01638,28.68512],[-106.01528,28.68653],[-106.01507,28.6868],[-106.01482,28.68714],[-106.01449,28.68758],[-106.01417,28.68806],[-106.01385,28.68853]]},"properties":{"id":2628,"nombre":"Carretera Chihuahua-Ojinaga","clase":"trunk"}},{"type":"Feature","id":2629,"geometry":{"type":"LineString","coordinates":[[-106.01847,28.68271],[-106.01828,28.68293],[-106.0181,28.68314]]},"properties":{"id":2629,"nombre":"Carretera Chihuahua-Ojinaga","clase":"trunk"}},{"type":"Feature","id":2630,"geometry":{"type":"LineString","coordinates":[[-106.01864,28.68251],[-106.01847,28.68271]]},"properties":{"id":2630,"nombre":"Carretera Chihuahua-Ojinaga","clase":"trunk"}},{"type":"Feature","id":2631,"geometry":{"type":"LineString","coordinates":[[-106.02043,28.68041],[-106.0197,28.68128],[-106.01899,28.68211],[-106.01864,28.68251]]},"properties":{"id":2631,"nombre":"Carretera Chihuahua-Ojinaga","clase":"trunk"}},{"type":"Feature","id":2632,"geometry":{"type":"LineString","coordinates":[[-106.02946,28.66427],[-106.02898,28.66534],[-106.02808,28.66753],[-106.02755,28.66886]]},"properties":{"id":2632,"nombre":"Carretera Chihuahua-Ojinaga","clase":"trunk"}},{"type":"Feature","id":2633,"geometry":{"type":"LineString","coordinates":[[-105.98453,28.74256],[-105.98425,28.74312],[-105.98416,28.74346],[-105.98399,28.74378],[-105.98382,28.7441],[-105.98362,28.74447],[-105.98214,28.74724],[-105.98075,28.74983],[-105.97959,28.75198]]},"properties":{"id":2633,"nombre":"Carretera Chihuahua-Ojinaga","clase":"trunk"}},{"type":"Feature","id":2634,"geometry":{"type":"LineString","coordinates":[[-105.99672,28.72015],[-105.99572,28.722],[-105.99463,28.72403],[-105.99367,28.7258]]},"properties":{"id":2634,"nombre":"Carretera Chihuahua-Ojinaga","clase":"trunk"}},{"type":"Feature","id":2635,"geometry":{"type":"LineString","coordinates":[[-105.97919,28.75268],[-105.97869,28.75359],[-105.97769,28.75543]]},"properties":{"id":2635,"nombre":"Carretera Chihuahua-Ojinaga","clase":"trunk"}},{"type":"Feature","id":2636,"geometry":{"type":"LineString","coordinates":[[-105.98685,28.73826],[-105.9862,28.73942],[-105.98558,28.74058],[-105.98456,28.74251],[-105.98453,28.74256]]},"properties":{"id":2636,"nombre":"Carretera Chihuahua-Ojinaga","clase":"trunk"}},{"type":"Feature","id":2637,"geometry":{"type":"LineString","coordinates":[[-105.98783,28.7364],[-105.98685,28.73826]]},"properties":{"id":2637,"nombre":"Carretera Chihuahua-Ojinaga","clase":"trunk"}},{"type":"Feature","id":2638,"geometry":{"type":"LineString","coordinates":[[-105.99255,28.7279],[-105.99101,28.73074],[-105.98993,28.73274],[-105.98885,28.73475]]},"properties":{"id":2638,"nombre":"Carretera Chihuahua-Ojinaga","clase":"trunk"}},{"type":"Feature","id":2639,"geometry":{"type":"LineString","coordinates":[[-105.97959,28.75198],[-105.97919,28.75268]]},"properties":{"id":2639,"nombre":"Carretera Chihuahua-Ojinaga","clase":"trunk"}},{"type":"Feature","id":2640,"geometry":{"type":"LineString","coordinates":[[-106.00087,28.71254],[-106.00059,28.71303],[-106.00039,28.71341]]},"properties":{"id":2640,"nombre":"Carretera Chihuahua-Ojinaga","clase":"trunk"}},{"type":"Feature","id":2641,"geometry":{"type":"LineString","coordinates":[[-106.00787,28.69949],[-106.00737,28.70042]]},"properties":{"id":2641,"nombre":"Carretera Chihuahua-Ojinaga","clase":"trunk"}},{"type":"Feature","id":2642,"geometry":{"type":"LineString","coordinates":[[-105.988,28.7361],[-105.98783,28.7364]]},"properties":{"id":2642,"nombre":"Carretera Chihuahua-Ojinaga","clase":"trunk"}},{"type":"Feature","id":2643,"geometry":{"type":"LineString","coordinates":[[-105.98885,28.73475],[-105.98866,28.73496],[-105.98844,28.73534],[-105.988,28.7361]]},"properties":{"id":2643,"nombre":"Carretera Chihuahua-Ojinaga","clase":"trunk"}},{"type":"Feature","id":2644,"geometry":{"type":"LineString","coordinates":[[-105.98885,28.73475],[-105.98866,28.73513],[-105.98811,28.73614],[-105.98695,28.7383],[-105.98568,28.74062],[-105.98462,28.74261],[-105.98433,28.74314],[-105.98416,28.74346]]},"properties":{"id":2644,"nombre":"Carretera Chihuahua-Ojinaga","clase":"trunk"}},{"type":"Feature","id":2645,"geometry":{"type":"LineString","coordinates":[[-105.99367,28.7258],[-105.99255,28.7279]]},"properties":{"id":2645,"nombre":"Carretera Chihuahua-Ojinaga","clase":"trunk"}},{"type":"Feature","id":2646,"geometry":{"type":"LineString","coordinates":[[-106.02121,28.67953],[-106.02111,28.67964],[-106.02043,28.68041]]},"properties":{"id":2646,"nombre":"Carretera Chihuahua-Ojinaga","clase":"trunk"}},{"type":"Feature","id":2647,"geometry":{"type":"LineString","coordinates":[[-106.02216,28.67841],[-106.02121,28.67953]]},"properties":{"id":2647,"nombre":"Carretera Chihuahua-Ojinaga","clase":"trunk"}},{"type":"Feature","id":2648,"geometry":{"type":"LineString","coordinates":[[-106.02265,28.67786],[-106.02245,28.67809],[-106.02216,28.67841]]},"properties":{"id":2648,"nombre":"Carretera Chihuahua-Ojinaga","clase":"trunk"}},{"type":"Feature","id":2649,"geometry":{"type":"LineString","coordinates":[[-106.01342,28.68923],[-106.01305,28.68985],[-106.01281,28.69037],[-106.0127,28.69057],[-106.01241,28.69113],[-106.01218,28.69157]]},"properties":{"id":2649,"nombre":"Carretera Chihuahua-Ojinaga","clase":"trunk"}},{"type":"Feature","id":2650,"geometry":{"type":"LineString","coordinates":[[-106.01385,28.68853],[-106.01374,28.68871],[-106.01342,28.68923]]},"properties":{"id":2650,"nombre":"Carretera Chihuahua-Ojinaga","clase":"trunk"}},{"type":"Feature","id":2651,"geometry":{"type":"LineString","coordinates":[[-106.16142,28.74523],[-106.16032,28.74321],[-106.15991,28.74244],[-106.15919,28.74115],[-106.15872,28.74038],[-106.15805,28.7395],[-106.15705,28.73843],[-106.15588,28.73727]]},"properties":{"id":2651,"nombre":"Carretera Miguel Ahumada-Chihuahua","clase":"trunk"}},{"type":"Feature","id":2652,"geometry":{"type":"LineString","coordinates":[[-106.16148,28.74534],[-106.16142,28.74523]]},"properties":{"id":2652,"nombre":"Carretera Miguel Ahumada-Chihuahua","clase":"trunk"}},{"type":"Feature","id":2653,"geometry":{"type":"LineString","coordinates":[[-106.16177,28.7459],[-106.16156,28.74551],[-106.16148,28.74534]]},"properties":{"id":2653,"nombre":"Carretera Miguel Ahumada-Chihuahua","clase":"trunk"}},{"type":"Feature","id":2654,"geometry":{"type":"LineString","coordinates":[[-106.15588,28.73727],[-106.15573,28.73712],[-106.15562,28.737]]},"properties":{"id":2654,"nombre":"Carretera Miguel Ahumada-Chihuahua","clase":"trunk"}},{"type":"Feature","id":2655,"geometry":{"type":"LineString","coordinates":[[-106.16388,28.74975],[-106.16372,28.74945],[-106.16177,28.7459]]},"properties":{"id":2655,"nombre":"Carretera Miguel Ahumada-Chihuahua","clase":"trunk"}},{"type":"Feature","id":2656,"geometry":{"type":"LineString","coordinates":[[-105.99796,28.71821],[-105.99912,28.71606],[-105.99955,28.71524],[-105.99992,28.71456],[-106.00033,28.71383],[-106.00082,28.71295]]},"properties":{"id":2656,"nombre":"Carretera Ojinaga-Chihuahua","clase":"trunk"}},{"type":"Feature","id":2657,"geometry":{"type":"LineString","coordinates":[[-106.00713,28.70128],[-106.00806,28.69957],[-106.00887,28.69802],[-106.00929,28.69724],[-106.00982,28.69625],[-106.01007,28.6958]]},"properties":{"id":2657,"nombre":"Carretera Ojinaga-Chihuahua","clase":"trunk"}},{"type":"Feature","id":2658,"geometry":{"type":"LineString","coordinates":[[-106.02406,28.67646],[-106.0248,28.67559],[-106.02558,28.67466],[-106.026,28.67417]]},"properties":{"id":2658,"nombre":"Carretera Ojinaga-Chihuahua","clase":"trunk"}},{"type":"Feature","id":2659,"geometry":{"type":"LineString","coordinates":[[-106.02031,28.68078],[-106.02134,28.67959],[-106.02278,28.67794],[-106.02406,28.67646]]},"properties":{"id":2659,"nombre":"Carretera Ojinaga-Chihuahua","clase":"trunk"}},{"type":"Feature","id":2660,"geometry":{"type":"LineString","coordinates":[[-106.01158,28.69296],[-106.01189,28.6924],[-106.01251,28.69127],[-106.01283,28.69051],[-106.01293,28.69033],[-106.01315,28.6899],[-106.01374,28.68887],[-106.01396,28.68854],[-106.01437,28.68791],[-106.01479,28.68733],[-106.01514,28.68687],[-106.01523,28.68674]]},"properties":{"id":2660,"nombre":"Carretera Ojinaga-Chihuahua","clase":"trunk"}},{"type":"Feature","id":2661,"geometry":{"type":"LineString","coordinates":[[-105.9972,28.71961],[-105.99749,28.71907],[-105.99796,28.71821]]},"properties":{"id":2661,"nombre":"Carretera Ojinaga-Chihuahua","clase":"trunk"}},{"type":"Feature","id":2662,"geometry":{"type":"LineString","coordinates":[[-105.99285,28.72769],[-105.99428,28.72502],[-105.99517,28.72337],[-105.99705,28.71988],[-105.9972,28.71961]]},"properties":{"id":2662,"nombre":"Carretera Ojinaga-Chihuahua","clase":"trunk"}},{"type":"Feature","id":2663,"geometry":{"type":"LineString","coordinates":[[-106.00265,28.70958],[-106.00358,28.70786],[-106.00452,28.70612],[-106.00584,28.70367]]},"properties":{"id":2663,"nombre":"Carretera Ojinaga-Chihuahua","clase":"trunk"}},{"type":"Feature","id":2664,"geometry":{"type":"LineString","coordinates":[[-106.01884,28.6825],[-106.01937,28.6819],[-106.01989,28.6813],[-106.02031,28.68078]]},"properties":{"id":2664,"nombre":"Carretera Ojinaga-Chihuahua","clase":"trunk"}},{"type":"Feature","id":2665,"geometry":{"type":"LineString","coordinates":[[-106.01007,28.6958],[-106.01056,28.69488],[-106.01108,28.6939],[-106.01158,28.69296]]},"properties":{"id":2665,"nombre":"Carretera Ojinaga-Chihuahua","clase":"trunk"}},{"type":"Feature","id":2666,"geometry":{"type":"LineString","coordinates":[[-106.00121,28.71224],[-106.00147,28.71171],[-106.00169,28.71134],[-106.00217,28.71045],[-106.00265,28.70958]]},"properties":{"id":2666,"nombre":"Carretera Ojinaga-Chihuahua","clase":"trunk"}},{"type":"Feature","id":2667,"geometry":{"type":"LineString","coordinates":[[-106.01651,28.68519],[-106.01745,28.6841],[-106.01769,28.68383],[-106.01823,28.68321],[-106.01884,28.6825]]},"properties":{"id":2667,"nombre":"Carretera Ojinaga-Chihuahua","clase":"trunk"}},{"type":"Feature","id":2668,"geometry":{"type":"LineString","coordinates":[[-105.98431,28.74353],[-105.98455,28.74326],[-105.98488,28.74263],[-105.98658,28.73956],[-105.98724,28.73831]]},"properties":{"id":2668,"nombre":"Carretera Ojinaga-Chihuahua","clase":"trunk"}},{"type":"Feature","id":2669,"geometry":{"type":"LineString","coordinates":[[-105.98431,28.74353],[-105.98478,28.74264],[-105.98588,28.7406],[-105.98714,28.73825],[-105.98842,28.7359],[-105.98871,28.73537]]},"properties":{"id":2669,"nombre":"Carretera Ojinaga-Chihuahua","clase":"trunk"}},{"type":"Feature","id":2670,"geometry":{"type":"LineString","coordinates":[[-105.97609,28.75878],[-105.97672,28.7576],[-105.97778,28.7556],[-105.97784,28.7555],[-105.979,28.75336]]},"properties":{"id":2670,"nombre":"Carretera Ojinaga-Chihuahua","clase":"trunk"}},{"type":"Feature","id":2671,"geometry":{"type":"LineString","coordinates":[[-106.00584,28.70367],[-106.00703,28.70144],[-106.00713,28.70128]]},"properties":{"id":2671,"nombre":"Carretera Ojinaga-Chihuahua","clase":"trunk"}},{"type":"Feature","id":2672,"geometry":{"type":"LineString","coordinates":[[-105.979,28.75336],[-105.9805,28.75063],[-105.98339,28.74528],[-105.98409,28.74397],[-105.98421,28.74374]]},"properties":{"id":2672,"nombre":"Carretera Ojinaga-Chihuahua","clase":"trunk"}},{"type":"Feature","id":2673,"geometry":{"type":"LineString","coordinates":[[-105.98724,28.73831],[-105.98856,28.73586],[-105.98865,28.73563],[-105.98935,28.73418],[-105.99117,28.7308],[-105.99285,28.72769]]},"properties":{"id":2673,"nombre":"Carretera Ojinaga-Chihuahua","clase":"trunk"}},{"type":"Feature","id":2674,"geometry":{"type":"LineString","coordinates":[[-106.00082,28.71295],[-106.00121,28.71224]]},"properties":{"id":2674,"nombre":"Carretera Ojinaga-Chihuahua","clase":"trunk"}},{"type":"Feature","id":2675,"geometry":{"type":"LineString","coordinates":[[-106.01578,28.68605],[-106.01651,28.68519]]},"properties":{"id":2675,"nombre":"Carretera Ojinaga-Chihuahua","clase":"trunk"}},{"type":"Feature","id":2676,"geometry":{"type":"LineString","coordinates":[[-105.97579,28.75932],[-105.97609,28.75878]]},"properties":{"id":2676,"nombre":"Carretera Ojinaga-Chihuahua","clase":"trunk"}},{"type":"Feature","id":2677,"geometry":{"type":"LineString","coordinates":[[-105.98421,28.74374],[-105.98431,28.74353]]},"properties":{"id":2677,"nombre":"Carretera Ojinaga-Chihuahua","clase":"trunk"}},{"type":"Feature","id":2678,"geometry":{"type":"LineString","coordinates":[[-106.01523,28.68674],[-106.01531,28.68662],[-106.01578,28.68605]]},"properties":{"id":2678,"nombre":"Carretera Ojinaga-Chihuahua","clase":"trunk"}},{"type":"Feature","id":2679,"geometry":{"type":"LineString","coordinates":[[-106.14522,28.72456],[-106.14638,28.72397],[-106.14757,28.72333],[-106.14793,28.72312],[-106.14863,28.72275],[-106.1493,28.72237],[-106.14997,28.72203],[-106.15098,28.72148],[-106.1512,28.72136],[-106.15148,28.7212]]},"properties":{"id":2679,"nombre":"Circuito Universitario","clase":"trunk"}},{"type":"Feature","id":2680,"geometry":{"type":"LineString","coordinates":[[-106.15148,28.7212],[-106.1517,28.72103],[-106.152,28.72074],[-106.15222,28.72044],[-106.15239,28.7201],[-106.15249,28.7197],[-106.15252,28.71938],[-106.15249,28.71897],[-106.15236,28.71853],[-106.15222,28.71828],[-106.15203,28.71802],[-106.15172,28.71769],[-106.15119,28.71717],[-106.15065,28.71659],[-106.15,28.7159]]},"properties":{"id":2680,"nombre":"Circuito Universitario","clase":"trunk"}},{"type":"Feature","id":2681,"geometry":{"type":"LineString","coordinates":[[-106.14475,28.70966],[-106.14447,28.70845],[-106.14435,28.70785],[-106.1438,28.70525],[-106.1437,28.70491],[-106.14351,28.70445],[-106.14331,28.70407],[-106.14314,28.7038]]},"properties":{"id":2681,"nombre":"Circuito Universitario","clase":"primary"}},{"type":"Feature","id":2682,"geometry":{"type":"LineString","coordinates":[[-106.14231,28.70288],[-106.1419,28.7026],[-106.14137,28.7023],[-106.1405,28.70197],[-106.13998,28.70185],[-106.13947,28.70177],[-106.13893,28.70175],[-106.13851,28.70177],[-106.13797,28.70184],[-106.13736,28.70194],[-106.13728,28.70195],[-106.13688,28.70202],[-106.13594,28.70217],[-106.13515,28.70223],[-106.13454,28.70216],[-106.13393,28.70202],[-106.13308,28.70166]]},"properties":{"id":2682,"nombre":"Circuito Universitario","clase":"primary"}},{"type":"Feature","id":2683,"geometry":{"type":"LineString","coordinates":[[-106.13308,28.70166],[-106.13256,28.70145],[-106.13237,28.70143],[-106.1319,28.7015],[-106.13175,28.70155],[-106.13143,28.70173],[-106.13092,28.70207],[-106.13015,28.7026]]},"properties":{"id":2683,"nombre":"Circuito Universitario","clase":"primary"}},{"type":"Feature","id":2684,"geometry":{"type":"LineString","coordinates":[[-106.14121,28.7027],[-106.14187,28.70312],[-106.14219,28.70337],[-106.14264,28.70389],[-106.14298,28.70441],[-106.14316,28.70479],[-106.14334,28.70532],[-106.14393,28.70809]]},"properties":{"id":2684,"nombre":"Circuito Universitario","clase":"primary"}},{"type":"Feature","id":2685,"geometry":{"type":"LineString","coordinates":[[-106.14393,28.70809],[-106.14414,28.70903],[-106.1444,28.71011],[-106.14458,28.71056],[-106.14478,28.71093],[-106.14511,28.71144],[-106.14546,28.71187],[-106.14649,28.71291],[-106.14695,28.71339]]},"properties":{"id":2685,"nombre":"Circuito Universitario","clase":"primary"}},{"type":"Feature","id":2686,"geometry":{"type":"LineString","coordinates":[[-106.14958,28.71609],[-106.14996,28.71646],[-106.15024,28.71677],[-106.15056,28.71712],[-106.15079,28.71735],[-106.15121,28.71778],[-106.15177,28.71843],[-106.15195,28.71874],[-106.15205,28.71907],[-106.15207,28.71942],[-106.15201,28.71975],[-106.15187,28.72007],[-106.15156,28.72047],[-106.15114,28.72078]]},"properties":{"id":2686,"nombre":"Circuito Universitario","clase":"trunk"}},{"type":"Feature","id":2687,"geometry":{"type":"LineString","coordinates":[[-106.13603,28.70258],[-106.13702,28.70241],[-106.1374,28.70234],[-106.13832,28.7022],[-106.13886,28.70216],[-106.13941,28.70218],[-106.13987,28.70225],[-106.14032,28.70236],[-106.14076,28.70249],[-106.14121,28.7027]]},"properties":{"id":2687,"nombre":"Circuito Universitario","clase":"primary"}},{"type":"Feature","id":2688,"geometry":{"type":"LineString","coordinates":[[-106.14764,28.71347],[-106.14739,28.71319],[-106.14565,28.7114],[-106.14532,28.71094],[-106.14509,28.71055],[-106.1449,28.71015],[-106.14479,28.70981],[-106.14475,28.70966]]},"properties":{"id":2688,"nombre":"Circuito Universitario","clase":"primary"}},{"type":"Feature","id":2689,"geometry":{"type":"LineString","coordinates":[[-106.1477,28.71354],[-106.14764,28.71347]]},"properties":{"id":2689,"nombre":"Circuito Universitario","clase":"trunk"}},{"type":"Feature","id":2690,"geometry":{"type":"LineString","coordinates":[[-106.14727,28.71373],[-106.14738,28.71386],[-106.14772,28.71423],[-106.1488,28.71532],[-106.14912,28.71566],[-106.14933,28.71587],[-106.14951,28.71603],[-106.14958,28.71609]]},"properties":{"id":2690,"nombre":"Circuito Universitario","clase":"trunk"}},{"type":"Feature","id":2691,"geometry":{"type":"LineString","coordinates":[[-106.14825,28.72233],[-106.14735,28.72282],[-106.14606,28.72352],[-106.14584,28.72364],[-106.14495,28.72411]]},"properties":{"id":2691,"nombre":"Circuito Universitario","clase":"trunk"}},{"type":"Feature","id":2692,"geometry":{"type":"LineString","coordinates":[[-106.15114,28.72078],[-106.14998,28.7214],[-106.14942,28.72171],[-106.14896,28.72195],[-106.14825,28.72233]]},"properties":{"id":2692,"nombre":"Circuito Universitario","clase":"trunk"}},{"type":"Feature","id":2693,"geometry":{"type":"LineString","coordinates":[[-106.14861,28.71442],[-106.14832,28.71413],[-106.1482,28.71402],[-106.14794,28.71378],[-106.1477,28.71354]]},"properties":{"id":2693,"nombre":"Circuito Universitario","clase":"trunk"}},{"type":"Feature","id":2694,"geometry":{"type":"LineString","coordinates":[[-106.14314,28.7038],[-106.14279,28.70336],[-106.14244,28.703],[-106.14231,28.70288]]},"properties":{"id":2694,"nombre":"Circuito Universitario","clase":"primary"}},{"type":"Feature","id":2695,"geometry":{"type":"LineString","coordinates":[[-106.14695,28.71339],[-106.14722,28.71368],[-106.14727,28.71373]]},"properties":{"id":2695,"nombre":"Circuito Universitario","clase":"primary"}},{"type":"Feature","id":2696,"geometry":{"type":"LineString","coordinates":[[-106.15,28.7159],[-106.14994,28.71582],[-106.1498,28.71567],[-106.14954,28.71538],[-106.14932,28.71516],[-106.14904,28.71486],[-106.14861,28.71442]]},"properties":{"id":2696,"nombre":"Circuito Universitario","clase":"trunk"}},{"type":"Feature","id":2697,"geometry":{"type":"LineString","coordinates":[[-106.12785,28.70587],[-106.1276,28.70541],[-106.12749,28.70506],[-106.12745,28.70478],[-106.1275,28.70456],[-106.12762,28.70433],[-106.12798,28.70392]]},"properties":{"id":2697,"nombre":"Cristobal Colon","clase":"primary"}},{"type":"Feature","id":2698,"geometry":{"type":"LineString","coordinates":[[-106.12102,28.68294],[-106.12139,28.68371],[-106.12177,28.6845],[-106.12215,28.68528],[-106.12252,28.68607],[-106.12277,28.68658]]},"properties":{"id":2698,"nombre":"Culhuacán","clase":"secondary"}},{"type":"Feature","id":2699,"geometry":{"type":"LineString","coordinates":[[-106.08259,28.63459],[-106.08247,28.6341],[-106.0824,28.63387],[-106.08229,28.63355]]},"properties":{"id":2699,"nombre":"Diagonal 14","clase":"secondary"}},{"type":"Feature","id":2700,"geometry":{"type":"LineString","coordinates":[[-106.11416,28.64466],[-106.11427,28.64461]]},"properties":{"id":2700,"nombre":"Enrique Elías Müller","clase":"secondary"}},{"type":"Feature","id":2701,"geometry":{"type":"LineString","coordinates":[[-106.0168,28.61744],[-106.01625,28.61835],[-106.01517,28.62021],[-106.01495,28.62054],[-106.01422,28.62179],[-106.01402,28.62212],[-106.013,28.62385],[-106.01253,28.62463],[-106.01199,28.62553],[-106.01151,28.62634],[-106.01131,28.62673]]},"properties":{"id":2701,"nombre":"Francisco Portillo","clase":"secondary"}},{"type":"Feature","id":2702,"geometry":{"type":"LineString","coordinates":[[-106.01632,28.61853],[-106.01641,28.61839],[-106.01667,28.61795],[-106.01681,28.61771],[-106.01692,28.61752]]},"properties":{"id":2702,"nombre":"Francisco Portillo","clase":"secondary"}},{"type":"Feature","id":2703,"geometry":{"type":"LineString","coordinates":[[-106.01147,28.62676],[-106.01181,28.62618],[-106.01297,28.62419],[-106.01316,28.62388],[-106.01381,28.62279],[-106.01479,28.6211],[-106.01579,28.61943],[-106.01632,28.61853]]},"properties":{"id":2703,"nombre":"Francisco Portillo","clase":"secondary"}},{"type":"Feature","id":2704,"geometry":{"type":"LineString","coordinates":[[-106.11349,28.62047],[-106.11348,28.62031],[-106.11346,28.62019],[-106.11346,28.62018],[-106.11345,28.62015]]},"properties":{"id":2704,"nombre":"Fuente del Agua Felíz","clase":"secondary"}},{"type":"Feature","id":2705,"geometry":{"type":"LineString","coordinates":[[-106.11351,28.62059],[-106.11349,28.62047]]},"properties":{"id":2705,"nombre":"Fuente del Agua Felíz","clase":"secondary"}},{"type":"Feature","id":2706,"geometry":{"type":"LineString","coordinates":[[-106.1134,28.62048],[-106.11342,28.6206]]},"properties":{"id":2706,"nombre":"Fuente del Agua Felíz","clase":"secondary"}},{"type":"Feature","id":2707,"geometry":{"type":"LineString","coordinates":[[-106.1242,28.62893],[-106.12392,28.62902],[-106.12367,28.62926],[-106.1235,28.62941],[-106.1226,28.63012],[-106.12213,28.63054],[-106.1217,28.63117],[-106.12136,28.63163],[-106.1212,28.6318],[-106.12071,28.63222],[-106.12061,28.6323]]},"properties":{"id":2707,"nombre":"Haciendas del Valle","clase":"secondary"}},{"type":"Feature","id":2708,"geometry":{"type":"LineString","coordinates":[[-106.12066,28.63241],[-106.12113,28.63198],[-106.1215,28.63161],[-106.12174,28.63137],[-106.12212,28.6308],[-106.12275,28.63022],[-106.1228,28.63018],[-106.12374,28.62947],[-106.124,28.62937]]},"properties":{"id":2708,"nombre":"Haciendas del Valle","clase":"secondary"}},{"type":"Feature","id":2709,"geometry":{"type":"LineString","coordinates":[[-106.1074,28.68484],[-106.10759,28.68528],[-106.108,28.68616],[-106.10841,28.68705],[-106.10886,28.68798],[-106.1093,28.68891],[-106.10976,28.68989]]},"properties":{"id":2709,"nombre":"Hermanos Flores","clase":"secondary"}},{"type":"Feature","id":2710,"geometry":{"type":"LineString","coordinates":[[-106.10976,28.68989],[-106.11018,28.69076],[-106.1104,28.6912],[-106.1108,28.69206],[-106.11143,28.69335],[-106.11167,28.69386],[-106.11196,28.69447],[-106.11234,28.69526]]},"properties":{"id":2710,"nombre":"Hermanos Flores","clase":"secondary"}},{"type":"Feature","id":2711,"geometry":{"type":"LineString","coordinates":[[-106.11234,28.69526],[-106.11276,28.69614],[-106.11318,28.69701],[-106.11359,28.69787],[-106.114,28.69872],[-106.11442,28.69959],[-106.11484,28.70047]]},"properties":{"id":2711,"nombre":"Hermanos Flores","clase":"secondary"}},{"type":"Feature","id":2712,"geometry":{"type":"LineString","coordinates":[[-106.11484,28.70047],[-106.11526,28.70134],[-106.11567,28.7022],[-106.11609,28.70307],[-106.1165,28.70392],[-106.11691,28.70479],[-106.11732,28.70563]]},"properties":{"id":2712,"nombre":"Hermanos Flores","clase":"secondary"}},{"type":"Feature","id":2713,"geometry":{"type":"LineString","coordinates":[[-106.11732,28.70563],[-106.11754,28.7061]]},"properties":{"id":2713,"nombre":"Hermanos Flores","clase":"secondary"}},{"type":"Feature","id":2714,"geometry":{"type":"LineString","coordinates":[[-106.12575,28.68876],[-106.12601,28.68916],[-106.1262,28.68959],[-106.12656,28.69044],[-106.12693,28.6913],[-106.12713,28.6918],[-106.12746,28.69252],[-106.12749,28.69273],[-106.12759,28.69275],[-106.12797,28.69284]]},"properties":{"id":2714,"nombre":"Heroes de La Revolución","clase":"secondary"}},{"type":"Feature","id":2715,"geometry":{"type":"LineString","coordinates":[[-106.12306,28.67037],[-106.12361,28.67063],[-106.12373,28.67072],[-106.12379,28.67082]]},"properties":{"id":2715,"nombre":"IM. Payno","clase":"secondary"}},{"type":"Feature","id":2716,"geometry":{"type":"LineString","coordinates":[[-106.15941,28.59505],[-106.15973,28.59458],[-106.16027,28.59382],[-106.16122,28.59247],[-106.16195,28.59141],[-106.16231,28.59091],[-106.16397,28.58858],[-106.16469,28.58815],[-106.16481,28.58815],[-106.16755,28.59066]]},"properties":{"id":2716,"nombre":"Las Tres Presas","clase":"secondary"}},{"type":"Feature","id":2717,"geometry":{"type":"LineString","coordinates":[[-106.15937,28.59476],[-106.15934,28.59483],[-106.15932,28.59492],[-106.15935,28.59499],[-106.15941,28.59505]]},"properties":{"id":2717,"nombre":"Las Tres Presas","clase":"secondary"}},{"type":"Feature","id":2718,"geometry":{"type":"LineString","coordinates":[[-106.16206,28.59097],[-106.15937,28.59476]]},"properties":{"id":2718,"nombre":"Las Tres Presas","clase":"secondary"}},{"type":"Feature","id":2719,"geometry":{"type":"LineString","coordinates":[[-106.16218,28.59083],[-106.16206,28.59097]]},"properties":{"id":2719,"nombre":"Las Tres Presas","clase":"secondary"}},{"type":"Feature","id":2720,"geometry":{"type":"LineString","coordinates":[[-106.07745,28.64334],[-106.0775,28.64325],[-106.07755,28.64319],[-106.07766,28.6431]]},"properties":{"id":2720,"nombre":"Ortiz de Campos","clase":"primary"}},{"type":"Feature","id":2721,"geometry":{"type":"LineString","coordinates":[[-106.07425,28.6287],[-106.07423,28.62877],[-106.07422,28.62881]]},"properties":{"id":2721,"nombre":"Paeso Simon Bolivar","clase":"secondary"}},{"type":"Feature","id":2722,"geometry":{"type":"LineString","coordinates":[[-106.0728,28.63817],[-106.07197,28.63746],[-106.07156,28.63712],[-106.07143,28.63692],[-106.07137,28.63664]]},"properties":{"id":2722,"nombre":"Paeso Simon Bolivar","clase":"secondary"}},{"type":"Feature","id":2723,"geometry":{"type":"LineString","coordinates":[[-106.11287,28.70948],[-106.11293,28.70958]]},"properties":{"id":2723,"nombre":"Pascual Orozco","clase":"secondary"}},{"type":"Feature","id":2724,"geometry":{"type":"LineString","coordinates":[[-106.11287,28.70948],[-106.11275,28.70929],[-106.11254,28.709],[-106.11195,28.7084],[-106.11176,28.70822]]},"properties":{"id":2724,"nombre":"Pascual Orozco","clase":"secondary"}},{"type":"Feature","id":2725,"geometry":{"type":"LineString","coordinates":[[-106.14087,28.71505],[-106.14109,28.71535]]},"properties":{"id":2725,"nombre":"Paseo de la Universidad","clase":"trunk"}},{"type":"Feature","id":2726,"geometry":{"type":"LineString","coordinates":[[-106.10204,28.60263],[-106.10219,28.60262],[-106.10225,28.60265],[-106.10229,28.60275]]},"properties":{"id":2726,"nombre":"Perif. De La Juventud","clase":"primary"}},{"type":"Feature","id":2727,"geometry":{"type":"LineString","coordinates":[[-106.1322,28.70293],[-106.13291,28.70622],[-106.13318,28.70686],[-106.13347,28.70732],[-106.13387,28.70778]]},"properties":{"id":2727,"nombre":"Periférico De La Juventud","clase":"trunk"}},{"type":"Feature","id":2728,"geometry":{"type":"LineString","coordinates":[[-106.10282,28.60179],[-106.10258,28.60219],[-106.10244,28.60252],[-106.10203,28.60365],[-106.10194,28.60399],[-106.10193,28.60437],[-106.10197,28.60475],[-106.10206,28.60512],[-106.10221,28.60554],[-106.10252,28.60639],[-106.10382,28.60982],[-106.10404,28.61014],[-106.10434,28.61041],[-106.10481,28.61068]]},"properties":{"id":2728,"nombre":"Periférico De La Juventud","clase":"trunk"}},{"type":"Feature","id":2729,"geometry":{"type":"LineString","coordinates":[[-106.13184,28.70133],[-106.1322,28.70293]]},"properties":{"id":2729,"nombre":"Periférico De La Juventud","clase":"trunk"}},{"type":"Feature","id":2730,"geometry":{"type":"LineString","coordinates":[[-106.13193,28.70124],[-106.13097,28.69821],[-106.13063,28.69713],[-106.13063,28.69657],[-106.13067,28.69632],[-106.13111,28.69477],[-106.13177,28.69248],[-106.13212,28.69134]]},"properties":{"id":2730,"nombre":"Periférico De La Juventud","clase":"trunk"}},{"type":"Feature","id":2731,"geometry":{"type":"LineString","coordinates":[[-106.10895,28.61345],[-106.10865,28.613],[-106.10827,28.6127],[-106.1075,28.61219],[-106.10653,28.61155],[-106.10613,28.61129],[-106.10557,28.61098],[-106.10461,28.61048],[-106.10425,28.61022],[-106.10398,28.60988],[-106.10376,28.60939],[-106.10261,28.60637],[-106.10243,28.60585]]},"properties":{"id":2731,"nombre":"Periférico De La Juventud","clase":"trunk"}},{"type":"Feature","id":2732,"geometry":{"type":"LineString","coordinates":[[-106.10244,28.60321],[-106.10277,28.60228]]},"properties":{"id":2732,"nombre":"Periférico De La Juventud","clase":"secondary"}},{"type":"Feature","id":2733,"geometry":{"type":"LineString","coordinates":[[-106.10256,28.6059],[-106.10231,28.6052],[-106.10221,28.60485],[-106.10219,28.60473],[-106.10215,28.60425],[-106.10221,28.60387],[-106.10244,28.60321]]},"properties":{"id":2733,"nombre":"Periférico De La Juventud","clase":"secondary"}},{"type":"Feature","id":2734,"geometry":{"type":"LineString","coordinates":[[-106.10295,28.60697],[-106.10274,28.60642],[-106.10266,28.6062],[-106.10256,28.6059]]},"properties":{"id":2734,"nombre":"Periférico De La Juventud","clase":"secondary"}},{"type":"Feature","id":2735,"geometry":{"type":"LineString","coordinates":[[-106.10336,28.60811],[-106.10334,28.60804],[-106.10315,28.60752],[-106.10295,28.60697]]},"properties":{"id":2735,"nombre":"Periférico De La Juventud","clase":"secondary"}},{"type":"Feature","id":2736,"geometry":{"type":"LineString","coordinates":[[-106.10305,28.60811],[-106.1033,28.60877],[-106.10354,28.60943],[-106.10372,28.60984],[-106.10387,28.61008],[-106.10416,28.61038],[-106.10446,28.61057],[-106.10483,28.61078],[-106.10569,28.61124]]},"properties":{"id":2736,"nombre":"Periférico De La Juventud","clase":"secondary"}},{"type":"Feature","id":2737,"geometry":{"type":"LineString","coordinates":[[-106.10432,28.61017],[-106.10405,28.60986],[-106.10394,28.60967],[-106.10373,28.60912],[-106.10336,28.60811]]},"properties":{"id":2737,"nombre":"Periférico De La Juventud","clase":"secondary"}},{"type":"Feature","id":2738,"geometry":{"type":"LineString","coordinates":[[-106.10481,28.6105],[-106.10467,28.61042],[-106.10451,28.61033],[-106.10441,28.61025],[-106.10432,28.61017]]},"properties":{"id":2738,"nombre":"Periférico De La Juventud","clase":"secondary"}},{"type":"Feature","id":2739,"geometry":{"type":"LineString","coordinates":[[-106.10229,28.60275],[-106.10196,28.60363],[-106.10187,28.60405],[-106.10184,28.60443],[-106.10187,28.60471],[-106.10195,28.6051],[-106.10212,28.60566],[-106.10236,28.60624],[-106.10281,28.6075],[-106.10305,28.60811]]},"properties":{"id":2739,"nombre":"Periférico De La Juventud","clase":"secondary"}},{"type":"Feature","id":2740,"geometry":{"type":"LineString","coordinates":[[-106.13195,28.69122],[-106.13135,28.69337],[-106.13069,28.69575],[-106.1305,28.69647],[-106.13047,28.69693],[-106.13061,28.69756],[-106.13074,28.69795]]},"properties":{"id":2740,"nombre":"Periférico De La Juventud","clase":"trunk"}},{"type":"Feature","id":2741,"geometry":{"type":"LineString","coordinates":[[-106.13298,28.70593],[-106.13193,28.70124]]},"properties":{"id":2741,"nombre":"Periférico De La Juventud","clase":"trunk"}},{"type":"Feature","id":2742,"geometry":{"type":"LineString","coordinates":[[-106.13143,28.70011],[-106.13184,28.70133]]},"properties":{"id":2742,"nombre":"Periférico De La Juventud","clase":"trunk"}},{"type":"Feature","id":2743,"geometry":{"type":"LineString","coordinates":[[-106.13074,28.69795],[-106.13083,28.69824],[-106.13112,28.69913],[-106.13141,28.70007],[-106.13143,28.70011]]},"properties":{"id":2743,"nombre":"Periférico De La Juventud","clase":"trunk"}},{"type":"Feature","id":2744,"geometry":{"type":"LineString","coordinates":[[-106.13212,28.69134],[-106.13248,28.68996],[-106.13314,28.68765],[-106.1333,28.6872],[-106.13358,28.68677],[-106.13402,28.68645],[-106.13526,28.68599],[-106.13563,28.6858],[-106.13607,28.68543],[-106.13633,28.68498],[-106.13643,28.68448],[-106.13632,28.68362],[-106.13593,28.68123]]},"properties":{"id":2744,"nombre":"Periférico De La Juventud","clase":"trunk"}},{"type":"Feature","id":2745,"geometry":{"type":"LineString","coordinates":[[-106.13573,28.68091],[-106.13609,28.68305],[-106.1363,28.68436],[-106.13621,28.68486],[-106.13592,28.68538],[-106.13552,28.68573],[-106.13421,28.68623],[-106.1337,28.68651],[-106.13333,28.68689],[-106.13309,28.68738],[-106.13247,28.68959],[-106.13195,28.69122]]},"properties":{"id":2745,"nombre":"Periférico De La Juventud","clase":"trunk"}},{"type":"Feature","id":2746,"geometry":{"type":"LineString","coordinates":[[-106.1024,28.60578],[-106.10215,28.60507],[-106.10205,28.60472],[-106.10202,28.60436],[-106.10206,28.60387],[-106.10231,28.60313],[-106.10257,28.60242],[-106.10287,28.60188],[-106.10301,28.6017],[-106.10398,28.60075],[-106.10524,28.59953]]},"properties":{"id":2746,"nombre":"Periférico De La Juventud","clase":"trunk"}},{"type":"Feature","id":2747,"geometry":{"type":"LineString","coordinates":[[-106.13677,28.71056],[-106.13398,28.7077],[-106.13356,28.70719],[-106.13327,28.70673],[-106.13303,28.70616],[-106.13298,28.70593]]},"properties":{"id":2747,"nombre":"Periférico De La Juventud","clase":"trunk"}},{"type":"Feature","id":2748,"geometry":{"type":"LineString","coordinates":[[-106.10243,28.60585],[-106.1024,28.60578]]},"properties":{"id":2748,"nombre":"Periférico De La Juventud","clase":"trunk"}},{"type":"Feature","id":2749,"geometry":{"type":"LineString","coordinates":[[-106.10481,28.61068],[-106.10552,28.61104],[-106.10631,28.61152],[-106.10751,28.61232],[-106.10833,28.61285],[-106.10855,28.61305],[-106.10873,28.61331],[-106.10884,28.61354]]},"properties":{"id":2749,"nombre":"Periférico De La Juventud","clase":"trunk"}},{"type":"Feature","id":2750,"geometry":{"type":"LineString","coordinates":[[-106.12902,28.65663],[-106.12885,28.65729],[-106.12879,28.65784],[-106.12877,28.65837],[-106.12881,28.65887],[-106.12883,28.65909]]},"properties":{"id":2750,"nombre":"Periférico De La Juventud","clase":"trunk"}},{"type":"Feature","id":2751,"geometry":{"type":"LineString","coordinates":[[-106.10224,28.58477],[-106.10236,28.5849],[-106.10251,28.58497],[-106.10287,28.585],[-106.10318,28.58504],[-106.10349,28.5851],[-106.10379,28.5852],[-106.10412,28.58533],[-106.10438,28.58548],[-106.10465,28.58567],[-106.10507,28.58611]]},"properties":{"id":2751,"nombre":"Periférico R. Almada","clase":"trunk"}},{"type":"Feature","id":2752,"geometry":{"type":"LineString","coordinates":[[-105.96158,28.59207],[-105.962,28.59386],[-105.96269,28.59669],[-105.96291,28.59738]]},"properties":{"id":2752,"nombre":"Periférico Vicente Lombardo Toledano","clase":"primary"}},{"type":"Feature","id":2753,"geometry":{"type":"LineString","coordinates":[[-105.96291,28.59738],[-105.96304,28.59793],[-105.96318,28.59848],[-105.96357,28.60005],[-105.96394,28.6015],[-105.96424,28.60272],[-105.96443,28.60349],[-105.96451,28.60379],[-105.96456,28.604]]},"properties":{"id":2753,"nombre":"Periférico Vicente Lombardo Toledano","clase":"primary"}},{"type":"Feature","id":2754,"geometry":{"type":"LineString","coordinates":[[-105.96595,28.60907],[-105.96576,28.60827],[-105.96543,28.60691],[-105.96518,28.60592],[-105.96477,28.60429],[-105.96463,28.60375]]},"properties":{"id":2754,"nombre":"Periférico Vicente Lombardo Toledano","clase":"primary"}},{"type":"Feature","id":2755,"geometry":{"type":"LineString","coordinates":[[-105.96583,28.6091],[-105.9659,28.60938],[-105.96603,28.60996],[-105.96638,28.6114],[-105.96691,28.61348],[-105.96734,28.61477],[-105.96751,28.61526]]},"properties":{"id":2755,"nombre":"Periférico Vicente Lombardo Toledano","clase":"primary"}},{"type":"Feature","id":2756,"geometry":{"type":"LineString","coordinates":[[-105.96653,28.6114],[-105.96617,28.60996],[-105.96603,28.60935],[-105.96595,28.60907]]},"properties":{"id":2756,"nombre":"Periférico Vicente Lombardo Toledano","clase":"primary"}},{"type":"Feature","id":2757,"geometry":{"type":"LineString","coordinates":[[-105.96463,28.60375],[-105.96417,28.60191],[-105.96385,28.6006],[-105.96333,28.59851],[-105.9631,28.59762],[-105.96297,28.59704],[-105.96293,28.59671],[-105.96291,28.59645]]},"properties":{"id":2757,"nombre":"Periférico Vicente Lombardo Toledano","clase":"primary"}},{"type":"Feature","id":2758,"geometry":{"type":"LineString","coordinates":[[-105.965,28.60575],[-105.96521,28.60663],[-105.9655,28.60778],[-105.96575,28.60878],[-105.96583,28.6091]]},"properties":{"id":2758,"nombre":"Periférico Vicente Lombardo Toledano","clase":"primary"}},{"type":"Feature","id":2759,"geometry":{"type":"LineString","coordinates":[[-105.96799,28.61663],[-105.96888,28.61917]]},"properties":{"id":2759,"nombre":"Periférico Vicente Lombardo Toledano","clase":"primary"}},{"type":"Feature","id":2760,"geometry":{"type":"LineString","coordinates":[[-105.96751,28.61526],[-105.96799,28.61663]]},"properties":{"id":2760,"nombre":"Periférico Vicente Lombardo Toledano","clase":"primary"}},{"type":"Feature","id":2761,"geometry":{"type":"LineString","coordinates":[[-105.96905,28.61924],[-105.96765,28.61527],[-105.96747,28.61476],[-105.96704,28.61345]]},"properties":{"id":2761,"nombre":"Periférico Vicente Lombardo Toledano","clase":"primary"}},{"type":"Feature","id":2762,"geometry":{"type":"LineString","coordinates":[[-105.96704,28.61345],[-105.96653,28.6114]]},"properties":{"id":2762,"nombre":"Periférico Vicente Lombardo Toledano","clase":"primary"}},{"type":"Feature","id":2763,"geometry":{"type":"LineString","coordinates":[[-105.96456,28.604],[-105.96475,28.60477],[-105.96493,28.60548],[-105.965,28.60575]]},"properties":{"id":2763,"nombre":"Periférico Vicente Lombardo Toledano","clase":"primary"}},{"type":"Feature","id":2764,"geometry":{"type":"LineString","coordinates":[[-106.13045,28.66756],[-106.1311,28.66852],[-106.13184,28.66961],[-106.13259,28.67072],[-106.1333,28.67178],[-106.13393,28.67275],[-106.13406,28.67297]]},"properties":{"id":2764,"nombre":"Periférico de la Juventud","clase":"trunk"}},{"type":"Feature","id":2765,"geometry":{"type":"LineString","coordinates":[[-106.12259,28.63605],[-106.12307,28.63669],[-106.12322,28.6371],[-106.12327,28.63746],[-106.12324,28.63779],[-106.12283,28.63925],[-106.12279,28.63964],[-106.12282,28.64005],[-106.12292,28.64041],[-106.12321,28.64099],[-106.1242,28.6428]]},"properties":{"id":2765,"nombre":"Periférico de la Juventud","clase":"trunk"}},{"type":"Feature","id":2766,"geometry":{"type":"LineString","coordinates":[[-106.11982,28.62983],[-106.12067,28.6318],[-106.12097,28.63253],[-106.12196,28.63498]]},"properties":{"id":2766,"nombre":"Periférico de la Juventud","clase":"trunk"}},{"type":"Feature","id":2767,"geometry":{"type":"LineString","coordinates":[[-106.1084,28.61613],[-106.10839,28.61677],[-106.10824,28.61723],[-106.10766,28.61865],[-106.10767,28.61906],[-106.10777,28.61945],[-106.10797,28.61978],[-106.10828,28.62009],[-106.11066,28.62158],[-106.11323,28.62323],[-106.11364,28.62359],[-106.11392,28.62392],[-106.1141,28.62414]]},"properties":{"id":2767,"nombre":"Periférico de la Juventud","clase":"trunk"}},{"type":"Feature","id":2768,"geometry":{"type":"LineString","coordinates":[[-106.12931,28.66148],[-106.12923,28.6609],[-106.12897,28.65892],[-106.12893,28.65844],[-106.12895,28.65786],[-106.12902,28.65728],[-106.12911,28.6569],[-106.12935,28.65621],[-106.12957,28.65576],[-106.12981,28.65541],[-106.13044,28.65463],[-106.13067,28.65423],[-106.13079,28.6538],[-106.13084,28.65346],[-106.13081,28.65307],[-106.13076,28.65278],[-106.1306,28.65237],[-106.13037,28.65184],[-106.13034,28.65178]]},"properties":{"id":2768,"nombre":"Periférico de la Juventud","clase":"trunk"}},{"type":"Feature","id":2769,"geometry":{"type":"LineString","coordinates":[[-106.12342,28.63735],[-106.12337,28.63705],[-106.12325,28.6367],[-106.12301,28.63634],[-106.12262,28.63583],[-106.12227,28.63526],[-106.12083,28.63172],[-106.12006,28.62989]]},"properties":{"id":2769,"nombre":"Periférico de la Juventud","clase":"trunk"}},{"type":"Feature","id":2770,"geometry":{"type":"LineString","coordinates":[[-106.12883,28.65909],[-106.12903,28.66065],[-106.12934,28.66292],[-106.12954,28.66447],[-106.12961,28.66507],[-106.12974,28.66588],[-106.12984,28.66625],[-106.13002,28.66674],[-106.13016,28.66704],[-106.13045,28.66756]]},"properties":{"id":2770,"nombre":"Periférico de la Juventud","clase":"trunk"}},{"type":"Feature","id":2771,"geometry":{"type":"LineString","coordinates":[[-106.1134,28.62318],[-106.11281,28.6228],[-106.10871,28.62019],[-106.10828,28.61988],[-106.10804,28.6196],[-106.10788,28.61927],[-106.10783,28.61889],[-106.10787,28.61855],[-106.10796,28.61828],[-106.1085,28.6171],[-106.1086,28.6165],[-106.10856,28.61578],[-106.10861,28.61532],[-106.10873,28.61492],[-106.10898,28.61441],[-106.10906,28.61404],[-106.10902,28.61363],[-106.10895,28.61345]]},"properties":{"id":2771,"nombre":"Periférico de la Juventud","clase":"trunk"}},{"type":"Feature","id":2772,"geometry":{"type":"LineString","coordinates":[[-106.12006,28.62989],[-106.11964,28.62925],[-106.11945,28.62902],[-106.1188,28.62841],[-106.11776,28.6277],[-106.11669,28.62697],[-106.11622,28.62665],[-106.11584,28.6263],[-106.11551,28.62592],[-106.11486,28.62493],[-106.11385,28.62357],[-106.11348,28.62325],[-106.1134,28.62318]]},"properties":{"id":2772,"nombre":"Periférico de la Juventud","clase":"trunk"}},{"type":"Feature","id":2773,"geometry":{"type":"LineString","coordinates":[[-106.13308,28.70166],[-106.13252,28.7013],[-106.13225,28.70112]]},"properties":{"id":2773,"nombre":"Periférico de la Juventud","clase":"secondary"}},{"type":"Feature","id":2774,"geometry":{"type":"LineString","coordinates":[[-106.13387,28.70778],[-106.13684,28.71084],[-106.13994,28.71407]]},"properties":{"id":2774,"nombre":"Periférico de la Juventud","clase":"trunk"}},{"type":"Feature","id":2775,"geometry":{"type":"LineString","coordinates":[[-106.1141,28.62414],[-106.11504,28.6255],[-106.1155,28.62615],[-106.11586,28.62653],[-106.11651,28.62704],[-106.11764,28.62779],[-106.11867,28.62851],[-106.11928,28.62908],[-106.11982,28.62983]]},"properties":{"id":2775,"nombre":"Periférico de la Juventud","clase":"trunk"}},{"type":"Feature","id":2776,"geometry":{"type":"LineString","coordinates":[[-106.14087,28.71505],[-106.14121,28.71533],[-106.14179,28.71569],[-106.14248,28.71592],[-106.14308,28.71601],[-106.14377,28.71598],[-106.14434,28.71586],[-106.14487,28.71564],[-106.14543,28.71529],[-106.14604,28.71483],[-106.14624,28.71467]]},"properties":{"id":2776,"nombre":"Periférico de la Juventud","clase":"trunk"}},{"type":"Feature","id":2777,"geometry":{"type":"LineString","coordinates":[[-106.1242,28.6428],[-106.1253,28.64473],[-106.12557,28.64516],[-106.1258,28.64545],[-106.12613,28.64572],[-106.12674,28.64606],[-106.12747,28.64631],[-106.12793,28.64652],[-106.12826,28.64674],[-106.12849,28.64696],[-106.12868,28.64721],[-106.12886,28.64757],[-106.12897,28.64797],[-106.12922,28.64933],[-106.12938,28.64994],[-106.12948,28.65024]]},"properties":{"id":2777,"nombre":"Periférico de la Juventud","clase":"trunk"}},{"type":"Feature","id":2778,"geometry":{"type":"LineString","coordinates":[[-106.13581,28.68053],[-106.13546,28.67864],[-106.13535,28.67795],[-106.13523,28.67724],[-106.13512,28.67661],[-106.13496,28.67568],[-106.13487,28.67512]]},"properties":{"id":2778,"nombre":"Periférico de la Juventud","clase":"trunk"}},{"type":"Feature","id":2779,"geometry":{"type":"LineString","coordinates":[[-106.13586,28.68085],[-106.13581,28.68053]]},"properties":{"id":2779,"nombre":"Periférico de la Juventud","clase":"trunk"}},{"type":"Feature","id":2780,"geometry":{"type":"LineString","coordinates":[[-106.13471,28.67494],[-106.13477,28.67532],[-106.13496,28.67645],[-106.13517,28.67774],[-106.13537,28.6789],[-106.13569,28.68069],[-106.13573,28.68091]]},"properties":{"id":2780,"nombre":"Periférico de la Juventud","clase":"trunk"}},{"type":"Feature","id":2781,"geometry":{"type":"LineString","coordinates":[[-106.13994,28.71407],[-106.14071,28.71489],[-106.14087,28.71505]]},"properties":{"id":2781,"nombre":"Periférico de la Juventud","clase":"trunk"}},{"type":"Feature","id":2782,"geometry":{"type":"LineString","coordinates":[[-106.13487,28.67512],[-106.1347,28.67425],[-106.13464,28.67401],[-106.13454,28.67367],[-106.1344,28.67334],[-106.13417,28.67287],[-106.13385,28.67237],[-106.13326,28.67146],[-106.13264,28.67053],[-106.1318,28.66927],[-106.13121,28.66839]]},"properties":{"id":2782,"nombre":"Periférico de la Juventud","clase":"trunk"}},{"type":"Feature","id":2783,"geometry":{"type":"LineString","coordinates":[[-106.14507,28.71535],[-106.14463,28.71561],[-106.14416,28.71577],[-106.14362,28.71586],[-106.14307,28.71587],[-106.14256,28.71579],[-106.14201,28.71562],[-106.14149,28.71534],[-106.14121,28.71513],[-106.14085,28.71478],[-106.13885,28.71273]]},"properties":{"id":2783,"nombre":"Periférico de la Juventud","clase":"trunk"}},{"type":"Feature","id":2784,"geometry":{"type":"LineString","coordinates":[[-106.12874,28.64704],[-106.12847,28.64674],[-106.12818,28.64651],[-106.12779,28.64629],[-106.12731,28.64612],[-106.12666,28.64589],[-106.12624,28.64562],[-106.12589,28.64531],[-106.12562,28.64496],[-106.12366,28.64154],[-106.12344,28.64111]]},"properties":{"id":2784,"nombre":"Periférico de la Juventud","clase":"trunk"}},{"type":"Feature","id":2785,"geometry":{"type":"LineString","coordinates":[[-106.14624,28.71467],[-106.14696,28.71411],[-106.14709,28.714],[-106.14732,28.7138]]},"properties":{"id":2785,"nombre":"Periférico de la Juventud","clase":"trunk"}},{"type":"Feature","id":2786,"geometry":{"type":"LineString","coordinates":[[-106.13141,28.70044],[-106.13147,28.70078],[-106.13145,28.70105],[-106.13138,28.7013],[-106.13126,28.70156],[-106.13109,28.70178],[-106.13076,28.70209],[-106.13015,28.7026]]},"properties":{"id":2786,"nombre":"Periférico de la Juventud","clase":"secondary"}},{"type":"Feature","id":2787,"geometry":{"type":"LineString","coordinates":[[-106.13593,28.68123],[-106.13586,28.68085]]},"properties":{"id":2787,"nombre":"Periférico de la Juventud","clase":"trunk"}},{"type":"Feature","id":2788,"geometry":{"type":"LineString","coordinates":[[-106.13406,28.67297],[-106.13436,28.67361],[-106.1345,28.674],[-106.13464,28.67455],[-106.13471,28.67494]]},"properties":{"id":2788,"nombre":"Periférico de la Juventud","clase":"trunk"}},{"type":"Feature","id":2789,"geometry":{"type":"LineString","coordinates":[[-106.13121,28.66839],[-106.13063,28.66752],[-106.1304,28.66714],[-106.13021,28.66679],[-106.13005,28.66639],[-106.12992,28.66595],[-106.12982,28.66541],[-106.12973,28.66475],[-106.12967,28.66425],[-106.12931,28.66148]]},"properties":{"id":2789,"nombre":"Periférico de la Juventud","clase":"trunk"}},{"type":"Feature","id":2790,"geometry":{"type":"LineString","coordinates":[[-106.12948,28.65024],[-106.12968,28.65077],[-106.13004,28.65156],[-106.13051,28.65257],[-106.13063,28.65294],[-106.13067,28.6532],[-106.13067,28.65354],[-106.1306,28.65392],[-106.13043,28.65432],[-106.13014,28.65473],[-106.12964,28.6554],[-106.12934,28.65587],[-106.12912,28.65636],[-106.12902,28.65663]]},"properties":{"id":2790,"nombre":"Periférico de la Juventud","clase":"trunk"}},{"type":"Feature","id":2791,"geometry":{"type":"LineString","coordinates":[[-106.12344,28.64111],[-106.12305,28.64028],[-106.12296,28.6399],[-106.12296,28.6395],[-106.12307,28.63897],[-106.12337,28.63794],[-106.12342,28.63759],[-106.12342,28.63735]]},"properties":{"id":2791,"nombre":"Periférico de la Juventud","clase":"trunk"}},{"type":"Feature","id":2792,"geometry":{"type":"LineString","coordinates":[[-106.12923,28.64792],[-106.1291,28.64782],[-106.12897,28.64782],[-106.12879,28.64792]]},"properties":{"id":2792,"nombre":"Periférico de la Juventud","clase":"secondary"}},{"type":"Feature","id":2793,"geometry":{"type":"LineString","coordinates":[[-106.13885,28.71273],[-106.13677,28.71056]]},"properties":{"id":2793,"nombre":"Periférico de la Juventud","clase":"trunk"}},{"type":"Feature","id":2794,"geometry":{"type":"LineString","coordinates":[[-106.10884,28.61354],[-106.1089,28.6138],[-106.10887,28.61418],[-106.10867,28.61469],[-106.10849,28.61511],[-106.1084,28.61553],[-106.1084,28.61613]]},"properties":{"id":2794,"nombre":"Periférico de la Juventud","clase":"trunk"}},{"type":"Feature","id":2795,"geometry":{"type":"LineString","coordinates":[[-106.12854,28.64725],[-106.12872,28.64732],[-106.12887,28.64729],[-106.12894,28.64715]]},"properties":{"id":2795,"nombre":"Periférico de la Juventud","clase":"secondary"}},{"type":"Feature","id":2796,"geometry":{"type":"LineString","coordinates":[[-106.12196,28.63498],[-106.12212,28.63529],[-106.1223,28.63562],[-106.12259,28.63605]]},"properties":{"id":2796,"nombre":"Periférico de la Juventud","clase":"trunk"}},{"type":"Feature","id":2797,"geometry":{"type":"LineString","coordinates":[[-105.97191,28.65768],[-105.97234,28.65892],[-105.97295,28.66085],[-105.97296,28.66087]]},"properties":{"id":2797,"nombre":"Praderas de Madagascar","clase":"secondary"}},{"type":"Feature","id":2798,"geometry":{"type":"LineString","coordinates":[[-106.04009,28.64127],[-106.03981,28.64178],[-106.03947,28.64237],[-106.03887,28.64344],[-106.03818,28.64469]]},"properties":{"id":2798,"nombre":"Privada 15 de Enero","clase":"secondary"}},{"type":"Feature","id":2799,"geometry":{"type":"LineString","coordinates":[[-106.03818,28.64469],[-106.03759,28.64574],[-106.0371,28.64664],[-106.03661,28.64751]]},"properties":{"id":2799,"nombre":"Privada Melchor Guaspe","clase":"secondary"}},{"type":"Feature","id":2800,"geometry":{"type":"LineString","coordinates":[[-106.15301,28.58744],[-106.15315,28.58723],[-106.15326,28.58708],[-106.15333,28.58699],[-106.15349,28.58673]]},"properties":{"id":2800,"nombre":"Prolongacion Teofilo Borunda Ortiz","clase":"secondary"}},{"type":"Feature","id":2801,"geometry":{"type":"LineString","coordinates":[[-106.1445,28.69592],[-106.14546,28.6966],[-106.14653,28.69737],[-106.14727,28.6979]]},"properties":{"id":2801,"nombre":"Prolongación Abolición de la Esclavitud","clase":"secondary"}},{"type":"Feature","id":2802,"geometry":{"type":"LineString","coordinates":[[-106.14735,28.69781],[-106.14661,28.69729],[-106.14565,28.6966],[-106.14518,28.69627],[-106.14457,28.69584],[-106.14432,28.69563],[-106.14432,28.69551],[-106.14451,28.69539],[-106.14512,28.69515],[-106.14538,28.69512],[-106.14557,28.69513]]},"properties":{"id":2802,"nombre":"Prolongación Abolición de la Esclavitud","clase":"secondary"}},{"type":"Feature","id":2803,"geometry":{"type":"LineString","coordinates":[[-106.14378,28.6956],[-106.14397,28.69566],[-106.14419,28.69573],[-106.14427,28.69576],[-106.1445,28.69592]]},"properties":{"id":2803,"nombre":"Prolongación Abolición de la Esclavitud","clase":"secondary"}},{"type":"Feature","id":2804,"geometry":{"type":"LineString","coordinates":[[-106.14561,28.69479],[-106.14509,28.69476],[-106.1448,28.69482],[-106.14399,28.69516],[-106.14384,28.69523],[-106.14354,28.6953],[-106.14338,28.69531]]},"properties":{"id":2804,"nombre":"Prolongación Abolición de la Esclavitud","clase":"secondary"}},{"type":"Feature","id":2805,"geometry":{"type":"LineString","coordinates":[[-106.14353,28.69552],[-106.14365,28.69556],[-106.14378,28.6956]]},"properties":{"id":2805,"nombre":"Prolongación Abolición de la Esclavitud","clase":"secondary"}},{"type":"Feature","id":2806,"geometry":{"type":"LineString","coordinates":[[-106.14751,28.69494],[-106.14636,28.69485],[-106.14583,28.6948],[-106.14561,28.69479]]},"properties":{"id":2806,"nombre":"Prolongación Homero","clase":"secondary"}},{"type":"Feature","id":2807,"geometry":{"type":"LineString","coordinates":[[-106.14594,28.69517],[-106.14675,28.69524],[-106.14748,28.6953]]},"properties":{"id":2807,"nombre":"Prolongación Homero","clase":"secondary"}},{"type":"Feature","id":2808,"geometry":{"type":"LineString","coordinates":[[-106.14557,28.69513],[-106.14594,28.69517]]},"properties":{"id":2808,"nombre":"Prolongación Homero","clase":"secondary"}},{"type":"Feature","id":2809,"geometry":{"type":"LineString","coordinates":[[-106.02746,28.62482],[-106.02907,28.62587],[-106.02972,28.62628],[-106.02997,28.62638]]},"properties":{"id":2809,"nombre":"Prolongación Pacheco","clase":"trunk"}},{"type":"Feature","id":2810,"geometry":{"type":"LineString","coordinates":[[-106.02985,28.62607],[-106.02948,28.62599],[-106.02923,28.62587],[-106.02868,28.62553],[-106.02799,28.62507],[-106.02713,28.6245],[-106.02676,28.62425],[-106.02661,28.62415]]},"properties":{"id":2810,"nombre":"Prolongación Pacheco","clase":"trunk"}},{"type":"Feature","id":2811,"geometry":{"type":"LineString","coordinates":[[-106.01967,28.61943],[-106.02003,28.61965],[-106.0203,28.61984],[-106.02046,28.61996],[-106.0211,28.62042],[-106.02227,28.62127],[-106.02335,28.62203],[-106.02534,28.62338],[-106.02537,28.6234]]},"properties":{"id":2811,"nombre":"Prolongación Pacheco","clase":"trunk"}},{"type":"Feature","id":2812,"geometry":{"type":"LineString","coordinates":[[-106.02051,28.61988],[-106.02049,28.61969],[-106.02051,28.61956],[-106.02061,28.61945],[-106.02075,28.61938]]},"properties":{"id":2812,"nombre":"Prolongación Pacheco","clase":"trunk"}},{"type":"Feature","id":2813,"geometry":{"type":"LineString","coordinates":[[-106.02051,28.61988],[-106.02038,28.61978],[-106.02016,28.61958],[-106.02004,28.61934],[-106.01995,28.61912],[-106.01986,28.61905]]},"properties":{"id":2813,"nombre":"Prolongación Pacheco","clase":"trunk"}},{"type":"Feature","id":2814,"geometry":{"type":"LineString","coordinates":[[-106.02643,28.6243],[-106.02689,28.62446],[-106.02728,28.62469],[-106.02746,28.62482]]},"properties":{"id":2814,"nombre":"Prolongación Pacheco","clase":"trunk"}},{"type":"Feature","id":2815,"geometry":{"type":"LineString","coordinates":[[-106.02638,28.62387],[-106.02593,28.62361],[-106.02408,28.62237],[-106.02223,28.62108],[-106.02051,28.61988]]},"properties":{"id":2815,"nombre":"Prolongación Pacheco","clase":"trunk"}},{"type":"Feature","id":2816,"geometry":{"type":"LineString","coordinates":[[-106.02537,28.6234],[-106.02557,28.62352],[-106.026,28.62387],[-106.02615,28.62397]]},"properties":{"id":2816,"nombre":"Prolongación Pacheco","clase":"trunk"}},{"type":"Feature","id":2817,"geometry":{"type":"LineString","coordinates":[[-105.97337,28.63195],[-105.97369,28.63262],[-105.97405,28.63307],[-105.9746,28.63351],[-105.97515,28.63376],[-105.98085,28.63548],[-105.98188,28.63579],[-105.98303,28.63614]]},"properties":{"id":2817,"nombre":"Prolongación Periférico Vicente Lombardo Toledano","clase":"primary"}},{"type":"Feature","id":2818,"geometry":{"type":"LineString","coordinates":[[-105.99147,28.63852],[-105.9892,28.63784],[-105.98663,28.63708],[-105.98508,28.63661]]},"properties":{"id":2818,"nombre":"Prolongación Periférico Vicente Lombardo Toledano","clase":"primary"}},{"type":"Feature","id":2819,"geometry":{"type":"LineString","coordinates":[[-105.98303,28.63614],[-105.98497,28.63671],[-105.98506,28.63674],[-105.98707,28.63735],[-105.9911,28.63854]]},"properties":{"id":2819,"nombre":"Prolongación Periférico Vicente Lombardo Toledano","clase":"primary"}},{"type":"Feature","id":2820,"geometry":{"type":"LineString","coordinates":[[-105.98307,28.63602],[-105.9817,28.63561],[-105.97559,28.63378],[-105.97498,28.63356],[-105.97447,28.63326],[-105.97408,28.6329],[-105.97383,28.63259],[-105.97367,28.63231]]},"properties":{"id":2820,"nombre":"Prolongación Periférico Vicente Lombardo Toledano","clase":"primary"}},{"type":"Feature","id":2821,"geometry":{"type":"LineString","coordinates":[[-105.9911,28.63854],[-105.99146,28.63864]]},"properties":{"id":2821,"nombre":"Prolongación Periférico Vicente Lombardo Toledano","clase":"primary"}},{"type":"Feature","id":2822,"geometry":{"type":"LineString","coordinates":[[-105.97175,28.6273],[-105.97234,28.62901],[-105.9729,28.63058],[-105.97337,28.63195]]},"properties":{"id":2822,"nombre":"Prolongación Periférico Vicente Lombardo Toledano","clase":"primary"}},{"type":"Feature","id":2823,"geometry":{"type":"LineString","coordinates":[[-105.97211,28.62794],[-105.97203,28.62769],[-105.97187,28.62725],[-105.97045,28.62323],[-105.96905,28.61924]]},"properties":{"id":2823,"nombre":"Prolongación Periférico Vicente Lombardo Toledano","clase":"primary"}},{"type":"Feature","id":2824,"geometry":{"type":"LineString","coordinates":[[-105.96888,28.61917],[-105.96971,28.6215],[-105.97035,28.62331],[-105.97175,28.6273]]},"properties":{"id":2824,"nombre":"Prolongación Periférico Vicente Lombardo Toledano","clase":"primary"}},{"type":"Feature","id":2825,"geometry":{"type":"LineString","coordinates":[[-105.98508,28.63661],[-105.98387,28.63625],[-105.98307,28.63602]]},"properties":{"id":2825,"nombre":"Prolongación Periférico Vicente Lombardo Toledano","clase":"primary"}},{"type":"Feature","id":2826,"geometry":{"type":"LineString","coordinates":[[-105.97303,28.63054],[-105.97254,28.62916],[-105.97223,28.62828],[-105.97211,28.62794]]},"properties":{"id":2826,"nombre":"Prolongación Periférico Vicente Lombardo Toledano","clase":"primary"}},{"type":"Feature","id":2827,"geometry":{"type":"LineString","coordinates":[[-105.97367,28.63231],[-105.97358,28.63211],[-105.97343,28.63169],[-105.97303,28.63054]]},"properties":{"id":2827,"nombre":"Prolongación Periférico Vicente Lombardo Toledano","clase":"primary"}},{"type":"Feature","id":2828,"geometry":{"type":"LineString","coordinates":[[-106.16311,28.71341],[-106.16156,28.71373],[-106.16136,28.71375],[-106.1608,28.71378],[-106.15985,28.71375],[-106.15976,28.71374],[-106.15788,28.71363],[-106.15704,28.71363],[-106.15597,28.71365],[-106.1553,28.7137],[-106.15489,28.7138],[-106.15476,28.71383]]},"properties":{"id":2828,"nombre":"Prolongación de los Nogales","clase":"secondary"}},{"type":"Feature","id":2829,"geometry":{"type":"LineString","coordinates":[[-106.16061,28.71416],[-106.16119,28.71416],[-106.16194,28.71406],[-106.16301,28.71384],[-106.16349,28.71371]]},"properties":{"id":2829,"nombre":"Prolongación de los Nogales","clase":"secondary"}},{"type":"Feature","id":2830,"geometry":{"type":"LineString","coordinates":[[-106.1632,28.71339],[-106.16311,28.71341]]},"properties":{"id":2830,"nombre":"Prolongación de los Nogales","clase":"secondary"}},{"type":"Feature","id":2831,"geometry":{"type":"LineString","coordinates":[[-106.15502,28.71432],[-106.15532,28.71414],[-106.15564,28.71405],[-106.15672,28.71406],[-106.15755,28.71401],[-106.15802,28.71401],[-106.15806,28.71401],[-106.16061,28.71416]]},"properties":{"id":2831,"nombre":"Prolongación de los Nogales","clase":"secondary"}},{"type":"Feature","id":2832,"geometry":{"type":"LineString","coordinates":[[-106.15502,28.71432],[-106.15503,28.71413],[-106.15494,28.71395],[-106.15476,28.71383],[-106.15449,28.7138],[-106.15424,28.71392],[-106.15413,28.7141],[-106.15412,28.71427],[-106.1542,28.71443],[-106.15433,28.71454],[-106.1545,28.7146],[-106.15466,28.7146],[-106.1548,28.71455],[-106.15488,28.7145],[-106.15498,28.71439],[-106.15502,28.71432]]},"properties":{"id":2832,"nombre":"Prolongación de los Nogales","clase":"secondary"}},{"type":"Feature","id":2833,"geometry":{"type":"LineString","coordinates":[[-106.15031,28.71109],[-106.15035,28.71124],[-106.15036,28.71128],[-106.15035,28.71136],[-106.15031,28.71143],[-106.15028,28.71149]]},"properties":{"id":2833,"nombre":"San Miguel El Grande","clase":"secondary"}},{"type":"Feature","id":2834,"geometry":{"type":"LineString","coordinates":[[-105.96055,28.5873],[-105.96029,28.58627],[-105.95992,28.58478],[-105.9595,28.58317],[-105.95927,28.58224],[-105.9587,28.57998],[-105.95802,28.5774]]},"properties":{"id":2834,"nombre":"Supercarretera Chihuahua-Delicias","clase":"trunk"}},{"type":"Feature","id":2835,"geometry":{"type":"LineString","coordinates":[[-105.95738,28.5748],[-105.95668,28.57196],[-105.95609,28.56954],[-105.95569,28.56795],[-105.95403,28.56134],[-105.95363,28.55975]]},"properties":{"id":2835,"nombre":"Supercarretera Chihuahua-Delicias","clase":"trunk"}},{"type":"Feature","id":2836,"geometry":{"type":"LineString","coordinates":[[-105.95802,28.5774],[-105.95738,28.5748]]},"properties":{"id":2836,"nombre":"Supercarretera Chihuahua-Delicias","clase":"trunk"}},{"type":"Feature","id":2837,"geometry":{"type":"LineString","coordinates":[[-105.95363,28.55975],[-105.95352,28.55937],[-105.95343,28.55901],[-105.95293,28.55703],[-105.95288,28.55683]]},"properties":{"id":2837,"nombre":"Supercarretera Chihuahua-Delicias","clase":"trunk"}},{"type":"Feature","id":2838,"geometry":{"type":"LineString","coordinates":[[-105.96107,28.59016],[-105.96127,28.59098],[-105.96144,28.5916],[-105.96158,28.59207]]},"properties":{"id":2838,"nombre":"Supercarretera Delicias-Chihuahua","clase":"trunk"}},{"type":"Feature","id":2839,"geometry":{"type":"LineString","coordinates":[[-105.96034,28.58727],[-105.96077,28.58898],[-105.96107,28.59016]]},"properties":{"id":2839,"nombre":"Supercarretera Delicias-Chihuahua","clase":"trunk"}},{"type":"Feature","id":2840,"geometry":{"type":"LineString","coordinates":[[-105.95925,28.58301],[-105.95953,28.58402],[-105.95999,28.58594],[-105.96034,28.58727]]},"properties":{"id":2840,"nombre":"Supercarretera Delicias-Chihuahua","clase":"trunk"}},{"type":"Feature","id":2841,"geometry":{"type":"LineString","coordinates":[[-105.95868,28.58074],[-105.95925,28.58301]]},"properties":{"id":2841,"nombre":"Supercarretera Delicias-Chihuahua","clase":"trunk"}},{"type":"Feature","id":2842,"geometry":{"type":"LineString","coordinates":[[-105.95777,28.57728],[-105.95852,28.58006],[-105.95868,28.58074]]},"properties":{"id":2842,"nombre":"Supercarretera Delicias-Chihuahua","clase":"trunk"}},{"type":"Feature","id":2843,"geometry":{"type":"LineString","coordinates":[[-105.95674,28.57315],[-105.9571,28.57459],[-105.95721,28.57504],[-105.95777,28.57728]]},"properties":{"id":2843,"nombre":"Supercarretera Delicias-Chihuahua","clase":"trunk"}},{"type":"Feature","id":2844,"geometry":{"type":"LineString","coordinates":[[-105.95339,28.55981],[-105.95379,28.56139],[-105.95497,28.56616],[-105.95583,28.56951],[-105.95618,28.57088],[-105.95674,28.57315]]},"properties":{"id":2844,"nombre":"Supercarretera Delicias-Chihuahua","clase":"trunk"}},{"type":"Feature","id":2845,"geometry":{"type":"LineString","coordinates":[[-106.06096,28.62057],[-106.06093,28.62061],[-106.0609,28.62065]]},"properties":{"id":2845,"nombre":"Tamborel","clase":"secondary"}},{"type":"Feature","id":2846,"geometry":{"type":"LineString","coordinates":[[-106.15991,28.74244],[-106.15983,28.742],[-106.15982,28.74182],[-106.15982,28.74164]]},"properties":{"id":2846,"nombre":"Teatro San Carlo","clase":"trunk"}},{"type":"Feature","id":2847,"geometry":{"type":"LineString","coordinates":[[-106.16175,28.74013],[-106.16147,28.74027],[-106.16114,28.74051],[-106.16079,28.74082],[-106.1605,28.74103],[-106.16016,28.7412],[-106.15989,28.74129],[-106.15955,28.74135],[-106.1594,28.74133],[-106.15919,28.74115]]},"properties":{"id":2847,"nombre":"Teatro San Carlo","clase":"trunk"}},{"type":"Feature","id":2848,"geometry":{"type":"LineString","coordinates":[[-106.09205,28.64572],[-106.09216,28.6457],[-106.09226,28.64563],[-106.0923,28.64552],[-106.09226,28.64541],[-106.09217,28.64534],[-106.09206,28.64532],[-106.09192,28.64536],[-106.09184,28.64549],[-106.09184,28.64556],[-106.09192,28.64567],[-106.09205,28.64572]]},"properties":{"id":2848,"nombre":"Trasviña y Retes","clase":"secondary"}},{"type":"Feature","id":2849,"geometry":{"type":"LineString","coordinates":[[-106.07131,28.63789],[-106.07099,28.63762],[-106.07038,28.63716]]},"properties":{"id":2849,"nombre":"Venustiano Carranza","clase":"primary"}},{"type":"Feature","id":2850,"geometry":{"type":"LineString","coordinates":[[-106.07131,28.63789],[-106.07196,28.63843],[-106.07227,28.63869]]},"properties":{"id":2850,"nombre":"Venustiano Carranza","clase":"primary"}},{"type":"Feature","id":2851,"geometry":{"type":"LineString","coordinates":[[-106.12455,28.7299],[-106.1243,28.72984],[-106.12387,28.72986],[-106.12341,28.72997],[-106.12289,28.73017],[-106.12245,28.73043],[-106.12185,28.73097],[-106.12144,28.73136],[-106.12056,28.73215],[-106.12034,28.73235],[-106.12004,28.73254],[-106.11962,28.73273],[-106.11932,28.73283],[-106.11898,28.73289],[-106.11859,28.73294],[-106.11825,28.73297],[-106.11808,28.733],[-106.118,28.73302]]},"properties":{"id":2851,"nombre":"Vialidad Los Nogales","clase":"trunk"}}]}