{"type":"FeatureCollection","features":[{"type":"Feature","geometry":{"type":"Polygon","coordinates":[[[-106.137727,28.703607],[-106.137753,28.703343],[-106.137838,28.703088],[-106.137977,28.702853],[-106.138166,28.702646],[-106.138397,28.702476],[-106.138661,28.702348],[-106.138948,28.702269],[-106.139247,28.70224],[-106.139547,28.702264],[-106.139836,28.702338],[-106.140103,28.702461],[-106.140337,28.702628],[-106.14053,28.702831],[-106.140675,28.703064],[-106.140765,28.703317],[-106.140797,28.703581],[-106.140771,28.703845],[-106.140686,28.7041],[-106.140547,28.704335],[-106.140358,28.704542],[-106.140127,28.704712],[-106.139863,28.70484],[-106.139576,28.704919],[-106.139277,28.704948],[-106.138977,28.704924],[-106.138688,28.70485],[-106.138421,28.704727],[-106.138187,28.70456],[-106.137994,28.704357],[-106.137849,28.704124],[-106.137759,28.703871],[-106.137727,28.703607]]]},"properties":{"osm_id":1457483360,"nombre":"Facultad Ingenieria UACh","horarios":"07:00-08:30,12:30-14:30","limite_kmh":20}},{"type":"Feature","geometry":{"type":"Polygon","coordinates":[[[-106.133302,28.706345],[-106.133328,28.706081],[-106.133413,28.705826],[-106.133552,28.705591],[-106.133741,28.705384],[-106.133972,28.705214],[-106.134236,28.705086],[-106.134523,28.705007],[-106.134822,28.704978],[-106.135122,28.705002],[-106.135411,28.705076],[-106.135678,28.705199],[-106.135912,28.705366],[-106.136106,28.705569],[-106.13625,28.705802],[-106.13634,28.706055],[-106.136372,28.706319],[-106.136346,28.706583],[-106.136261,28.706838],[-106.136122,28.707073],[-106.135933,28.70728],[-106.135702,28.70745],[-106.135438,28.707578],[-106.135151,28.707657],[-106.134852,28.707686],[-106.134552,28.707662],[-106.134263,28.707588],[-106.133996,28.707465],[-106.133762,28.707298],[-106.133568,28.707095],[-106.133424,28.706862],[-106.133334,28.706609],[-106.133302,28.706345]]]},"properties":{"osm_id":4325551890,"nombre":"Facultad de Medicina y Ciencias Biomédicas","horarios":"07:00-08:30,12:30-14:30","limite_kmh":20}},{"type":"Feature","geometry":{"type":"Polygon","coordinates":[[[-106.133617,28.705719],[-106.133643,28.705455],[-106.133728,28.7052],[-106.133867,28.704965],[-106.134056,28.704758],[-106.134287,28.704588],[-106.134551,28.70446],[-106.134838,28.704381],[-106.135137,28.704352],[-106.135437,28.704376],[-106.135726,28.70445],[-106.135993,28.704573],[-106.136227,28.70474],[-106.136421,28.704943],[-106.136565,28.705176],[-106.136655,28.705429],[-106.136687,28.705693],[-106.136661,28.705957],[-106.136576,28.706212],[-106.136437,28.706447],[-106.136248,28.706654],[-106.136017,28.706824],[-106.135753,28.706952],[-106.135466,28.707031],[-106.135167,28.70706],[-106.134867,28.707036],[-106.134578,28.706962],[-106.134311,28.706839],[-106.134077,28.706672],[-106.133883,28.706469],[-106.133739,28.706236],[-106.133649,28.705983],[-106.133617,28.705719]]]},"properties":{"osm_id":4433561290,"nombre":"Facultad de Enfermería y Nutriología","horarios":"07:00-08:30,12:30-14:30","limite_kmh":20}},{"type":"Feature","geometry":{"type":"Polygon","coordinates":[[[-106.105218,28.680711],[-106.105245,28.680446],[-106.105329,28.680192],[-106.105469,28.679956],[-106.105657,28.67975],[-106.105888,28.679579],[-106.106152,28.679452],[-106.10644,28.679373],[-106.106739,28.679344],[-106.107039,28.679368],[-106.107327,28.679443],[-106.107594,28.679565],[-106.107828,28.679732],[-106.108021,28.679935],[-106.108166,28.680168],[-106.108256,28.680422],[-106.108288,28.680685],[-106.108261,28.68095],[-106.108177,28.681204],[-106.108037,28.68144],[-106.107849,28.681646],[-106.107618,28.681817],[-106.107354,28.681944],[-106.107066,28.682023],[-106.106767,28.682052],[-106.106467,28.682028],[-106.106179,28.681953],[-106.105912,28.681831],[-106.105678,28.681664],[-106.105485,28.681461],[-106.10534,28.681228],[-106.10525,28.680974],[-106.105218,28.680711]]]},"properties":{"osm_id":4870210324,"nombre":"Escuela","horarios":"07:00-08:30,12:30-14:30","limite_kmh":20}},{"type":"Feature","geometry":{"type":"Polygon","coordinates":[[[-106.138232,28.712392],[-106.138259,28.712128],[-106.138344,28.711873],[-106.138483,28.711638],[-106.138672,28.711431],[-106.138903,28.711261],[-106.139167,28.711133],[-106.139454,28.711054],[-106.139753,28.711025],[-106.140053,28.711049],[-106.140342,28.711123],[-106.140609,28.711246],[-106.140843,28.711413],[-106.141037,28.711616],[-106.141181,28.711849],[-106.141271,28.712102],[-106.141304,28.712366],[-106.141277,28.71263],[-106.141192,28.712885],[-106.141053,28.71312],[-106.140864,28.713327],[-106.140633,28.713497],[-106.140369,28.713625],[-106.140082,28.713704],[-106.139783,28.713733],[-106.139483,28.713709],[-106.139194,28.713635],[-106.138927,28.713512],[-106.138693,28.713345],[-106.138499,28.713142],[-106.138355,28.712909],[-106.138265,28.712656],[-106.138232,28.712392]]]},"properties":{"osm_id":4977947221,"nombre":"Facultad de Ciencias de la Cultura Física","horarios":"07:00-08:30,12:30-14:30","limite_kmh":20}},{"type":"Feature","geometry":{"type":"Polygon","coordinates":[[[-106.133733,28.69943],[-106.133759,28.699166],[-106.133844,28.698911],[-106.133983,28.698676],[-106.134172,28.698469],[-106.134403,28.698299],[-106.134667,28.698171],[-106.134954,28.698092],[-106.135253,28.698063],[-106.135553,28.698087],[-106.135842,28.698161],[-106.136109,28.698284],[-106.136343,28.698451],[-106.136536,28.698654],[-106.136681,28.698887],[-106.136771,28.69914],[-106.136803,28.699404],[-106.136777,28.699668],[-106.136692,28.699923],[-106.136553,28.700158],[-106.136364,28.700365],[-106.136133,28.700535],[-106.135869,28.700663],[-106.135582,28.700742],[-106.135283,28.700771],[-106.134983,28.700747],[-106.134694,28.700673],[-106.134427,28.70055],[-106.134193,28.700383],[-106.134,28.70018],[-106.133855,28.699947],[-106.133765,28.699694],[-106.133733,28.69943]]]},"properties":{"osm_id":5358276634,"nombre":"Tecno parque UACH","horarios":"07:00-08:30,12:30-14:30","limite_kmh":20}},{"type":"Feature","geometry":{"type":"Polygon","coordinates":[[[-106.094846,28.688646],[-106.094873,28.688382],[-106.094957,28.688127],[-106.095097,28.687892],[-106.095286,28.687686],[-106.095516,28.687515],[-106.09578,28.687388],[-106.096068,28.687309],[-106.096367,28.68728],[-106.096667,28.687304],[-106.096955,28.687379],[-106.097222,28.687502],[-106.097457,28.687668],[-106.09765,28.687872],[-106.097794,28.688104],[-106.097884,28.688358],[-106.097916,28.688622],[-106.097889,28.688886],[-106.097805,28.689141],[-106.097665,28.689376],[-106.097477,28.689582],[-106.097246,28.689753],[-106.096982,28.68988],[-106.096694,28.689959],[-106.096395,28.689988],[-106.096095,28.689964],[-106.095807,28.689889],[-106.09554,28.689766],[-106.095305,28.6896],[-106.095112,28.689396],[-106.094968,28.689164],[-106.094878,28.68891],[-106.094846,28.688646]]]},"properties":{"osm_id":5463528723,"nombre":"Leyes de reforma","horarios":"07:00-08:30,12:30-14:30","limite_kmh":20}},{"type":"Feature","geometry":{"type":"Polygon","coordinates":[[[-106.110189,28.709417],[-106.110215,28.709152],[-106.1103,28.708898],[-106.110439,28.708662],[-106.110628,28.708456],[-106.110859,28.708285],[-106.111123,28.708158],[-106.11141,28.708079],[-106.11171,28.70805],[-106.11201,28.708074],[-106.112298,28.708149],[-106.112565,28.708271],[-106.1128,28.708438],[-106.112993,28.708641],[-106.113137,28.708874],[-106.113227,28.709128],[-106.113259,28.709391],[-106.113233,28.709656],[-106.113148,28.70991],[-106.113009,28.710146],[-106.11282,28.710352],[-106.112589,28.710523],[-106.112325,28.71065],[-106.112038,28.710729],[-106.111738,28.710758],[-106.111438,28.710734],[-106.11115,28.710659],[-106.110883,28.710537],[-106.110648,28.71037],[-106.110455,28.710167],[-106.110311,28.709934],[-106.110221,28.70968],[-106.110189,28.709417]]]},"properties":{"osm_id":6548607150,"nombre":"CRODE Chihuahua","horarios":"07:00-08:30,12:30-14:30","limite_kmh":20}},{"type":"Feature","geometry":{"type":"Polygon","coordinates":[[[-106.086054,28.698975],[-106.08608,28.698711],[-106.086165,28.698456],[-106.086305,28.698221],[-106.086493,28.698015],[-106.086724,28.697844],[-106.086989,28.697717],[-106.087276,28.697638],[-106.087575,28.697609],[-106.087875,28.697633],[-106.088164,28.697708],[-106.08843,28.697831],[-106.088665,28.697997],[-106.088858,28.698201],[-106.089002,28.698434],[-106.089092,28.698687],[-106.089124,28.698951],[-106.089098,28.699215],[-106.089013,28.69947],[-106.088873,28.699705],[-106.088685,28.699911],[-106.088454,28.700082],[-106.088189,28.700209],[-106.087902,28.700288],[-106.087603,28.700317],[-106.087303,28.700293],[-106.087014,28.700218],[-106.086748,28.700095],[-106.086513,28.699929],[-106.08632,28.699725],[-106.086176,28.699492],[-106.086086,28.699239],[-106.086054,28.698975]]]},"properties":{"osm_id":6548629633,"nombre":"Escuela Secundaria Federal No. 6 Ignacio Manuel Altamirano","horarios":"07:00-08:30,12:30-14:30","limite_kmh":20}},{"type":"Feature","geometry":{"type":"Polygon","coordinates":[[[-106.036182,28.660037],[-106.036209,28.659772],[-106.036294,28.659518],[-106.036433,28.659283],[-106.036622,28.659076],[-106.036853,28.658906],[-106.037117,28.658779],[-106.037405,28.6587],[-106.037704,28.658671],[-106.038003,28.658695],[-106.038292,28.65877],[-106.038559,28.658893],[-106.038793,28.659059],[-106.038986,28.659263],[-106.03913,28.659496],[-106.03922,28.659749],[-106.039252,28.660013],[-106.039225,28.660278],[-106.03914,28.660532],[-106.039001,28.660767],[-106.038812,28.660974],[-106.038581,28.661144],[-106.038317,28.661271],[-106.03803,28.66135],[-106.03773,28.661379],[-106.037431,28.661355],[-106.037142,28.66128],[-106.036875,28.661157],[-106.036641,28.660991],[-106.036448,28.660787],[-106.036304,28.660554],[-106.036214,28.660301],[-106.036182,28.660037]]]},"properties":{"osm_id":6597626531,"nombre":"Colegio De Bachilleres Plantel 21","horarios":"07:00-08:30,12:30-14:30","limite_kmh":20}},{"type":"Feature","geometry":{"type":"Polygon","coordinates":[[[-105.973305,28.753693],[-105.973332,28.753429],[-105.973417,28.753174],[-105.973557,28.752939],[-105.973746,28.752733],[-105.973977,28.752563],[-105.974242,28.752436],[-105.974529,28.752356],[-105.974828,28.752328],[-105.975128,28.752352],[-105.975417,28.752427],[-105.975684,28.75255],[-105.975918,28.752717],[-105.976111,28.752921],[-105.976255,28.753154],[-105.976345,28.753407],[-105.976377,28.753671],[-105.97635,28.753935],[-105.976265,28.75419],[-105.976125,28.754425],[-105.975936,28.754631],[-105.975705,28.754801],[-105.97544,28.754928],[-105.975153,28.755008],[-105.974854,28.755036],[-105.974554,28.755012],[-105.974265,28.754937],[-105.973998,28.754814],[-105.973764,28.754647],[-105.973571,28.754443],[-105.973427,28.75421],[-105.973337,28.753957],[-105.973305,28.753693]]]},"properties":{"osm_id":7774195183,"nombre":"Escuela","horarios":"07:00-08:30,12:30-14:30","limite_kmh":20}},{"type":"Feature","geometry":{"type":"Polygon","coordinates":[[[-105.976075,28.656895],[-105.976102,28.656631],[-105.976187,28.656376],[-105.976327,28.656141],[-105.976516,28.655935],[-105.976747,28.655765],[-105.977011,28.655638],[-105.977298,28.655558],[-105.977597,28.65553],[-105.977897,28.655554],[-105.978186,28.655629],[-105.978452,28.655752],[-105.978686,28.655919],[-105.978879,28.656123],[-105.979023,28.656356],[-105.979113,28.656609],[-105.979145,28.656873],[-105.979118,28.657137],[-105.979033,28.657392],[-105.978893,28.657627],[-105.978704,28.657833],[-105.978473,28.658003],[-105.978209,28.65813],[-105.977922,28.65821],[-105.977623,28.658238],[-105.977323,28.658214],[-105.977034,28.658139],[-105.976768,28.658016],[-105.976534,28.657849],[-105.976341,28.657645],[-105.976197,28.657412],[-105.976107,28.657159],[-105.976075,28.656895]]]},"properties":{"osm_id":9730530417,"nombre":"Cenaltec","horarios":"07:00-08:30,12:30-14:30","limite_kmh":20}},{"type":"Feature","geometry":{"type":"Polygon","coordinates":[[[-106.135655,28.703649],[-106.135681,28.703385],[-106.135766,28.70313],[-106.135905,28.702895],[-106.136094,28.702688],[-106.136325,28.702518],[-106.136589,28.70239],[-106.136876,28.702311],[-106.137175,28.702282],[-106.137475,28.702306],[-106.137764,28.70238],[-106.138031,28.702503],[-106.138265,28.70267],[-106.138458,28.702873],[-106.138603,28.703106],[-106.138693,28.703359],[-106.138725,28.703623],[-106.138699,28.703887],[-106.138614,28.704142],[-106.138475,28.704377],[-106.138286,28.704584],[-106.138055,28.704754],[-106.137791,28.704882],[-106.137504,28.704961],[-106.137205,28.70499],[-106.136905,28.704966],[-106.136616,28.704892],[-106.136349,28.704769],[-106.136115,28.704602],[-106.135922,28.704399],[-106.135777,28.704166],[-106.135687,28.703913],[-106.135655,28.703649]]]},"properties":{"osm_id":10002886797,"nombre":"Facultad de Ciencias Químicas UACh","horarios":"07:00-08:30,12:30-14:30","limite_kmh":20}},{"type":"Feature","geometry":{"type":"Polygon","coordinates":[[[-106.063487,28.647149],[-106.063514,28.646885],[-106.063599,28.64663],[-106.063738,28.646395],[-106.063927,28.646188],[-106.064158,28.646018],[-106.064422,28.645891],[-106.064709,28.645812],[-106.065008,28.645783],[-106.065308,28.645807],[-106.065597,28.645882],[-106.065863,28.646005],[-106.066097,28.646171],[-106.06629,28.646375],[-106.066435,28.646608],[-106.066524,28.646861],[-106.066557,28.647125],[-106.06653,28.647389],[-106.066445,28.647644],[-106.066306,28.647879],[-106.066117,28.648086],[-106.065886,28.648256],[-106.065622,28.648383],[-106.065335,28.648462],[-106.065036,28.648491],[-106.064736,28.648467],[-106.064447,28.648392],[-106.064181,28.648269],[-106.063947,28.648103],[-106.063754,28.647899],[-106.063609,28.647666],[-106.06352,28.647413],[-106.063487,28.647149]]]},"properties":{"osm_id":12888338858,"nombre":"CESCIJUC CHIHUAHUA","horarios":"07:00-08:30,12:30-14:30","limite_kmh":20}},{"type":"Feature","geometry":{"type":"Polygon","coordinates":[[[-106.106624,28.608616],[-106.106651,28.608351],[-106.106735,28.608097],[-106.106875,28.607861],[-106.107063,28.607655],[-106.107294,28.607484],[-106.107558,28.607357],[-106.107845,28.607278],[-106.108144,28.607249],[-106.108443,28.607273],[-106.108732,28.607348],[-106.108998,28.60747],[-106.109233,28.607637],[-106.109426,28.60784],[-106.10957,28.608073],[-106.10966,28.608327],[-106.109692,28.60859],[-106.109665,28.608855],[-106.109581,28.609109],[-106.109441,28.609345],[-106.109253,28.609551],[-106.109022,28.609722],[-106.108758,28.609849],[-106.108471,28.609928],[-106.108172,28.609957],[-106.107873,28.609933],[-106.107584,28.609858],[-106.107318,28.609736],[-106.107083,28.609569],[-106.10689,28.609366],[-106.106746,28.609133],[-106.106656,28.608879],[-106.106624,28.608616]]]},"properties":{"osm_id":13364987762,"nombre":"Escuela","horarios":"07:00-08:30,12:30-14:30","limite_kmh":20}},{"type":"Feature","geometry":{"type":"Polygon","coordinates":[[[-106.09745,28.652899],[-106.097477,28.652635],[-106.097562,28.65238],[-106.097701,28.652145],[-106.09789,28.651939],[-106.098121,28.651768],[-106.098385,28.651641],[-106.098672,28.651562],[-106.098971,28.651533],[-106.099271,28.651557],[-106.099559,28.651632],[-106.099826,28.651755],[-106.10006,28.651921],[-106.100253,28.652125],[-106.100397,28.652357],[-106.100487,28.652611],[-106.10052,28.652875],[-106.100493,28.653139],[-106.100408,28.653394],[-106.100269,28.653629],[-106.10008,28.653835],[-106.099849,28.654006],[-106.099585,28.654133],[-106.099298,28.654212],[-106.098999,28.654241],[-106.098699,28.654217],[-106.098411,28.654142],[-106.098144,28.654019],[-106.09791,28.653853],[-106.097717,28.653649],[-106.097573,28.653417],[-106.097483,28.653163],[-106.09745,28.652899]]]},"properties":{"osm_id":13541450561,"nombre":"COBACH 3","horarios":"07:00-08:30,12:30-14:30","limite_kmh":20}},{"type":"Feature","geometry":{"type":"Polygon","coordinates":[[[-106.097453,28.652723],[-106.09748,28.652459],[-106.097565,28.652204],[-106.097704,28.651969],[-106.097893,28.651763],[-106.098124,28.651592],[-106.098388,28.651465],[-106.098675,28.651386],[-106.098974,28.651357],[-106.099274,28.651381],[-106.099562,28.651456],[-106.099829,28.651579],[-106.100063,28.651745],[-106.100256,28.651949],[-106.1004,28.652181],[-106.10049,28.652435],[-106.100523,28.652699],[-106.100496,28.652963],[-106.100411,28.653218],[-106.100272,28.653453],[-106.100083,28.653659],[-106.099852,28.65383],[-106.099588,28.653957],[-106.099301,28.654036],[-106.099002,28.654065],[-106.098702,28.654041],[-106.098414,28.653966],[-106.098147,28.653843],[-106.097913,28.653677],[-106.09772,28.653473],[-106.097576,28.653241],[-106.097486,28.652987],[-106.097453,28.652723]]]},"properties":{"osm_id":13541561150,"nombre":"cobach 3","horarios":"07:00-08:30,12:30-14:30","limite_kmh":20}},{"type":"Feature","geometry":{"type":"Polygon","coordinates":[[[-106.113852,28.678732],[-106.113879,28.678467],[-106.113963,28.678213],[-106.114103,28.677977],[-106.114291,28.677771],[-106.114522,28.6776],[-106.114786,28.677473],[-106.115073,28.677394],[-106.115373,28.677365],[-106.115672,28.677389],[-106.115961,28.677464],[-106.116228,28.677586],[-106.116462,28.677753],[-106.116655,28.677956],[-106.1168,28.678189],[-106.11689,28.678442],[-106.116922,28.678706],[-106.116895,28.678971],[-106.116811,28.679225],[-106.116671,28.679461],[-106.116483,28.679667],[-106.116252,28.679838],[-106.115988,28.679965],[-106.115701,28.680044],[-106.115401,28.680073],[-106.115102,28.680049],[-106.114813,28.679974],[-106.114546,28.679852],[-106.114312,28.679685],[-106.114119,28.679482],[-106.113974,28.679249],[-106.113884,28.678995],[-106.113852,28.678732]]]},"properties":{"osm_id":13542070373,"nombre":"secundaria no. 5","horarios":"07:00-08:30,12:30-14:30","limite_kmh":20}},{"type":"Feature","geometry":{"type":"Polygon","coordinates":[[[-106.11744,28.659119],[-106.117467,28.658854],[-106.117552,28.6586],[-106.117691,28.658364],[-106.11788,28.658158],[-106.11811,28.657987],[-106.118374,28.65786],[-106.118661,28.657781],[-106.118961,28.657752],[-106.11926,28.657776],[-106.119549,28.65785],[-106.119816,28.657973],[-106.12005,28.65814],[-106.120243,28.658343],[-106.120387,28.658576],[-106.120477,28.658829],[-106.12051,28.659093],[-106.120483,28.659358],[-106.120398,28.659612],[-106.120259,28.659848],[-106.12007,28.660054],[-106.11984,28.660225],[-106.119576,28.660352],[-106.119289,28.660431],[-106.118989,28.66046],[-106.11869,28.660436],[-106.118401,28.660362],[-106.118134,28.660239],[-106.1179,28.660072],[-106.117707,28.659869],[-106.117563,28.659636],[-106.117473,28.659383],[-106.11744,28.659119]]]},"properties":{"osm_id":13542073091,"nombre":"Secundaria Estatal 3044","horarios":"07:00-08:30,12:30-14:30","limite_kmh":20}},{"type":"Feature","geometry":{"type":"Polygon","coordinates":[[[-106.016866,28.694701],[-106.016893,28.694436],[-106.016978,28.694182],[-106.017117,28.693947],[-106.017306,28.69374],[-106.017537,28.69357],[-106.017801,28.693443],[-106.018089,28.693364],[-106.018388,28.693335],[-106.018688,28.693359],[-106.018976,28.693434],[-106.019243,28.693557],[-106.019477,28.693724],[-106.01967,28.693927],[-106.019814,28.69416],[-106.019904,28.694414],[-106.019936,28.694677],[-106.019909,28.694942],[-106.019824,28.695196],[-106.019685,28.695431],[-106.019496,28.695638],[-106.019265,28.695808],[-106.019001,28.695935],[-106.018713,28.696014],[-106.018414,28.696043],[-106.018114,28.696019],[-106.017826,28.695944],[-106.017559,28.695821],[-106.017325,28.695654],[-106.017132,28.695451],[-106.016988,28.695218],[-106.016898,28.694964],[-106.016866,28.694701]]]},"properties":{"osm_id":13544428933,"nombre":"Colegio de bachilleres plantel 12","horarios":"07:00-08:30,12:30-14:30","limite_kmh":20}},{"type":"Feature","geometry":{"type":"Polygon","coordinates":[[[-106.097433,28.652194],[-106.09746,28.65193],[-106.097545,28.651675],[-106.097684,28.65144],[-106.097873,28.651234],[-106.098104,28.651063],[-106.098368,28.650936],[-106.098655,28.650857],[-106.098954,28.650828],[-106.099254,28.650852],[-106.099542,28.650927],[-106.099809,28.65105],[-106.100043,28.651216],[-106.100236,28.65142],[-106.10038,28.651652],[-106.10047,28.651906],[-106.100503,28.65217],[-106.100476,28.652434],[-106.100391,28.652689],[-106.100252,28.652924],[-106.100063,28.65313],[-106.099832,28.653301],[-106.099568,28.653428],[-106.099281,28.653507],[-106.098982,28.653536],[-106.098682,28.653512],[-106.098394,28.653437],[-106.098127,28.653314],[-106.097893,28.653148],[-106.0977,28.652944],[-106.097556,28.652712],[-106.097466,28.652458],[-106.097433,28.652194]]]},"properties":{"osm_id":13544594032,"nombre":"colegio de bachilleres#3","horarios":"07:00-08:30,12:30-14:30","limite_kmh":20}},{"type":"Feature","geometry":{"type":"Polygon","coordinates":[[[-106.110926,28.663016],[-106.110953,28.662751],[-106.111038,28.662497],[-106.111177,28.662261],[-106.111366,28.662055],[-106.111596,28.661884],[-106.11186,28.661757],[-106.112148,28.661678],[-106.112447,28.661649],[-106.112746,28.661673],[-106.113035,28.661748],[-106.113302,28.66187],[-106.113536,28.662037],[-106.113729,28.66224],[-106.113873,28.662473],[-106.113964,28.662727],[-106.113996,28.66299],[-106.113969,28.663255],[-106.113884,28.663509],[-106.113745,28.663745],[-106.113556,28.663951],[-106.113326,28.664122],[-106.113062,28.664249],[-106.112774,28.664328],[-106.112475,28.664357],[-106.112176,28.664333],[-106.111887,28.664258],[-106.11162,28.664136],[-106.111386,28.663969],[-106.111193,28.663766],[-106.111048,28.663533],[-106.110958,28.663279],[-106.110926,28.663016]]]},"properties":{"osm_id":13544659459,"nombre":"Plantel estudiantil cobach 4","horarios":"07:00-08:30,12:30-14:30","limite_kmh":20}},{"type":"Feature","geometry":{"type":"Polygon","coordinates":[[[-106.106902,28.66116],[-106.106929,28.660895],[-106.107014,28.660641],[-106.107153,28.660405],[-106.107342,28.660199],[-106.107572,28.660028],[-106.107837,28.659901],[-106.108124,28.659822],[-106.108423,28.659793],[-106.108722,28.659817],[-106.109011,28.659892],[-106.109278,28.660014],[-106.109512,28.660181],[-106.109705,28.660384],[-106.109849,28.660617],[-106.10994,28.660871],[-106.109972,28.661134],[-106.109945,28.661399],[-106.10986,28.661653],[-106.109721,28.661889],[-106.109532,28.662095],[-106.109302,28.662266],[-106.109037,28.662393],[-106.10875,28.662472],[-106.108451,28.662501],[-106.108152,28.662477],[-106.107863,28.662402],[-106.107596,28.66228],[-106.107362,28.662113],[-106.107169,28.66191],[-106.107024,28.661677],[-106.106934,28.661423],[-106.106902,28.66116]]]},"properties":{"osm_id":13547004302,"nombre":"Escuela Primaria Federalizada José Vasconcelos Calderón","horarios":"07:00-08:30,12:30-14:30","limite_kmh":20}},{"type":"Feature","geometry":{"type":"Polygon","coordinates":[[[-106.097665,28.652436],[-106.097692,28.652172],[-106.097777,28.651917],[-106.097916,28.651682],[-106.098105,28.651476],[-106.098336,28.651305],[-106.0986,28.651178],[-106.098887,28.651099],[-106.099186,28.65107],[-106.099486,28.651094],[-106.099774,28.651169],[-106.100041,28.651292],[-106.100275,28.651458],[-106.100468,28.651662],[-106.100612,28.651894],[-106.100702,28.652148],[-106.100735,28.652412],[-106.100708,28.652676],[-106.100623,28.652931],[-106.100484,28.653166],[-106.100295,28.653372],[-106.100064,28.653543],[-106.0998,28.65367],[-106.099513,28.653749],[-106.099214,28.653778],[-106.098914,28.653754],[-106.098626,28.653679],[-106.098359,28.653556],[-106.098125,28.65339],[-106.097932,28.653186],[-106.097788,28.652954],[-106.097698,28.6527],[-106.097665,28.652436]]]},"properties":{"osm_id":13568613702,"nombre":"cobach 3","horarios":"07:00-08:30,12:30-14:30","limite_kmh":20}},{"type":"Feature","geometry":{"type":"Polygon","coordinates":[[[-106.097631,28.652369],[-106.097658,28.652105],[-106.097743,28.65185],[-106.097882,28.651615],[-106.098071,28.651409],[-106.098302,28.651238],[-106.098566,28.651111],[-106.098853,28.651032],[-106.099152,28.651003],[-106.099452,28.651027],[-106.09974,28.651102],[-106.100007,28.651225],[-106.100241,28.651391],[-106.100434,28.651595],[-106.100578,28.651827],[-106.100668,28.652081],[-106.100701,28.652345],[-106.100674,28.652609],[-106.100589,28.652864],[-106.10045,28.653099],[-106.100261,28.653305],[-106.10003,28.653476],[-106.099766,28.653603],[-106.099479,28.653682],[-106.09918,28.653711],[-106.09888,28.653687],[-106.098592,28.653612],[-106.098325,28.653489],[-106.098091,28.653323],[-106.097898,28.653119],[-106.097754,28.652887],[-106.097664,28.652633],[-106.097631,28.652369]]]},"properties":{"osm_id":13575202332,"nombre":"bachilleres 3","horarios":"07:00-08:30,12:30-14:30","limite_kmh":20}},{"type":"Feature","geometry":{"type":"Polygon","coordinates":[[[-106.079441,28.632606],[-106.079467,28.632342],[-106.079552,28.632087],[-106.079692,28.631852],[-106.07988,28.631645],[-106.080111,28.631475],[-106.080375,28.631348],[-106.080662,28.631269],[-106.080961,28.63124],[-106.081261,28.631264],[-106.081549,28.631339],[-106.081816,28.631462],[-106.08205,28.631628],[-106.082243,28.631832],[-106.082387,28.632065],[-106.082477,28.632318],[-106.082509,28.632582],[-106.082483,28.632846],[-106.082398,28.633101],[-106.082259,28.633336],[-106.08207,28.633543],[-106.081839,28.633713],[-106.081575,28.63384],[-106.081288,28.633919],[-106.080989,28.633948],[-106.080689,28.633924],[-106.080401,28.633849],[-106.080134,28.633726],[-106.0799,28.63356],[-106.079707,28.633356],[-106.079563,28.633123],[-106.079473,28.63287],[-106.079441,28.632606]]]},"properties":{"osm_id":13575238058,"nombre":"cobach 1","horarios":"07:00-08:30,12:30-14:30","limite_kmh":20}},{"type":"Feature","geometry":{"type":"Polygon","coordinates":[[[-106.061264,28.623028],[-106.061291,28.622764],[-106.061375,28.622509],[-106.061515,28.622274],[-106.061703,28.622067],[-106.061934,28.621897],[-106.062198,28.62177],[-106.062485,28.621691],[-106.062784,28.621662],[-106.063084,28.621686],[-106.063373,28.621761],[-106.063639,28.621884],[-106.063873,28.62205],[-106.064066,28.622254],[-106.06421,28.622487],[-106.0643,28.62274],[-106.064332,28.623004],[-106.064305,28.623268],[-106.064221,28.623523],[-106.064081,28.623758],[-106.063893,28.623965],[-106.063662,28.624135],[-106.063398,28.624262],[-106.063111,28.624341],[-106.062812,28.62437],[-106.062512,28.624346],[-106.062223,28.624271],[-106.061957,28.624148],[-106.061723,28.623982],[-106.06153,28.623778],[-106.061386,28.623545],[-106.061296,28.623292],[-106.061264,28.623028]]]},"properties":{"osm_id":13575256926,"nombre":"cobach 2","horarios":"07:00-08:30,12:30-14:30","limite_kmh":20}},{"type":"Feature","geometry":{"type":"Polygon","coordinates":[[[-106.111051,28.663404],[-106.111078,28.663139],[-106.111163,28.662885],[-106.111302,28.662649],[-106.111491,28.662443],[-106.111721,28.662272],[-106.111985,28.662145],[-106.112273,28.662066],[-106.112572,28.662037],[-106.112871,28.662061],[-106.11316,28.662136],[-106.113427,28.662258],[-106.113661,28.662425],[-106.113854,28.662628],[-106.113998,28.662861],[-106.114089,28.663115],[-106.114121,28.663378],[-106.114094,28.663643],[-106.114009,28.663897],[-106.11387,28.664133],[-106.113681,28.664339],[-106.113451,28.66451],[-106.113187,28.664637],[-106.112899,28.664716],[-106.1126,28.664745],[-106.112301,28.664721],[-106.112012,28.664646],[-106.111745,28.664524],[-106.111511,28.664357],[-106.111318,28.664154],[-106.111173,28.663921],[-106.111083,28.663667],[-106.111051,28.663404]]]},"properties":{"osm_id":13578463133,"nombre":"COBACH PLANTEL4","horarios":"07:00-08:30,12:30-14:30","limite_kmh":20}},{"type":"Feature","geometry":{"type":"Polygon","coordinates":[[[-106.097546,28.652002],[-106.097573,28.651738],[-106.097658,28.651483],[-106.097797,28.651248],[-106.097986,28.651042],[-106.098217,28.650871],[-106.098481,28.650744],[-106.098768,28.650665],[-106.099067,28.650636],[-106.099367,28.65066],[-106.099655,28.650735],[-106.099922,28.650858],[-106.100156,28.651024],[-106.100349,28.651228],[-106.100493,28.65146],[-106.100583,28.651714],[-106.100616,28.651978],[-106.100589,28.652242],[-106.100504,28.652497],[-106.100365,28.652732],[-106.100176,28.652938],[-106.099945,28.653109],[-106.099681,28.653236],[-106.099394,28.653315],[-106.099095,28.653344],[-106.098795,28.65332],[-106.098507,28.653245],[-106.09824,28.653122],[-106.098006,28.652956],[-106.097813,28.652752],[-106.097669,28.65252],[-106.097579,28.652266],[-106.097546,28.652002]]]},"properties":{"osm_id":13578756414,"nombre":"COBACH PLANTEL3","horarios":"07:00-08:30,12:30-14:30","limite_kmh":20}},{"type":"Feature","geometry":{"type":"Polygon","coordinates":[[[-106.130807,28.709155],[-106.130833,28.708891],[-106.130918,28.708636],[-106.131057,28.708401],[-106.131246,28.708194],[-106.131477,28.708024],[-106.131741,28.707896],[-106.132028,28.707817],[-106.132327,28.707788],[-106.132627,28.707812],[-106.132916,28.707886],[-106.133183,28.708009],[-106.133417,28.708176],[-106.133611,28.708379],[-106.133755,28.708612],[-106.133845,28.708865],[-106.133877,28.709129],[-106.133851,28.709393],[-106.133766,28.709648],[-106.133627,28.709883],[-106.133438,28.71009],[-106.133207,28.71026],[-106.132943,28.710388],[-106.132656,28.710467],[-106.132357,28.710496],[-106.132057,28.710472],[-106.131768,28.710398],[-106.131501,28.710275],[-106.131267,28.710108],[-106.131073,28.709905],[-106.130929,28.709672],[-106.130839,28.709419],[-106.130807,28.709155]]]},"properties":{"osm_id":13581224140,"nombre":"Escuela primaria chihuahua","horarios":"07:00-08:30,12:30-14:30","limite_kmh":20}},{"type":"Feature","geometry":{"type":"Polygon","coordinates":[[[-106.131185,28.708668],[-106.131211,28.708404],[-106.131296,28.708149],[-106.131435,28.707914],[-106.131624,28.707707],[-106.131855,28.707537],[-106.132119,28.707409],[-106.132406,28.70733],[-106.132705,28.707301],[-106.133005,28.707325],[-106.133294,28.707399],[-106.133561,28.707522],[-106.133795,28.707689],[-106.133989,28.707892],[-106.134133,28.708125],[-106.134223,28.708378],[-106.134255,28.708642],[-106.134229,28.708906],[-106.134144,28.709161],[-106.134005,28.709396],[-106.133816,28.709603],[-106.133585,28.709773],[-106.133321,28.709901],[-106.133034,28.70998],[-106.132735,28.710009],[-106.132435,28.709985],[-106.132146,28.709911],[-106.131879,28.709788],[-106.131645,28.709621],[-106.131451,28.709418],[-106.131307,28.709185],[-106.131217,28.708932],[-106.131185,28.708668]]]},"properties":{"osm_id":13581256788,"nombre":"Escuela secundaria tecnica #72","horarios":"07:00-08:30,12:30-14:30","limite_kmh":20}},{"type":"Feature","geometry":{"type":"Polygon","coordinates":[[[-106.118719,28.725278],[-106.118746,28.725013],[-106.118831,28.724759],[-106.11897,28.724524],[-106.119159,28.724317],[-106.11939,28.724147],[-106.119654,28.724019],[-106.119941,28.72394],[-106.120241,28.723911],[-106.12054,28.723935],[-106.120829,28.724009],[-106.121096,28.724132],[-106.121331,28.724299],[-106.121524,28.724502],[-106.121668,28.724735],[-106.121758,28.724988],[-106.121791,28.725252],[-106.121764,28.725517],[-106.121679,28.725771],[-106.12154,28.726006],[-106.121351,28.726213],[-106.12112,28.726383],[-106.120856,28.726511],[-106.120569,28.72659],[-106.120269,28.726619],[-106.11997,28.726595],[-106.119681,28.726521],[-106.119414,28.726398],[-106.119179,28.726231],[-106.118986,28.726028],[-106.118842,28.725795],[-106.118752,28.725542],[-106.118719,28.725278]]]},"properties":{"osm_id":13581402242,"nombre":"Escuela primaria Jesus Reyes Heroles","horarios":"07:00-08:30,12:30-14:30","limite_kmh":20}},{"type":"Feature","geometry":{"type":"Polygon","coordinates":[[[-106.016726,28.611667],[-106.016753,28.611402],[-106.016838,28.611148],[-106.016977,28.610912],[-106.017166,28.610706],[-106.017397,28.610536],[-106.017661,28.610409],[-106.017948,28.61033],[-106.018247,28.610301],[-106.018546,28.610325],[-106.018835,28.6104],[-106.019101,28.610523],[-106.019336,28.61069],[-106.019528,28.610893],[-106.019672,28.611126],[-106.019762,28.61138],[-106.019794,28.611643],[-106.019767,28.611908],[-106.019682,28.612162],[-106.019543,28.612398],[-106.019354,28.612604],[-106.019123,28.612774],[-106.018859,28.612901],[-106.018572,28.61298],[-106.018273,28.613009],[-106.017974,28.612985],[-106.017685,28.61291],[-106.017419,28.612787],[-106.017184,28.61262],[-106.016992,28.612417],[-106.016848,28.612184],[-106.016758,28.61193],[-106.016726,28.611667]]]},"properties":{"osm_id":13594111936,"nombre":"Escuela John F. Kennedy","horarios":"07:00-08:30,12:30-14:30","limite_kmh":20}},{"type":"Feature","geometry":{"type":"Polygon","coordinates":[[[-106.137957,28.683186],[-106.137984,28.682922],[-106.138068,28.682667],[-106.138207,28.682432],[-106.138396,28.682225],[-106.138627,28.682055],[-106.138891,28.681927],[-106.139178,28.681848],[-106.139477,28.681819],[-106.139777,28.681843],[-106.140066,28.681917],[-106.140333,28.68204],[-106.140567,28.682207],[-106.14076,28.68241],[-106.140905,28.682643],[-106.140995,28.682896],[-106.141027,28.68316],[-106.141,28.683424],[-106.140916,28.683679],[-106.140777,28.683914],[-106.140588,28.684121],[-106.140357,28.684291],[-106.140093,28.684419],[-106.139806,28.684498],[-106.139507,28.684527],[-106.139207,28.684503],[-106.138918,28.684429],[-106.138651,28.684306],[-106.138417,28.684139],[-106.138224,28.683936],[-106.138079,28.683703],[-106.137989,28.68345],[-106.137957,28.683186]]]},"properties":{"osm_id":13594174227,"nombre":"Escuela Cumbres","horarios":"07:00-08:30,12:30-14:30","limite_kmh":20}},{"type":"Feature","geometry":{"type":"Polygon","coordinates":[[[-106.082817,28.594825],[-106.082844,28.594561],[-106.082929,28.594306],[-106.083068,28.594071],[-106.083257,28.593864],[-106.083487,28.593694],[-106.083751,28.593567],[-106.084038,28.593488],[-106.084337,28.593459],[-106.084637,28.593483],[-106.084925,28.593558],[-106.085192,28.593681],[-106.085426,28.593847],[-106.085619,28.594051],[-106.085763,28.594284],[-106.085853,28.594537],[-106.085885,28.594801],[-106.085858,28.595065],[-106.085773,28.59532],[-106.085634,28.595555],[-106.085445,28.595762],[-106.085215,28.595932],[-106.084951,28.596059],[-106.084664,28.596138],[-106.084365,28.596167],[-106.084065,28.596143],[-106.083777,28.596068],[-106.08351,28.595945],[-106.083276,28.595779],[-106.083083,28.595575],[-106.082939,28.595342],[-106.082849,28.595089],[-106.082817,28.594825]]]},"properties":{"osm_id":13594207659,"nombre":"escuela de manejo","horarios":"07:00-08:30,12:30-14:30","limite_kmh":20}},{"type":"Feature","geometry":{"type":"Polygon","coordinates":[[[-106.124437,28.697076],[-106.124463,28.696811],[-106.124548,28.696557],[-106.124687,28.696322],[-106.124876,28.696115],[-106.125107,28.695945],[-106.125371,28.695817],[-106.125658,28.695738],[-106.125958,28.695709],[-106.126257,28.695733],[-106.126546,28.695807],[-106.126813,28.69593],[-106.127047,28.696097],[-106.12724,28.6963],[-106.127385,28.696533],[-106.127475,28.696786],[-106.127507,28.69705],[-106.127481,28.697315],[-106.127396,28.697569],[-106.127257,28.697804],[-106.127068,28.698011],[-106.126837,28.698181],[-106.126573,28.698309],[-106.126286,28.698388],[-106.125986,28.698417],[-106.125687,28.698393],[-106.125398,28.698319],[-106.125131,28.698196],[-106.124897,28.698029],[-106.124703,28.697826],[-106.124559,28.697593],[-106.124469,28.69734],[-106.124437,28.697076]]]},"properties":{"osm_id":13599851127,"nombre":"Insurgentes2723","horarios":"07:00-08:30,12:30-14:30","limite_kmh":20}},{"type":"Feature","geometry":{"type":"Polygon","coordinates":[[[-106.13802,28.683121],[-106.138047,28.682857],[-106.138131,28.682602],[-106.13827,28.682367],[-106.138459,28.68216],[-106.13869,28.68199],[-106.138954,28.681862],[-106.139241,28.681783],[-106.13954,28.681754],[-106.13984,28.681778],[-106.140129,28.681852],[-106.140396,28.681975],[-106.14063,28.682142],[-106.140823,28.682345],[-106.140968,28.682578],[-106.141058,28.682831],[-106.14109,28.683095],[-106.141063,28.683359],[-106.140979,28.683614],[-106.14084,28.683849],[-106.140651,28.684056],[-106.14042,28.684226],[-106.140156,28.684354],[-106.139869,28.684433],[-106.13957,28.684462],[-106.13927,28.684438],[-106.138981,28.684364],[-106.138714,28.684241],[-106.13848,28.684074],[-106.138287,28.683871],[-106.138142,28.683638],[-106.138052,28.683385],[-106.13802,28.683121]]]},"properties":{"osm_id":13603961150,"nombre":"Escuela X","horarios":"07:00-08:30,12:30-14:30","limite_kmh":20}},{"type":"Feature","geometry":{"type":"Polygon","coordinates":[[[-105.963862,28.661049],[-105.963889,28.660785],[-105.963974,28.66053],[-105.964114,28.660295],[-105.964303,28.660088],[-105.964534,28.659918],[-105.964798,28.659791],[-105.965085,28.659712],[-105.965385,28.659684],[-105.965684,28.659708],[-105.965973,28.659783],[-105.966239,28.659906],[-105.966474,28.660073],[-105.966666,28.660277],[-105.96681,28.66051],[-105.9669,28.660763],[-105.966932,28.661027],[-105.966905,28.661291],[-105.96682,28.661546],[-105.96668,28.661781],[-105.966491,28.661988],[-105.96626,28.662158],[-105.965996,28.662285],[-105.965709,28.662364],[-105.965409,28.662392],[-105.96511,28.662368],[-105.964821,28.662293],[-105.964555,28.66217],[-105.96432,28.662003],[-105.964128,28.661799],[-105.963984,28.661566],[-105.963894,28.661313],[-105.963862,28.661049]]]},"properties":{"osm_id":13606067245,"nombre":"Escuela secundaria federal #15","horarios":"07:00-08:30,12:30-14:30","limite_kmh":20}},{"type":"Feature","geometry":{"type":"Polygon","coordinates":[[[-106.080722,28.637643],[-106.080748,28.637379],[-106.080833,28.637124],[-106.080972,28.636889],[-106.081161,28.636682],[-106.081392,28.636512],[-106.081656,28.636385],[-106.081943,28.636306],[-106.082242,28.636277],[-106.082542,28.636301],[-106.08283,28.636376],[-106.083097,28.636499],[-106.083331,28.636665],[-106.083524,28.636869],[-106.083668,28.637102],[-106.083758,28.637355],[-106.08379,28.637619],[-106.083764,28.637883],[-106.083679,28.638138],[-106.08354,28.638373],[-106.083351,28.63858],[-106.08312,28.63875],[-106.082856,28.638877],[-106.082569,28.638956],[-106.08227,28.638985],[-106.08197,28.638961],[-106.081682,28.638886],[-106.081415,28.638763],[-106.081181,28.638597],[-106.080988,28.638393],[-106.080844,28.63816],[-106.080754,28.637907],[-106.080722,28.637643]]]},"properties":{"osm_id":13670227640,"nombre":"Colegio Patria","horarios":"07:00-08:30,12:30-14:30","limite_kmh":20}},{"type":"Feature","geometry":{"type":"Polygon","coordinates":[[[-106.064432,28.639109],[-106.064458,28.638845],[-106.064543,28.63859],[-106.064683,28.638355],[-106.064871,28.638148],[-106.065102,28.637978],[-106.065366,28.637851],[-106.065653,28.637772],[-106.065952,28.637743],[-106.066252,28.637767],[-106.066541,28.637842],[-106.066807,28.637965],[-106.067041,28.638131],[-106.067234,28.638335],[-106.067378,28.638568],[-106.067468,28.638821],[-106.0675,28.639085],[-106.067474,28.639349],[-106.067389,28.639604],[-106.067249,28.639839],[-106.067061,28.640046],[-106.06683,28.640216],[-106.066566,28.640343],[-106.066279,28.640422],[-106.06598,28.640451],[-106.06568,28.640427],[-106.065391,28.640352],[-106.065125,28.640229],[-106.064891,28.640063],[-106.064698,28.639859],[-106.064554,28.639626],[-106.064464,28.639373],[-106.064432,28.639109]]]},"properties":{"osm_id":13670288268,"nombre":"Escuela","horarios":"07:00-08:30,12:30-14:30","limite_kmh":20}},{"type":"Feature","geometry":{"type":"Polygon","coordinates":[[[-106.063947,28.640943],[-106.063974,28.640679],[-106.064059,28.640424],[-106.064199,28.640189],[-106.064387,28.639982],[-106.064618,28.639812],[-106.064882,28.639685],[-106.065169,28.639606],[-106.065468,28.639577],[-106.065768,28.639601],[-106.066057,28.639676],[-106.066323,28.639799],[-106.066557,28.639965],[-106.06675,28.640169],[-106.066894,28.640402],[-106.066984,28.640655],[-106.067017,28.640919],[-106.06699,28.641183],[-106.066905,28.641438],[-106.066766,28.641673],[-106.066577,28.64188],[-106.066346,28.64205],[-106.066082,28.642177],[-106.065795,28.642256],[-106.065496,28.642285],[-106.065196,28.642261],[-106.064907,28.642186],[-106.064641,28.642063],[-106.064407,28.641897],[-106.064214,28.641693],[-106.06407,28.64146],[-106.06398,28.641207],[-106.063947,28.640943]]]},"properties":{"osm_id":13670296629,"nombre":"Escuela","horarios":"07:00-08:30,12:30-14:30","limite_kmh":20}},{"type":"Feature","geometry":{"type":"Polygon","coordinates":[[[-106.054649,28.622188],[-106.054676,28.621924],[-106.05476,28.621669],[-106.0549,28.621434],[-106.055089,28.621227],[-106.055319,28.621057],[-106.055583,28.62093],[-106.05587,28.620851],[-106.056169,28.620822],[-106.056469,28.620846],[-106.056758,28.620921],[-106.057024,28.621044],[-106.057258,28.62121],[-106.057451,28.621414],[-106.057595,28.621647],[-106.057685,28.6219],[-106.057717,28.622164],[-106.05769,28.622428],[-106.057606,28.622683],[-106.057466,28.622918],[-106.057277,28.623125],[-106.057047,28.623295],[-106.056783,28.623422],[-106.056496,28.623501],[-106.056197,28.62353],[-106.055897,28.623506],[-106.055608,28.623431],[-106.055342,28.623308],[-106.055108,28.623142],[-106.054915,28.622938],[-106.054771,28.622705],[-106.054681,28.622452],[-106.054649,28.622188]]]},"properties":{"osm_id":13670299988,"nombre":"Escuela","horarios":"07:00-08:30,12:30-14:30","limite_kmh":20}},{"type":"Feature","geometry":{"type":"Polygon","coordinates":[[[-106.061415,28.626074],[-106.061442,28.62581],[-106.061526,28.625555],[-106.061666,28.62532],[-106.061854,28.625113],[-106.062085,28.624943],[-106.062349,28.624816],[-106.062636,28.624737],[-106.062935,28.624708],[-106.063235,28.624732],[-106.063524,28.624807],[-106.06379,28.62493],[-106.064024,28.625096],[-106.064217,28.6253],[-106.064361,28.625533],[-106.064451,28.625786],[-106.064483,28.62605],[-106.064456,28.626314],[-106.064372,28.626569],[-106.064232,28.626804],[-106.064044,28.627011],[-106.063813,28.627181],[-106.063549,28.627308],[-106.063262,28.627387],[-106.062963,28.627416],[-106.062663,28.627392],[-106.062374,28.627317],[-106.062108,28.627194],[-106.061874,28.627028],[-106.061681,28.626824],[-106.061537,28.626591],[-106.061447,28.626338],[-106.061415,28.626074]]]},"properties":{"osm_id":13670322111,"nombre":"Escuela","horarios":"07:00-08:30,12:30-14:30","limite_kmh":20}},{"type":"Feature","geometry":{"type":"Polygon","coordinates":[[[-106.061062,28.62541],[-106.061089,28.625146],[-106.061173,28.624891],[-106.061313,28.624656],[-106.061501,28.624449],[-106.061732,28.624279],[-106.061996,28.624152],[-106.062283,28.624073],[-106.062582,28.624044],[-106.062882,28.624068],[-106.063171,28.624143],[-106.063437,28.624266],[-106.063671,28.624432],[-106.063864,28.624636],[-106.064008,28.624869],[-106.064098,28.625122],[-106.06413,28.625386],[-106.064103,28.62565],[-106.064019,28.625905],[-106.063879,28.62614],[-106.063691,28.626347],[-106.06346,28.626517],[-106.063196,28.626644],[-106.062909,28.626723],[-106.06261,28.626752],[-106.06231,28.626728],[-106.062021,28.626653],[-106.061755,28.62653],[-106.061521,28.626364],[-106.061328,28.62616],[-106.061184,28.625927],[-106.061094,28.625674],[-106.061062,28.62541]]]},"properties":{"osm_id":13670322112,"nombre":"Escuela","horarios":"07:00-08:30,12:30-14:30","limite_kmh":20}},{"type":"Feature","geometry":{"type":"Polygon","coordinates":[[[-106.12199,28.673729],[-106.122017,28.673464],[-106.122101,28.67321],[-106.122241,28.672975],[-106.122429,28.672768],[-106.12266,28.672598],[-106.122924,28.67247],[-106.123211,28.672391],[-106.123511,28.672362],[-106.12381,28.672386],[-106.124099,28.67246],[-106.124366,28.672583],[-106.1246,28.67275],[-106.124793,28.672953],[-106.124938,28.673186],[-106.125028,28.673439],[-106.12506,28.673703],[-106.125033,28.673968],[-106.124949,28.674222],[-106.124809,28.674457],[-106.124621,28.674664],[-106.12439,28.674834],[-106.124126,28.674962],[-106.123839,28.675041],[-106.123539,28.67507],[-106.12324,28.675046],[-106.122951,28.674972],[-106.122684,28.674849],[-106.12245,28.674682],[-106.122257,28.674479],[-106.122112,28.674246],[-106.122022,28.673993],[-106.12199,28.673729]]]},"properties":{"osm_id":13671890487,"nombre":"Escuela","horarios":"07:00-08:30,12:30-14:30","limite_kmh":20}},{"type":"Feature","geometry":{"type":"Polygon","coordinates":[[[-106.106797,28.67562],[-106.106824,28.675355],[-106.106908,28.675101],[-106.107048,28.674865],[-106.107237,28.674659],[-106.107467,28.674488],[-106.107731,28.674361],[-106.108019,28.674282],[-106.108318,28.674253],[-106.108617,28.674277],[-106.108906,28.674352],[-106.109173,28.674474],[-106.109407,28.674641],[-106.1096,28.674844],[-106.109745,28.675077],[-106.109835,28.675331],[-106.109867,28.675594],[-106.10984,28.675859],[-106.109756,28.676113],[-106.109616,28.676349],[-106.109427,28.676555],[-106.109197,28.676726],[-106.108933,28.676853],[-106.108645,28.676932],[-106.108346,28.676961],[-106.108047,28.676937],[-106.107758,28.676862],[-106.107491,28.67674],[-106.107257,28.676573],[-106.107064,28.67637],[-106.106919,28.676137],[-106.106829,28.675883],[-106.106797,28.67562]]]},"properties":{"osm_id":13671906916,"nombre":"Escuela","horarios":"07:00-08:30,12:30-14:30","limite_kmh":20}},{"type":"Feature","geometry":{"type":"Polygon","coordinates":[[[-106.093019,28.599536],[-106.093046,28.599272],[-106.093131,28.599017],[-106.09327,28.598782],[-106.093458,28.598576],[-106.093689,28.598405],[-106.093953,28.598278],[-106.09424,28.598199],[-106.094539,28.59817],[-106.094838,28.598194],[-106.095127,28.598269],[-106.095394,28.598392],[-106.095628,28.598558],[-106.095821,28.598762],[-106.095965,28.598995],[-106.096055,28.599248],[-106.096087,28.599512],[-106.09606,28.599776],[-106.095976,28.600031],[-106.095836,28.600266],[-106.095648,28.600472],[-106.095417,28.600643],[-106.095153,28.60077],[-106.094866,28.600849],[-106.094567,28.600878],[-106.094268,28.600854],[-106.093979,28.600779],[-106.093712,28.600656],[-106.093478,28.60049],[-106.093285,28.600286],[-106.093141,28.600053],[-106.093051,28.5998],[-106.093019,28.599536]]]},"properties":{"osm_id":13672254815,"nombre":"Escuela","horarios":"07:00-08:30,12:30-14:30","limite_kmh":20}},{"type":"Feature","geometry":{"type":"Polygon","coordinates":[[[-106.091903,28.600098],[-106.09193,28.599834],[-106.092015,28.599579],[-106.092154,28.599344],[-106.092342,28.599138],[-106.092573,28.598967],[-106.092837,28.59884],[-106.093124,28.598761],[-106.093423,28.598732],[-106.093722,28.598756],[-106.094011,28.598831],[-106.094278,28.598954],[-106.094512,28.59912],[-106.094705,28.599324],[-106.094849,28.599557],[-106.094939,28.59981],[-106.094971,28.600074],[-106.094944,28.600338],[-106.09486,28.600593],[-106.09472,28.600828],[-106.094532,28.601034],[-106.094301,28.601205],[-106.094037,28.601332],[-106.09375,28.601411],[-106.093451,28.60144],[-106.093151,28.601416],[-106.092863,28.601341],[-106.092596,28.601218],[-106.092362,28.601052],[-106.092169,28.600848],[-106.092025,28.600615],[-106.091935,28.600362],[-106.091903,28.600098]]]},"properties":{"osm_id":13672254816,"nombre":"Escuela","horarios":"07:00-08:30,12:30-14:30","limite_kmh":20}},{"type":"Feature","geometry":{"type":"Polygon","coordinates":[[[-106.09569,28.59607],[-106.095717,28.595806],[-106.095802,28.595551],[-106.095941,28.595316],[-106.096129,28.59511],[-106.09636,28.594939],[-106.096624,28.594812],[-106.096911,28.594733],[-106.09721,28.594704],[-106.097509,28.594728],[-106.097798,28.594803],[-106.098064,28.594926],[-106.098299,28.595092],[-106.098492,28.595296],[-106.098636,28.595528],[-106.098726,28.595782],[-106.098758,28.596046],[-106.098731,28.59631],[-106.098646,28.596565],[-106.098507,28.5968],[-106.098319,28.597006],[-106.098088,28.597177],[-106.097824,28.597304],[-106.097537,28.597383],[-106.097238,28.597412],[-106.096939,28.597388],[-106.09665,28.597313],[-106.096384,28.59719],[-106.096149,28.597024],[-106.095956,28.59682],[-106.095812,28.596588],[-106.095722,28.596334],[-106.09569,28.59607]]]},"properties":{"osm_id":13672318659,"nombre":"Escuela","horarios":"07:00-08:30,12:30-14:30","limite_kmh":20}},{"type":"Feature","geometry":{"type":"Polygon","coordinates":[[[-106.078576,28.627418],[-106.078602,28.627154],[-106.078687,28.626899],[-106.078827,28.626664],[-106.079015,28.626457],[-106.079246,28.626287],[-106.07951,28.62616],[-106.079797,28.626081],[-106.080096,28.626052],[-106.080396,28.626076],[-106.080684,28.626151],[-106.080951,28.626274],[-106.081185,28.62644],[-106.081378,28.626644],[-106.081522,28.626877],[-106.081612,28.62713],[-106.081644,28.627394],[-106.081618,28.627658],[-106.081533,28.627913],[-106.081393,28.628148],[-106.081205,28.628355],[-106.080974,28.628525],[-106.08071,28.628652],[-106.080423,28.628731],[-106.080124,28.62876],[-106.079824,28.628736],[-106.079536,28.628661],[-106.079269,28.628538],[-106.079035,28.628372],[-106.078842,28.628168],[-106.078698,28.627935],[-106.078608,28.627682],[-106.078576,28.627418]]]},"properties":{"osm_id":13672743057,"nombre":"Escuela","horarios":"07:00-08:30,12:30-14:30","limite_kmh":20}},{"type":"Feature","geometry":{"type":"Polygon","coordinates":[[[-106.115662,28.666744],[-106.115689,28.666479],[-106.115773,28.666225],[-106.115913,28.665989],[-106.116102,28.665783],[-106.116332,28.665612],[-106.116596,28.665485],[-106.116883,28.665406],[-106.117183,28.665377],[-106.117482,28.665401],[-106.117771,28.665475],[-106.118038,28.665598],[-106.118272,28.665765],[-106.118465,28.665968],[-106.11861,28.666201],[-106.1187,28.666454],[-106.118732,28.666718],[-106.118705,28.666983],[-106.118621,28.667237],[-106.118481,28.667473],[-106.118292,28.667679],[-106.118062,28.66785],[-106.117798,28.667977],[-106.117511,28.668056],[-106.117211,28.668085],[-106.116912,28.668061],[-106.116623,28.667987],[-106.116356,28.667864],[-106.116122,28.667697],[-106.115929,28.667494],[-106.115784,28.667261],[-106.115694,28.667008],[-106.115662,28.666744]]]},"properties":{"osm_id":13672799102,"nombre":"Escuela","horarios":"07:00-08:30,12:30-14:30","limite_kmh":20}},{"type":"Feature","geometry":{"type":"Polygon","coordinates":[[[-106.121045,28.675422],[-106.121072,28.675157],[-106.121156,28.674903],[-106.121296,28.674668],[-106.121484,28.674461],[-106.121715,28.674291],[-106.121979,28.674163],[-106.122266,28.674084],[-106.122566,28.674055],[-106.122865,28.674079],[-106.123154,28.674153],[-106.123421,28.674276],[-106.123655,28.674443],[-106.123848,28.674646],[-106.123993,28.674879],[-106.124083,28.675132],[-106.124115,28.675396],[-106.124088,28.675661],[-106.124004,28.675915],[-106.123864,28.67615],[-106.123676,28.676357],[-106.123445,28.676527],[-106.123181,28.676655],[-106.122894,28.676734],[-106.122594,28.676763],[-106.122295,28.676739],[-106.122006,28.676665],[-106.121739,28.676542],[-106.121505,28.676375],[-106.121312,28.676172],[-106.121167,28.675939],[-106.121077,28.675686],[-106.121045,28.675422]]]},"properties":{"osm_id":13675774881,"nombre":"Escuela","horarios":"07:00-08:30,12:30-14:30","limite_kmh":20}},{"type":"Feature","geometry":{"type":"Polygon","coordinates":[[[-106.113414,28.666817],[-106.113441,28.666552],[-106.113526,28.666298],[-106.113665,28.666062],[-106.113854,28.665856],[-106.114084,28.665685],[-106.114348,28.665558],[-106.114636,28.665479],[-106.114935,28.66545],[-106.115234,28.665474],[-106.115523,28.665549],[-106.11579,28.665671],[-106.116024,28.665838],[-106.116217,28.666041],[-106.116362,28.666274],[-106.116452,28.666528],[-106.116484,28.666791],[-106.116457,28.667056],[-106.116373,28.66731],[-106.116233,28.667546],[-106.116044,28.667752],[-106.115814,28.667923],[-106.11555,28.66805],[-106.115262,28.668129],[-106.114963,28.668158],[-106.114664,28.668134],[-106.114375,28.668059],[-106.114108,28.667937],[-106.113874,28.66777],[-106.113681,28.667567],[-106.113536,28.667334],[-106.113446,28.66708],[-106.113414,28.666817]]]},"properties":{"osm_id":13676225892,"nombre":"Escuela","horarios":"07:00-08:30,12:30-14:30","limite_kmh":20}},{"type":"Feature","geometry":{"type":"Polygon","coordinates":[[[-106.114969,28.660892],[-106.114996,28.660627],[-106.115081,28.660373],[-106.11522,28.660137],[-106.115409,28.659931],[-106.115639,28.65976],[-106.115903,28.659633],[-106.116191,28.659554],[-106.11649,28.659525],[-106.116789,28.659549],[-106.117078,28.659623],[-106.117345,28.659746],[-106.117579,28.659913],[-106.117772,28.660116],[-106.117916,28.660349],[-106.118006,28.660602],[-106.118039,28.660866],[-106.118012,28.661131],[-106.117927,28.661385],[-106.117788,28.661621],[-106.117599,28.661827],[-106.117369,28.661998],[-106.117105,28.662125],[-106.116817,28.662204],[-106.116518,28.662233],[-106.116219,28.662209],[-106.11593,28.662135],[-106.115663,28.662012],[-106.115429,28.661845],[-106.115236,28.661642],[-106.115092,28.661409],[-106.115002,28.661155],[-106.114969,28.660892]]]},"properties":{"osm_id":13676266069,"nombre":"Escuela","horarios":"07:00-08:30,12:30-14:30","limite_kmh":20}},{"type":"Feature","geometry":{"type":"Polygon","coordinates":[[[-106.071879,28.649175],[-106.071906,28.648911],[-106.071991,28.648656],[-106.07213,28.648421],[-106.072319,28.648214],[-106.07255,28.648044],[-106.072814,28.647917],[-106.073101,28.647838],[-106.0734,28.647809],[-106.0737,28.647833],[-106.073989,28.647908],[-106.074255,28.648031],[-106.074489,28.648197],[-106.074682,28.648401],[-106.074827,28.648634],[-106.074916,28.648887],[-106.074949,28.649151],[-106.074922,28.649415],[-106.074837,28.64967],[-106.074698,28.649905],[-106.074509,28.650112],[-106.074278,28.650282],[-106.074014,28.650409],[-106.073727,28.650488],[-106.073428,28.650517],[-106.073128,28.650493],[-106.072839,28.650418],[-106.072573,28.650295],[-106.072339,28.650129],[-106.072146,28.649925],[-106.072001,28.649692],[-106.071912,28.649439],[-106.071879,28.649175]]]},"properties":{"osm_id":13676337972,"nombre":"Escuela","horarios":"07:00-08:30,12:30-14:30","limite_kmh":20}},{"type":"Feature","geometry":{"type":"Polygon","coordinates":[[[-106.091233,28.702072],[-106.091259,28.701808],[-106.091344,28.701553],[-106.091484,28.701318],[-106.091672,28.701112],[-106.091903,28.700941],[-106.092167,28.700814],[-106.092455,28.700735],[-106.092754,28.700706],[-106.093054,28.70073],[-106.093343,28.700805],[-106.093609,28.700928],[-106.093844,28.701094],[-106.094037,28.701298],[-106.094181,28.70153],[-106.094271,28.701784],[-106.094303,28.702048],[-106.094277,28.702312],[-106.094192,28.702567],[-106.094052,28.702802],[-106.093864,28.703008],[-106.093633,28.703179],[-106.093369,28.703306],[-106.093081,28.703385],[-106.092782,28.703414],[-106.092482,28.70339],[-106.092193,28.703315],[-106.091927,28.703192],[-106.091692,28.703026],[-106.091499,28.702822],[-106.091355,28.702589],[-106.091265,28.702336],[-106.091233,28.702072]]]},"properties":{"osm_id":13679221340,"nombre":"Escuela","horarios":"07:00-08:30,12:30-14:30","limite_kmh":20}},{"type":"Feature","geometry":{"type":"Polygon","coordinates":[[[-105.995435,28.600321],[-105.995462,28.600057],[-105.995547,28.599802],[-105.995686,28.599567],[-105.995875,28.599361],[-105.996106,28.599191],[-105.99637,28.599064],[-105.996657,28.598984],[-105.996956,28.598956],[-105.997256,28.59898],[-105.997544,28.599055],[-105.997811,28.599178],[-105.998045,28.599345],[-105.998237,28.599549],[-105.998381,28.599782],[-105.998471,28.600035],[-105.998503,28.600299],[-105.998476,28.600563],[-105.998391,28.600818],[-105.998252,28.601053],[-105.998063,28.601259],[-105.997832,28.601429],[-105.997568,28.601556],[-105.997281,28.601636],[-105.996982,28.601664],[-105.996682,28.60164],[-105.996394,28.601565],[-105.996127,28.601442],[-105.995893,28.601275],[-105.995701,28.601071],[-105.995557,28.600838],[-105.995467,28.600585],[-105.995435,28.600321]]]},"properties":{"osm_id":13679687673,"nombre":"Escuela","horarios":"07:00-08:30,12:30-14:30","limite_kmh":20}},{"type":"Feature","geometry":{"type":"Polygon","coordinates":[[[-106.044332,28.638543],[-106.044358,28.638279],[-106.044443,28.638024],[-106.044583,28.637789],[-106.044771,28.637582],[-106.045002,28.637412],[-106.045266,28.637285],[-106.045553,28.637206],[-106.045853,28.637177],[-106.046152,28.637201],[-106.046441,28.637276],[-106.046707,28.637399],[-106.046942,28.637565],[-106.047134,28.637769],[-106.047279,28.638002],[-106.047368,28.638255],[-106.0474,28.638519],[-106.047374,28.638783],[-106.047289,28.639038],[-106.047149,28.639273],[-106.046961,28.63948],[-106.04673,28.63965],[-106.046466,28.639777],[-106.046179,28.639856],[-106.045879,28.639885],[-106.04558,28.639861],[-106.045291,28.639786],[-106.045025,28.639663],[-106.04479,28.639497],[-106.044598,28.639293],[-106.044453,28.63906],[-106.044364,28.638807],[-106.044332,28.638543]]]},"properties":{"osm_id":13679711718,"nombre":"Escuela","horarios":"07:00-08:30,12:30-14:30","limite_kmh":20}},{"type":"Feature","geometry":{"type":"Polygon","coordinates":[[[-106.027076,28.575402],[-106.027103,28.575137],[-106.027188,28.574883],[-106.027328,28.574648],[-106.027516,28.574441],[-106.027747,28.574271],[-106.028011,28.574144],[-106.028298,28.574065],[-106.028597,28.574036],[-106.028896,28.57406],[-106.029185,28.574135],[-106.029451,28.574258],[-106.029685,28.574425],[-106.029878,28.574628],[-106.030022,28.574861],[-106.030112,28.575114],[-106.030144,28.575378],[-106.030117,28.575643],[-106.030032,28.575897],[-106.029892,28.576132],[-106.029704,28.576339],[-106.029473,28.576509],[-106.029209,28.576636],[-106.028922,28.576715],[-106.028623,28.576744],[-106.028324,28.57672],[-106.028035,28.576645],[-106.027769,28.576522],[-106.027535,28.576355],[-106.027342,28.576152],[-106.027198,28.575919],[-106.027108,28.575666],[-106.027076,28.575402]]]},"properties":{"osm_id":13680154970,"nombre":"Escuela","horarios":"07:00-08:30,12:30-14:30","limite_kmh":20}},{"type":"Feature","geometry":{"type":"Polygon","coordinates":[[[-106.082006,28.595695],[-106.082033,28.595431],[-106.082118,28.595176],[-106.082257,28.594941],[-106.082446,28.594734],[-106.082676,28.594564],[-106.08294,28.594437],[-106.083227,28.594358],[-106.083526,28.594329],[-106.083826,28.594353],[-106.084114,28.594428],[-106.084381,28.594551],[-106.084615,28.594717],[-106.084808,28.594921],[-106.084952,28.595154],[-106.085042,28.595407],[-106.085074,28.595671],[-106.085047,28.595935],[-106.084962,28.59619],[-106.084823,28.596425],[-106.084634,28.596632],[-106.084404,28.596802],[-106.08414,28.596929],[-106.083853,28.597008],[-106.083554,28.597037],[-106.083254,28.597013],[-106.082966,28.596938],[-106.082699,28.596815],[-106.082465,28.596649],[-106.082272,28.596445],[-106.082128,28.596212],[-106.082038,28.595959],[-106.082006,28.595695]]]},"properties":{"osm_id":13680306176,"nombre":"Escuela","horarios":"07:00-08:30,12:30-14:30","limite_kmh":20}},{"type":"Feature","geometry":{"type":"Polygon","coordinates":[[[-105.993918,28.602642],[-105.993945,28.602378],[-105.99403,28.602123],[-105.994169,28.601888],[-105.994358,28.601682],[-105.994589,28.601512],[-105.994853,28.601385],[-105.99514,28.601305],[-105.995439,28.601277],[-105.995739,28.601301],[-105.996027,28.601376],[-105.996294,28.601499],[-105.996528,28.601666],[-105.99672,28.60187],[-105.996864,28.602103],[-105.996954,28.602356],[-105.996986,28.60262],[-105.996959,28.602884],[-105.996874,28.603139],[-105.996735,28.603374],[-105.996546,28.60358],[-105.996315,28.60375],[-105.996051,28.603877],[-105.995764,28.603957],[-105.995465,28.603985],[-105.995165,28.603961],[-105.994877,28.603886],[-105.99461,28.603763],[-105.994376,28.603596],[-105.994184,28.603392],[-105.99404,28.603159],[-105.99395,28.602906],[-105.993918,28.602642]]]},"properties":{"osm_id":13680350287,"nombre":"Escuela","horarios":"07:00-08:30,12:30-14:30","limite_kmh":20}},{"type":"Feature","geometry":{"type":"Polygon","coordinates":[[[-106.101272,28.603995],[-106.101299,28.603731],[-106.101383,28.603476],[-106.101523,28.603241],[-106.101711,28.603035],[-106.101942,28.602864],[-106.102206,28.602737],[-106.102493,28.602658],[-106.102792,28.602629],[-106.103091,28.602653],[-106.10338,28.602728],[-106.103646,28.60285],[-106.103881,28.603017],[-106.104074,28.603221],[-106.104218,28.603453],[-106.104308,28.603707],[-106.10434,28.603971],[-106.104313,28.604235],[-106.104229,28.60449],[-106.104089,28.604725],[-106.103901,28.604931],[-106.10367,28.605102],[-106.103406,28.605229],[-106.103119,28.605308],[-106.10282,28.605337],[-106.102521,28.605313],[-106.102232,28.605238],[-106.101966,28.605116],[-106.101731,28.604949],[-106.101538,28.604745],[-106.101394,28.604513],[-106.101304,28.604259],[-106.101272,28.603995]]]},"properties":{"osm_id":13680376021,"nombre":"Escuela","horarios":"07:00-08:30,12:30-14:30","limite_kmh":20}},{"type":"Feature","geometry":{"type":"Polygon","coordinates":[[[-106.003575,28.614832],[-106.003602,28.614568],[-106.003687,28.614313],[-106.003826,28.614078],[-106.004015,28.613872],[-106.004246,28.613702],[-106.00451,28.613575],[-106.004797,28.613495],[-106.005096,28.613467],[-106.005396,28.613491],[-106.005684,28.613566],[-106.005951,28.613689],[-106.006185,28.613856],[-106.006377,28.614059],[-106.006521,28.614292],[-106.006611,28.614546],[-106.006643,28.61481],[-106.006616,28.615074],[-106.006531,28.615329],[-106.006392,28.615564],[-106.006203,28.61577],[-106.005972,28.61594],[-106.005708,28.616067],[-106.005421,28.616147],[-106.005122,28.616175],[-106.004822,28.616151],[-106.004534,28.616076],[-106.004267,28.615953],[-106.004033,28.615786],[-106.003841,28.615583],[-106.003697,28.61535],[-106.003607,28.615096],[-106.003575,28.614832]]]},"properties":{"osm_id":13680442038,"nombre":"Escuela","horarios":"07:00-08:30,12:30-14:30","limite_kmh":20}},{"type":"Feature","geometry":{"type":"Polygon","coordinates":[[[-106.067396,28.614458],[-106.067423,28.614194],[-106.067507,28.613939],[-106.067647,28.613704],[-106.067836,28.613497],[-106.068066,28.613327],[-106.06833,28.6132],[-106.068617,28.613121],[-106.068916,28.613092],[-106.069216,28.613116],[-106.069504,28.613191],[-106.069771,28.613314],[-106.070005,28.61348],[-106.070198,28.613684],[-106.070342,28.613917],[-106.070432,28.61417],[-106.070464,28.614434],[-106.070437,28.614698],[-106.070353,28.614953],[-106.070213,28.615188],[-106.070024,28.615395],[-106.069794,28.615565],[-106.06953,28.615692],[-106.069243,28.615771],[-106.068944,28.6158],[-106.068644,28.615776],[-106.068356,28.615701],[-106.068089,28.615578],[-106.067855,28.615412],[-106.067662,28.615208],[-106.067518,28.614975],[-106.067428,28.614722],[-106.067396,28.614458]]]},"properties":{"osm_id":13680491264,"nombre":"Escuela","horarios":"07:00-08:30,12:30-14:30","limite_kmh":20}},{"type":"Feature","geometry":{"type":"Polygon","coordinates":[[[-106.035114,28.637493],[-106.03514,28.637228],[-106.035225,28.636974],[-106.035365,28.636739],[-106.035554,28.636532],[-106.035784,28.636362],[-106.036048,28.636235],[-106.036336,28.636156],[-106.036635,28.636127],[-106.036934,28.636151],[-106.037223,28.636226],[-106.037489,28.636349],[-106.037724,28.636515],[-106.037916,28.636719],[-106.038061,28.636952],[-106.03815,28.637205],[-106.038182,28.637469],[-106.038156,28.637734],[-106.038071,28.637988],[-106.037931,28.638223],[-106.037742,28.63843],[-106.037512,28.6386],[-106.037248,28.638727],[-106.03696,28.638806],[-106.036661,28.638835],[-106.036362,28.638811],[-106.036073,28.638736],[-106.035807,28.638613],[-106.035572,28.638447],[-106.03538,28.638243],[-106.035235,28.63801],[-106.035146,28.637757],[-106.035114,28.637493]]]},"properties":{"osm_id":13714767091,"nombre":"Escuela","horarios":"07:00-08:30,12:30-14:30","limite_kmh":20}},{"type":"Feature","geometry":{"type":"Polygon","coordinates":[[[-105.982747,28.648305],[-105.982774,28.648041],[-105.982859,28.647786],[-105.982999,28.647551],[-105.983188,28.647345],[-105.983419,28.647175],[-105.983683,28.647048],[-105.98397,28.646968],[-105.984269,28.64694],[-105.984569,28.646964],[-105.984858,28.647039],[-105.985124,28.647162],[-105.985358,28.647329],[-105.985551,28.647533],[-105.985695,28.647766],[-105.985785,28.648019],[-105.985817,28.648283],[-105.98579,28.648547],[-105.985705,28.648802],[-105.985565,28.649037],[-105.985376,28.649243],[-105.985145,28.649413],[-105.984881,28.64954],[-105.984594,28.64962],[-105.984295,28.649648],[-105.983995,28.649624],[-105.983706,28.649549],[-105.98344,28.649426],[-105.983206,28.649259],[-105.983013,28.649055],[-105.982869,28.648822],[-105.982779,28.648569],[-105.982747,28.648305]]]},"properties":{"osm_id":13716886878,"nombre":"Escuela","horarios":"07:00-08:30,12:30-14:30","limite_kmh":20}},{"type":"Feature","geometry":{"type":"Polygon","coordinates":[[[-106.000322,28.649968],[-106.000349,28.649704],[-106.000434,28.649449],[-106.000574,28.649214],[-106.000763,28.649008],[-106.000994,28.648838],[-106.001258,28.648711],[-106.001545,28.648631],[-106.001844,28.648603],[-106.002144,28.648627],[-106.002432,28.648702],[-106.002699,28.648825],[-106.002933,28.648992],[-106.003126,28.649195],[-106.00327,28.649428],[-106.00336,28.649682],[-106.003392,28.649946],[-106.003365,28.65021],[-106.00328,28.650465],[-106.00314,28.6507],[-106.002951,28.650906],[-106.00272,28.651076],[-106.002456,28.651203],[-106.002169,28.651283],[-106.00187,28.651311],[-106.00157,28.651287],[-106.001282,28.651212],[-106.001015,28.651089],[-106.000781,28.650922],[-106.000588,28.650719],[-106.000444,28.650486],[-106.000354,28.650232],[-106.000322,28.649968]]]},"properties":{"osm_id":13717285391,"nombre":"Escuela","horarios":"07:00-08:30,12:30-14:30","limite_kmh":20}},{"type":"Feature","geometry":{"type":"Polygon","coordinates":[[[-106.015782,28.667306],[-106.015809,28.667041],[-106.015894,28.666787],[-106.016034,28.666551],[-106.016222,28.666345],[-106.016453,28.666175],[-106.016718,28.666048],[-106.017005,28.665969],[-106.017304,28.66594],[-106.017604,28.665964],[-106.017892,28.666039],[-106.018159,28.666162],[-106.018393,28.666329],[-106.018586,28.666532],[-106.01873,28.666765],[-106.01882,28.667019],[-106.018852,28.667282],[-106.018825,28.667547],[-106.01874,28.667801],[-106.018601,28.668037],[-106.018412,28.668243],[-106.018181,28.668413],[-106.017916,28.66854],[-106.017629,28.668619],[-106.01733,28.668648],[-106.01703,28.668624],[-106.016742,28.668549],[-106.016475,28.668426],[-106.016241,28.668259],[-106.016048,28.668056],[-106.015904,28.667823],[-106.015814,28.667569],[-106.015782,28.667306]]]},"properties":{"osm_id":13717289964,"nombre":"Escuela","horarios":"07:00-08:30,12:30-14:30","limite_kmh":20}},{"type":"Feature","geometry":{"type":"Polygon","coordinates":[[[-106.147081,28.64476],[-106.147108,28.644496],[-106.147193,28.644241],[-106.147332,28.644006],[-106.147521,28.643799],[-106.147751,28.643629],[-106.148015,28.643501],[-106.148302,28.643422],[-106.148601,28.643393],[-106.148901,28.643417],[-106.14919,28.643491],[-106.149456,28.643614],[-106.149691,28.643781],[-106.149884,28.643984],[-106.150028,28.644217],[-106.150118,28.64447],[-106.150151,28.644734],[-106.150124,28.644998],[-106.150039,28.645253],[-106.1499,28.645488],[-106.149712,28.645695],[-106.149481,28.645865],[-106.149217,28.645993],[-106.14893,28.646072],[-106.148631,28.646101],[-106.148331,28.646077],[-106.148042,28.646003],[-106.147776,28.64588],[-106.147541,28.645713],[-106.147348,28.64551],[-106.147204,28.645277],[-106.147114,28.645024],[-106.147081,28.64476]]]},"properties":{"osm_id":13721958729,"nombre":"Escuela","horarios":"07:00-08:30,12:30-14:30","limite_kmh":20}},{"type":"Feature","geometry":{"type":"Polygon","coordinates":[[[-106.090145,28.714741],[-106.090172,28.714477],[-106.090257,28.714222],[-106.090396,28.713987],[-106.090585,28.713781],[-106.090816,28.71361],[-106.09108,28.713483],[-106.091368,28.713404],[-106.091667,28.713375],[-106.091967,28.713399],[-106.092256,28.713474],[-106.092522,28.713597],[-106.092757,28.713763],[-106.09295,28.713967],[-106.093094,28.7142],[-106.093184,28.714453],[-106.093217,28.714717],[-106.09319,28.714981],[-106.093105,28.715236],[-106.092966,28.715471],[-106.092777,28.715677],[-106.092546,28.715848],[-106.092282,28.715975],[-106.091994,28.716054],[-106.091695,28.716083],[-106.091395,28.716059],[-106.091106,28.715984],[-106.09084,28.715861],[-106.090605,28.715695],[-106.090412,28.715491],[-106.090268,28.715258],[-106.090178,28.715005],[-106.090145,28.714741]]]},"properties":{"osm_id":13730387686,"nombre":"Escuela","horarios":"07:00-08:30,12:30-14:30","limite_kmh":20}},{"type":"Feature","geometry":{"type":"Polygon","coordinates":[[[-106.152018,28.650201],[-106.152045,28.649937],[-106.15213,28.649682],[-106.152269,28.649447],[-106.152457,28.64924],[-106.152688,28.64907],[-106.152952,28.648942],[-106.153239,28.648863],[-106.153538,28.648834],[-106.153838,28.648858],[-106.154127,28.648932],[-106.154393,28.649055],[-106.154628,28.649222],[-106.154821,28.649425],[-106.154965,28.649658],[-106.155055,28.649911],[-106.155088,28.650175],[-106.155061,28.650439],[-106.154976,28.650694],[-106.154837,28.650929],[-106.154649,28.651136],[-106.154418,28.651306],[-106.154154,28.651434],[-106.153867,28.651513],[-106.153568,28.651542],[-106.153268,28.651518],[-106.152979,28.651444],[-106.152713,28.651321],[-106.152478,28.651154],[-106.152285,28.650951],[-106.152141,28.650718],[-106.152051,28.650465],[-106.152018,28.650201]]]},"properties":{"osm_id":13735488062,"nombre":"Escuela","horarios":"07:00-08:30,12:30-14:30","limite_kmh":20}},{"type":"Feature","geometry":{"type":"Polygon","coordinates":[[[-106.085654,28.695792],[-106.08568,28.695528],[-106.085765,28.695273],[-106.085905,28.695038],[-106.086094,28.694831],[-106.086324,28.694661],[-106.086589,28.694534],[-106.086876,28.694455],[-106.087175,28.694426],[-106.087475,28.69445],[-106.087764,28.694525],[-106.08803,28.694648],[-106.088265,28.694814],[-106.088458,28.695018],[-106.088602,28.695251],[-106.088692,28.695504],[-106.088724,28.695768],[-106.088698,28.696032],[-106.088613,28.696287],[-106.088473,28.696522],[-106.088285,28.696728],[-106.088054,28.696899],[-106.087789,28.697026],[-106.087502,28.697105],[-106.087203,28.697134],[-106.086903,28.69711],[-106.086614,28.697035],[-106.086348,28.696912],[-106.086113,28.696746],[-106.08592,28.696542],[-106.085776,28.696309],[-106.085686,28.696056],[-106.085654,28.695792]]]},"properties":{"osm_id":13772774129,"nombre":"Escuela","horarios":"07:00-08:30,12:30-14:30","limite_kmh":20}},{"type":"Feature","geometry":{"type":"Polygon","coordinates":[[[-106.125009,28.689625],[-106.125035,28.68936],[-106.12512,28.689106],[-106.12526,28.688871],[-106.125448,28.688664],[-106.125679,28.688494],[-106.125943,28.688366],[-106.12623,28.688287],[-106.12653,28.688258],[-106.126829,28.688282],[-106.127118,28.688356],[-106.127385,28.688479],[-106.127619,28.688646],[-106.127812,28.688849],[-106.127957,28.689082],[-106.128047,28.689335],[-106.128079,28.689599],[-106.128053,28.689864],[-106.127968,28.690118],[-106.127829,28.690353],[-106.12764,28.69056],[-106.127409,28.69073],[-106.127145,28.690858],[-106.126858,28.690937],[-106.126558,28.690966],[-106.126259,28.690942],[-106.12597,28.690868],[-106.125703,28.690745],[-106.125469,28.690578],[-106.125276,28.690375],[-106.125131,28.690142],[-106.125041,28.689889],[-106.125009,28.689625]]]},"properties":{"osm_id":13772791491,"nombre":"Escuela","horarios":"07:00-08:30,12:30-14:30","limite_kmh":20}},{"type":"Feature","geometry":{"type":"Polygon","coordinates":[[[-106.103235,28.742944],[-106.103262,28.742679],[-106.103347,28.742425],[-106.103486,28.742189],[-106.103675,28.741983],[-106.103906,28.741812],[-106.10417,28.741685],[-106.104457,28.741606],[-106.104757,28.741577],[-106.105057,28.741601],[-106.105346,28.741676],[-106.105612,28.741798],[-106.105847,28.741965],[-106.10604,28.742168],[-106.106185,28.742401],[-106.106275,28.742655],[-106.106307,28.742918],[-106.10628,28.743183],[-106.106196,28.743437],[-106.106056,28.743673],[-106.105867,28.743879],[-106.105636,28.74405],[-106.105372,28.744177],[-106.105085,28.744256],[-106.104785,28.744285],[-106.104485,28.744261],[-106.104196,28.744186],[-106.103929,28.744064],[-106.103695,28.743897],[-106.103502,28.743694],[-106.103357,28.743461],[-106.103267,28.743207],[-106.103235,28.742944]]]},"properties":{"osm_id":13772858057,"nombre":"Escuela","horarios":"07:00-08:30,12:30-14:30","limite_kmh":20}},{"type":"Feature","geometry":{"type":"Polygon","coordinates":[[[-106.103661,28.743239],[-106.103688,28.742974],[-106.103772,28.74272],[-106.103912,28.742484],[-106.104101,28.742278],[-106.104332,28.742107],[-106.104596,28.74198],[-106.104883,28.741901],[-106.105183,28.741872],[-106.105483,28.741896],[-106.105772,28.741971],[-106.106038,28.742093],[-106.106273,28.74226],[-106.106466,28.742463],[-106.106611,28.742696],[-106.106701,28.74295],[-106.106733,28.743213],[-106.106706,28.743478],[-106.106622,28.743732],[-106.106482,28.743968],[-106.106293,28.744174],[-106.106062,28.744345],[-106.105798,28.744472],[-106.105511,28.744551],[-106.105211,28.74458],[-106.104911,28.744556],[-106.104622,28.744481],[-106.104355,28.744359],[-106.104121,28.744192],[-106.103928,28.743989],[-106.103783,28.743756],[-106.103693,28.743502],[-106.103661,28.743239]]]},"properties":{"osm_id":13772858058,"nombre":"Escuela","horarios":"07:00-08:30,12:30-14:30","limite_kmh":20}},{"type":"Feature","geometry":{"type":"Polygon","coordinates":[[[-106.030429,28.592465],[-106.030456,28.5922],[-106.030541,28.591946],[-106.03068,28.591711],[-106.030869,28.591504],[-106.0311,28.591334],[-106.031364,28.591207],[-106.031651,28.591128],[-106.03195,28.591099],[-106.032249,28.591123],[-106.032538,28.591198],[-106.032804,28.591321],[-106.033038,28.591487],[-106.033231,28.591691],[-106.033375,28.591924],[-106.033465,28.592177],[-106.033497,28.592441],[-106.03347,28.592706],[-106.033385,28.59296],[-106.033246,28.593195],[-106.033057,28.593402],[-106.032826,28.593572],[-106.032562,28.593699],[-106.032275,28.593778],[-106.031976,28.593807],[-106.031677,28.593783],[-106.031388,28.593708],[-106.031122,28.593585],[-106.030888,28.593418],[-106.030695,28.593215],[-106.030551,28.592982],[-106.030461,28.592729],[-106.030429,28.592465]]]},"properties":{"osm_id":13775493629,"nombre":"Escuela","horarios":"07:00-08:30,12:30-14:30","limite_kmh":20}},{"type":"Feature","geometry":{"type":"Polygon","coordinates":[[[-106.036397,28.580235],[-106.036424,28.57997],[-106.036509,28.579716],[-106.036648,28.579481],[-106.036837,28.579274],[-106.037068,28.579104],[-106.037332,28.578977],[-106.037619,28.578898],[-106.037918,28.578869],[-106.038217,28.578893],[-106.038506,28.578968],[-106.038772,28.579091],[-106.039006,28.579257],[-106.039199,28.579461],[-106.039343,28.579694],[-106.039433,28.579947],[-106.039465,28.580211],[-106.039438,28.580476],[-106.039353,28.58073],[-106.039214,28.580965],[-106.039025,28.581172],[-106.038794,28.581342],[-106.03853,28.581469],[-106.038243,28.581548],[-106.037944,28.581577],[-106.037645,28.581553],[-106.037356,28.581478],[-106.03709,28.581355],[-106.036856,28.581189],[-106.036663,28.580985],[-106.036519,28.580752],[-106.036429,28.580499],[-106.036397,28.580235]]]},"properties":{"osm_id":13775619852,"nombre":"Escuela","horarios":"07:00-08:30,12:30-14:30","limite_kmh":20}},{"type":"Feature","geometry":{"type":"Polygon","coordinates":[[[-106.034647,28.579434],[-106.034674,28.579169],[-106.034759,28.578915],[-106.034898,28.57868],[-106.035087,28.578473],[-106.035318,28.578303],[-106.035582,28.578176],[-106.035869,28.578097],[-106.036168,28.578068],[-106.036467,28.578092],[-106.036756,28.578167],[-106.037022,28.57829],[-106.037256,28.578456],[-106.037449,28.57866],[-106.037593,28.578893],[-106.037683,28.579146],[-106.037715,28.57941],[-106.037688,28.579675],[-106.037603,28.579929],[-106.037464,28.580164],[-106.037275,28.580371],[-106.037044,28.580541],[-106.03678,28.580668],[-106.036493,28.580747],[-106.036194,28.580776],[-106.035895,28.580752],[-106.035606,28.580677],[-106.03534,28.580554],[-106.035106,28.580388],[-106.034913,28.580184],[-106.034769,28.579951],[-106.034679,28.579698],[-106.034647,28.579434]]]},"properties":{"osm_id":13775619861,"nombre":"Escuela","horarios":"07:00-08:30,12:30-14:30","limite_kmh":20}},{"type":"Feature","geometry":{"type":"Polygon","coordinates":[[[-106.011676,28.661557],[-106.011703,28.661293],[-106.011788,28.661039],[-106.011928,28.660803],[-106.012117,28.660597],[-106.012347,28.660427],[-106.012612,28.6603],[-106.012899,28.660221],[-106.013198,28.660192],[-106.013498,28.660216],[-106.013786,28.660291],[-106.014053,28.660414],[-106.014287,28.660581],[-106.01448,28.660784],[-106.014624,28.661017],[-106.014714,28.661271],[-106.014746,28.661535],[-106.014719,28.661799],[-106.014634,28.662053],[-106.014494,28.662289],[-106.014306,28.662495],[-106.014075,28.662665],[-106.01381,28.662792],[-106.013523,28.662871],[-106.013224,28.6629],[-106.012924,28.662876],[-106.012636,28.662801],[-106.012369,28.662678],[-106.012135,28.662511],[-106.011942,28.662308],[-106.011798,28.662075],[-106.011708,28.661821],[-106.011676,28.661557]]]},"properties":{"osm_id":13775844228,"nombre":"Escuela","horarios":"07:00-08:30,12:30-14:30","limite_kmh":20}},{"type":"Feature","geometry":{"type":"Polygon","coordinates":[[[-106.009921,28.609779],[-106.009948,28.609515],[-106.010033,28.609261],[-106.010172,28.609025],[-106.010361,28.608819],[-106.010592,28.608649],[-106.010856,28.608522],[-106.011143,28.608442],[-106.011442,28.608414],[-106.011742,28.608438],[-106.01203,28.608513],[-106.012296,28.608636],[-106.012531,28.608803],[-106.012723,28.609006],[-106.012867,28.609239],[-106.012957,28.609493],[-106.012989,28.609757],[-106.012962,28.610021],[-106.012877,28.610275],[-106.012738,28.610511],[-106.012549,28.610717],[-106.012318,28.610887],[-106.012054,28.611014],[-106.011767,28.611094],[-106.011468,28.611122],[-106.011168,28.611098],[-106.01088,28.611023],[-106.010613,28.6109],[-106.010379,28.610733],[-106.010187,28.61053],[-106.010043,28.610297],[-106.009953,28.610043],[-106.009921,28.609779]]]},"properties":{"osm_id":13777571967,"nombre":"Escuela","horarios":"07:00-08:30,12:30-14:30","limite_kmh":20}},{"type":"Feature","geometry":{"type":"Polygon","coordinates":[[[-106.03492,28.611839],[-106.034947,28.611574],[-106.035032,28.61132],[-106.035171,28.611085],[-106.03536,28.610878],[-106.035591,28.610708],[-106.035855,28.610581],[-106.036142,28.610502],[-106.036441,28.610473],[-106.03674,28.610497],[-106.037029,28.610572],[-106.037295,28.610695],[-106.037529,28.610861],[-106.037722,28.611065],[-106.037866,28.611298],[-106.037956,28.611551],[-106.037988,28.611815],[-106.037961,28.61208],[-106.037876,28.612334],[-106.037737,28.612569],[-106.037548,28.612776],[-106.037317,28.612946],[-106.037053,28.613073],[-106.036766,28.613152],[-106.036467,28.613181],[-106.036168,28.613157],[-106.035879,28.613082],[-106.035613,28.612959],[-106.035379,28.612793],[-106.035186,28.612589],[-106.035042,28.612356],[-106.034952,28.612103],[-106.03492,28.611839]]]},"properties":{"osm_id":13777571968,"nombre":"Escuela","horarios":"07:00-08:30,12:30-14:30","limite_kmh":20}},{"type":"Feature","geometry":{"type":"Polygon","coordinates":[[[-106.055118,28.655266],[-106.055145,28.655002],[-106.05523,28.654747],[-106.055369,28.654512],[-106.055558,28.654305],[-106.055789,28.654135],[-106.056053,28.654008],[-106.05634,28.653929],[-106.056639,28.6539],[-106.056939,28.653924],[-106.057228,28.653999],[-106.057494,28.654122],[-106.057729,28.654288],[-106.057922,28.654492],[-106.058066,28.654725],[-106.058156,28.654978],[-106.058188,28.655242],[-106.058161,28.655506],[-106.058076,28.655761],[-106.057937,28.655996],[-106.057748,28.656203],[-106.057517,28.656373],[-106.057253,28.6565],[-106.056966,28.656579],[-106.056667,28.656608],[-106.056367,28.656584],[-106.056078,28.656509],[-106.055812,28.656386],[-106.055577,28.65622],[-106.055384,28.656016],[-106.05524,28.655783],[-106.05515,28.65553],[-106.055118,28.655266]]]},"properties":{"osm_id":13777571969,"nombre":"Escuela","horarios":"07:00-08:30,12:30-14:30","limite_kmh":20}},{"type":"Feature","geometry":{"type":"Polygon","coordinates":[[[-106.059642,28.650756],[-106.059669,28.650492],[-106.059754,28.650237],[-106.059893,28.650002],[-106.060082,28.649795],[-106.060313,28.649625],[-106.060577,28.649498],[-106.060864,28.649419],[-106.061163,28.64939],[-106.061463,28.649414],[-106.061752,28.649489],[-106.062018,28.649612],[-106.062253,28.649778],[-106.062445,28.649982],[-106.06259,28.650215],[-106.062679,28.650468],[-106.062712,28.650732],[-106.062685,28.650996],[-106.0626,28.651251],[-106.062461,28.651486],[-106.062272,28.651693],[-106.062041,28.651863],[-106.061777,28.65199],[-106.06149,28.652069],[-106.061191,28.652098],[-106.060891,28.652074],[-106.060602,28.651999],[-106.060336,28.651876],[-106.060101,28.65171],[-106.059909,28.651506],[-106.059764,28.651273],[-106.059674,28.65102],[-106.059642,28.650756]]]},"properties":{"osm_id":13777660834,"nombre":"Escuela","horarios":"07:00-08:30,12:30-14:30","limite_kmh":20}},{"type":"Feature","geometry":{"type":"Polygon","coordinates":[[[-106.040398,28.626784],[-106.040425,28.626519],[-106.040509,28.626265],[-106.040649,28.62603],[-106.040838,28.625823],[-106.041068,28.625653],[-106.041333,28.625526],[-106.04162,28.625447],[-106.041919,28.625418],[-106.042218,28.625442],[-106.042507,28.625517],[-106.042773,28.62564],[-106.043007,28.625806],[-106.0432,28.62601],[-106.043344,28.626243],[-106.043434,28.626496],[-106.043466,28.62676],[-106.043439,28.627025],[-106.043355,28.627279],[-106.043215,28.627514],[-106.043026,28.627721],[-106.042796,28.627891],[-106.042532,28.628018],[-106.042244,28.628097],[-106.041945,28.628126],[-106.041646,28.628102],[-106.041357,28.628027],[-106.041091,28.627904],[-106.040857,28.627738],[-106.040664,28.627534],[-106.04052,28.627301],[-106.04043,28.627048],[-106.040398,28.626784]]]},"properties":{"osm_id":13777752888,"nombre":"Escuela","horarios":"07:00-08:30,12:30-14:30","limite_kmh":20}},{"type":"Feature","geometry":{"type":"Polygon","coordinates":[[[-106.042125,28.620279],[-106.042152,28.620014],[-106.042236,28.61976],[-106.042376,28.619525],[-106.042565,28.619318],[-106.042796,28.619148],[-106.04306,28.619021],[-106.043347,28.618942],[-106.043646,28.618913],[-106.043945,28.618937],[-106.044234,28.619012],[-106.0445,28.619135],[-106.044734,28.619301],[-106.044927,28.619505],[-106.045071,28.619738],[-106.045161,28.619991],[-106.045193,28.620255],[-106.045166,28.62052],[-106.045082,28.620774],[-106.044942,28.621009],[-106.044753,28.621216],[-106.044523,28.621386],[-106.044258,28.621513],[-106.043971,28.621592],[-106.043672,28.621621],[-106.043373,28.621597],[-106.043084,28.621522],[-106.042818,28.621399],[-106.042584,28.621233],[-106.042391,28.621029],[-106.042247,28.620796],[-106.042157,28.620543],[-106.042125,28.620279]]]},"properties":{"osm_id":13778005067,"nombre":"Escuela","horarios":"07:00-08:30,12:30-14:30","limite_kmh":20}},{"type":"Feature","geometry":{"type":"Polygon","coordinates":[[[-106.01603,28.593825],[-106.016057,28.593561],[-106.016142,28.593307],[-106.016281,28.593071],[-106.01647,28.592865],[-106.016701,28.592695],[-106.016965,28.592568],[-106.017252,28.592488],[-106.017551,28.59246],[-106.01785,28.592484],[-106.018139,28.592559],[-106.018405,28.592682],[-106.018639,28.592849],[-106.018832,28.593052],[-106.018976,28.593285],[-106.019066,28.593539],[-106.019098,28.593802],[-106.019071,28.594067],[-106.018986,28.594321],[-106.018847,28.594557],[-106.018658,28.594763],[-106.018427,28.594933],[-106.018163,28.59506],[-106.017876,28.59514],[-106.017577,28.595168],[-106.017278,28.595144],[-106.016989,28.595069],[-106.016723,28.594946],[-106.016489,28.594779],[-106.016296,28.594576],[-106.016152,28.594343],[-106.016062,28.594089],[-106.01603,28.593825]]]},"properties":{"osm_id":13778183308,"nombre":"Escuela","horarios":"07:00-08:30,12:30-14:30","limite_kmh":20}},{"type":"Feature","geometry":{"type":"Polygon","coordinates":[[[-106.015039,28.647484],[-106.015066,28.647219],[-106.015151,28.646965],[-106.015291,28.646729],[-106.01548,28.646523],[-106.015711,28.646353],[-106.015975,28.646226],[-106.016262,28.646147],[-106.016561,28.646118],[-106.016861,28.646142],[-106.017149,28.646217],[-106.017416,28.64634],[-106.01765,28.646507],[-106.017843,28.64671],[-106.017987,28.646943],[-106.018077,28.647197],[-106.018109,28.64746],[-106.018082,28.647725],[-106.017997,28.647979],[-106.017857,28.648215],[-106.017668,28.648421],[-106.017437,28.648591],[-106.017173,28.648718],[-106.016886,28.648797],[-106.016587,28.648826],[-106.016287,28.648802],[-106.015999,28.648727],[-106.015732,28.648604],[-106.015498,28.648437],[-106.015305,28.648234],[-106.015161,28.648001],[-106.015071,28.647747],[-106.015039,28.647484]]]},"properties":{"osm_id":13782592728,"nombre":"Escuela","horarios":"07:00-08:30,12:30-14:30","limite_kmh":20}},{"type":"Feature","geometry":{"type":"Polygon","coordinates":[[[-105.953915,28.660339],[-105.953942,28.660075],[-105.954027,28.65982],[-105.954167,28.659585],[-105.954356,28.659378],[-105.954587,28.659208],[-105.954851,28.659081],[-105.955139,28.659002],[-105.955438,28.658974],[-105.955737,28.658998],[-105.956026,28.659073],[-105.956292,28.659196],[-105.956527,28.659363],[-105.956719,28.659567],[-105.956863,28.6598],[-105.956953,28.660053],[-105.956985,28.660317],[-105.956958,28.660581],[-105.956873,28.660836],[-105.956733,28.661071],[-105.956544,28.661278],[-105.956313,28.661448],[-105.956049,28.661575],[-105.955761,28.661654],[-105.955462,28.661682],[-105.955163,28.661658],[-105.954874,28.661583],[-105.954607,28.66146],[-105.954373,28.661293],[-105.954181,28.661089],[-105.954037,28.660856],[-105.953947,28.660603],[-105.953915,28.660339]]]},"properties":{"osm_id":13784021404,"nombre":"Escuela","horarios":"07:00-08:30,12:30-14:30","limite_kmh":20}},{"type":"Feature","geometry":{"type":"Polygon","coordinates":[[[-106.100602,28.581592],[-106.100629,28.581328],[-106.100714,28.581073],[-106.100853,28.580838],[-106.101042,28.580632],[-106.101272,28.580461],[-106.101536,28.580334],[-106.101823,28.580255],[-106.102122,28.580226],[-106.102421,28.58025],[-106.10271,28.580325],[-106.102976,28.580447],[-106.10321,28.580614],[-106.103403,28.580818],[-106.103547,28.58105],[-106.103637,28.581304],[-106.10367,28.581568],[-106.103643,28.581832],[-106.103558,28.582087],[-106.103419,28.582322],[-106.10323,28.582528],[-106.103,28.582699],[-106.102736,28.582826],[-106.102449,28.582905],[-106.10215,28.582934],[-106.101851,28.58291],[-106.101562,28.582835],[-106.101296,28.582713],[-106.101062,28.582546],[-106.100869,28.582342],[-106.100725,28.58211],[-106.100635,28.581856],[-106.100602,28.581592]]]},"properties":{"osm_id":13785096635,"nombre":"Escuela","horarios":"07:00-08:30,12:30-14:30","limite_kmh":20}},{"type":"Feature","geometry":{"type":"Polygon","coordinates":[[[-106.111735,28.598121],[-106.111762,28.597856],[-106.111846,28.597602],[-106.111986,28.597366],[-106.112174,28.59716],[-106.112405,28.596989],[-106.112669,28.596862],[-106.112956,28.596783],[-106.113255,28.596754],[-106.113554,28.596778],[-106.113843,28.596853],[-106.114109,28.596975],[-106.114344,28.597142],[-106.114536,28.597345],[-106.114681,28.597578],[-106.114771,28.597832],[-106.114803,28.598095],[-106.114776,28.59836],[-106.114692,28.598614],[-106.114552,28.59885],[-106.114364,28.599056],[-106.114133,28.599227],[-106.113869,28.599354],[-106.113582,28.599433],[-106.113283,28.599462],[-106.112984,28.599438],[-106.112695,28.599363],[-106.112429,28.599241],[-106.112194,28.599074],[-106.112002,28.598871],[-106.111857,28.598638],[-106.111767,28.598384],[-106.111735,28.598121]]]},"properties":{"osm_id":13785517289,"nombre":"Escuela","horarios":"07:00-08:30,12:30-14:30","limite_kmh":20}},{"type":"Feature","geometry":{"type":"Polygon","coordinates":[[[-106.110911,28.600123],[-106.110938,28.599858],[-106.111022,28.599604],[-106.111162,28.599368],[-106.11135,28.599162],[-106.111581,28.598991],[-106.111845,28.598864],[-106.112132,28.598785],[-106.112431,28.598756],[-106.11273,28.59878],[-106.113019,28.598855],[-106.113285,28.598977],[-106.11352,28.599144],[-106.113712,28.599347],[-106.113857,28.59958],[-106.113947,28.599834],[-106.113979,28.600097],[-106.113952,28.600362],[-106.113868,28.600616],[-106.113728,28.600852],[-106.11354,28.601058],[-106.113309,28.601229],[-106.113045,28.601356],[-106.112758,28.601435],[-106.112459,28.601464],[-106.11216,28.60144],[-106.111871,28.601365],[-106.111605,28.601243],[-106.11137,28.601076],[-106.111178,28.600873],[-106.111033,28.60064],[-106.110943,28.600386],[-106.110911,28.600123]]]},"properties":{"osm_id":13787330126,"nombre":"Escuela","horarios":"07:00-08:30,12:30-14:30","limite_kmh":20}},{"type":"Feature","geometry":{"type":"Polygon","coordinates":[[[-106.095002,28.711105],[-106.095029,28.710841],[-106.095114,28.710586],[-106.095253,28.710351],[-106.095442,28.710145],[-106.095673,28.709974],[-106.095937,28.709847],[-106.096225,28.709768],[-106.096524,28.709739],[-106.096824,28.709763],[-106.097113,28.709838],[-106.097379,28.709961],[-106.097614,28.710127],[-106.097807,28.710331],[-106.097951,28.710563],[-106.098041,28.710817],[-106.098074,28.711081],[-106.098047,28.711345],[-106.097962,28.7116],[-106.097823,28.711835],[-106.097634,28.712041],[-106.097403,28.712212],[-106.097139,28.712339],[-106.096851,28.712418],[-106.096552,28.712447],[-106.096252,28.712423],[-106.095963,28.712348],[-106.095697,28.712225],[-106.095462,28.712059],[-106.095269,28.711855],[-106.095125,28.711623],[-106.095035,28.711369],[-106.095002,28.711105]]]},"properties":{"osm_id":13789540076,"nombre":"Escuela","horarios":"07:00-08:30,12:30-14:30","limite_kmh":20}},{"type":"Feature","geometry":{"type":"Polygon","coordinates":[[[-106.138449,28.580871],[-106.138476,28.580607],[-106.138561,28.580352],[-106.1387,28.580117],[-106.138888,28.57991],[-106.139119,28.57974],[-106.139383,28.579612],[-106.139669,28.579533],[-106.139968,28.579504],[-106.140268,28.579528],[-106.140556,28.579602],[-106.140823,28.579725],[-106.141057,28.579892],[-106.14125,28.580095],[-106.141394,28.580328],[-106.141484,28.580581],[-106.141517,28.580845],[-106.14149,28.581109],[-106.141405,28.581364],[-106.141266,28.581599],[-106.141078,28.581806],[-106.140847,28.581976],[-106.140583,28.582104],[-106.140297,28.582183],[-106.139998,28.582212],[-106.139698,28.582188],[-106.13941,28.582114],[-106.139143,28.581991],[-106.138909,28.581824],[-106.138716,28.581621],[-106.138572,28.581388],[-106.138482,28.581135],[-106.138449,28.580871]]]},"properties":{"osm_id":13799937405,"nombre":"Escuela","horarios":"07:00-08:30,12:30-14:30","limite_kmh":20}},{"type":"Feature","geometry":{"type":"Polygon","coordinates":[[[-105.981842,28.668719],[-105.981869,28.668455],[-105.981954,28.6682],[-105.982094,28.667965],[-105.982283,28.667759],[-105.982514,28.667589],[-105.982778,28.667462],[-105.983065,28.667382],[-105.983364,28.667354],[-105.983664,28.667378],[-105.983953,28.667453],[-105.984219,28.667576],[-105.984453,28.667743],[-105.984646,28.667947],[-105.98479,28.66818],[-105.98488,28.668433],[-105.984912,28.668697],[-105.984885,28.668961],[-105.9848,28.669216],[-105.98466,28.669451],[-105.984471,28.669657],[-105.98424,28.669827],[-105.983976,28.669954],[-105.983689,28.670034],[-105.98339,28.670062],[-105.98309,28.670038],[-105.982801,28.669963],[-105.982535,28.66984],[-105.982301,28.669673],[-105.982108,28.669469],[-105.981964,28.669236],[-105.981874,28.668983],[-105.981842,28.668719]]]},"properties":{"osm_id":13801913232,"nombre":"Escuela","horarios":"07:00-08:30,12:30-14:30","limite_kmh":20}},{"type":"Feature","geometry":{"type":"Polygon","coordinates":[[[-105.982835,28.668044],[-105.982862,28.66778],[-105.982947,28.667525],[-105.983087,28.66729],[-105.983276,28.667084],[-105.983507,28.666914],[-105.983771,28.666787],[-105.984058,28.666707],[-105.984357,28.666679],[-105.984657,28.666703],[-105.984946,28.666778],[-105.985212,28.666901],[-105.985446,28.667068],[-105.985639,28.667272],[-105.985783,28.667505],[-105.985873,28.667758],[-105.985905,28.668022],[-105.985878,28.668286],[-105.985793,28.668541],[-105.985653,28.668776],[-105.985464,28.668982],[-105.985233,28.669152],[-105.984969,28.669279],[-105.984682,28.669359],[-105.984383,28.669387],[-105.984083,28.669363],[-105.983794,28.669288],[-105.983528,28.669165],[-105.983294,28.668998],[-105.983101,28.668794],[-105.982957,28.668561],[-105.982867,28.668308],[-105.982835,28.668044]]]},"properties":{"osm_id":13801913233,"nombre":"Escuela","horarios":"07:00-08:30,12:30-14:30","limite_kmh":20}},{"type":"Feature","geometry":{"type":"Polygon","coordinates":[[[-106.012576,28.665549],[-106.012603,28.665285],[-106.012688,28.665031],[-106.012828,28.664795],[-106.013016,28.664589],[-106.013247,28.664419],[-106.013512,28.664292],[-106.013799,28.664213],[-106.014098,28.664184],[-106.014398,28.664208],[-106.014686,28.664283],[-106.014953,28.664406],[-106.015187,28.664573],[-106.01538,28.664776],[-106.015524,28.665009],[-106.015614,28.665263],[-106.015646,28.665526],[-106.015619,28.665791],[-106.015534,28.666045],[-106.015394,28.666281],[-106.015206,28.666487],[-106.014975,28.666657],[-106.01471,28.666784],[-106.014423,28.666863],[-106.014124,28.666892],[-106.013824,28.666868],[-106.013536,28.666793],[-106.013269,28.66667],[-106.013035,28.666503],[-106.012842,28.6663],[-106.012698,28.666067],[-106.012608,28.665813],[-106.012576,28.665549]]]},"properties":{"osm_id":13801948124,"nombre":"Escuela","horarios":"07:00-08:30,12:30-14:30","limite_kmh":20}},{"type":"Feature","geometry":{"type":"Polygon","coordinates":[[[-106.143509,28.730278],[-106.143536,28.730014],[-106.14362,28.729759],[-106.14376,28.729524],[-106.143949,28.729317],[-106.14418,28.729147],[-106.144444,28.729019],[-106.144731,28.72894],[-106.14503,28.728911],[-106.14533,28.728935],[-106.145619,28.729009],[-106.145886,28.729132],[-106.146121,28.729299],[-106.146314,28.729502],[-106.146458,28.729735],[-106.146548,28.729988],[-106.146581,28.730252],[-106.146554,28.730516],[-106.14647,28.730771],[-106.14633,28.731006],[-106.146141,28.731213],[-106.145911,28.731383],[-106.145646,28.731511],[-106.145359,28.73159],[-106.14506,28.731619],[-106.14476,28.731595],[-106.144471,28.731521],[-106.144204,28.731398],[-106.143969,28.731231],[-106.143776,28.731028],[-106.143632,28.730795],[-106.143542,28.730542],[-106.143509,28.730278]]]},"properties":{"osm_id":13802274004,"nombre":"Escuela","horarios":"07:00-08:30,12:30-14:30","limite_kmh":20}},{"type":"Feature","geometry":{"type":"Polygon","coordinates":[[[-106.111712,28.742885],[-106.111739,28.74262],[-106.111823,28.742366],[-106.111963,28.74213],[-106.112152,28.741924],[-106.112383,28.741753],[-106.112647,28.741626],[-106.112934,28.741547],[-106.113234,28.741518],[-106.113534,28.741542],[-106.113823,28.741617],[-106.114089,28.741739],[-106.114324,28.741906],[-106.114517,28.742109],[-106.114662,28.742342],[-106.114752,28.742595],[-106.114784,28.742859],[-106.114757,28.743124],[-106.114673,28.743378],[-106.114533,28.743614],[-106.114344,28.74382],[-106.114113,28.743991],[-106.113849,28.744118],[-106.113562,28.744197],[-106.113262,28.744226],[-106.112962,28.744202],[-106.112673,28.744127],[-106.112407,28.744005],[-106.112172,28.743838],[-106.111979,28.743635],[-106.111834,28.743402],[-106.111744,28.743148],[-106.111712,28.742885]]]},"properties":{"osm_id":13802274023,"nombre":"Escuela","horarios":"07:00-08:30,12:30-14:30","limite_kmh":20}},{"type":"Feature","geometry":{"type":"Polygon","coordinates":[[[-106.141804,28.742973],[-106.141831,28.742709],[-106.141915,28.742454],[-106.142055,28.742219],[-106.142244,28.742012],[-106.142474,28.741842],[-106.142739,28.741714],[-106.143026,28.741635],[-106.143325,28.741606],[-106.143625,28.74163],[-106.143914,28.741704],[-106.144181,28.741827],[-106.144416,28.741994],[-106.144609,28.742197],[-106.144753,28.74243],[-106.144844,28.742683],[-106.144876,28.742947],[-106.144849,28.743211],[-106.144765,28.743466],[-106.144625,28.743701],[-106.144437,28.743908],[-106.144206,28.744078],[-106.143941,28.744206],[-106.143654,28.744285],[-106.143355,28.744314],[-106.143055,28.74429],[-106.142766,28.744216],[-106.142499,28.744093],[-106.142264,28.743926],[-106.142071,28.743723],[-106.141927,28.74349],[-106.141836,28.743237],[-106.141804,28.742973]]]},"properties":{"osm_id":13802274042,"nombre":"Escuela","horarios":"07:00-08:30,12:30-14:30","limite_kmh":20}},{"type":"Feature","geometry":{"type":"Polygon","coordinates":[[[-106.099465,28.686248],[-106.099492,28.685984],[-106.099576,28.685729],[-106.099716,28.685494],[-106.099904,28.685288],[-106.100135,28.685117],[-106.100399,28.68499],[-106.100687,28.684911],[-106.100986,28.684882],[-106.101286,28.684906],[-106.101574,28.684981],[-106.101841,28.685103],[-106.102075,28.68527],[-106.102269,28.685474],[-106.102413,28.685706],[-106.102503,28.68596],[-106.102535,28.686224],[-106.102508,28.686488],[-106.102424,28.686742],[-106.102284,28.686978],[-106.102096,28.687184],[-106.101865,28.687355],[-106.101601,28.687482],[-106.101313,28.687561],[-106.101014,28.68759],[-106.100714,28.687566],[-106.100426,28.687491],[-106.100159,28.687369],[-106.099924,28.687202],[-106.099731,28.686998],[-106.099587,28.686766],[-106.099497,28.686512],[-106.099465,28.686248]]]},"properties":{"osm_id":13803861680,"nombre":"Escuela","horarios":"07:00-08:30,12:30-14:30","limite_kmh":20}},{"type":"Feature","geometry":{"type":"Polygon","coordinates":[[[-106.070391,28.665211],[-106.070418,28.664947],[-106.070503,28.664692],[-106.070642,28.664457],[-106.070831,28.66425],[-106.071062,28.66408],[-106.071326,28.663953],[-106.071613,28.663874],[-106.071912,28.663845],[-106.072212,28.663869],[-106.072501,28.663944],[-106.072767,28.664067],[-106.073002,28.664233],[-106.073195,28.664437],[-106.073339,28.66467],[-106.073429,28.664923],[-106.073461,28.665187],[-106.073434,28.665451],[-106.073349,28.665706],[-106.07321,28.665941],[-106.073021,28.666148],[-106.07279,28.666318],[-106.072526,28.666445],[-106.072239,28.666524],[-106.07194,28.666553],[-106.07164,28.666529],[-106.071351,28.666454],[-106.071085,28.666331],[-106.07085,28.666165],[-106.070657,28.665961],[-106.070513,28.665728],[-106.070423,28.665475],[-106.070391,28.665211]]]},"properties":{"osm_id":13803875245,"nombre":"Escuela","horarios":"07:00-08:30,12:30-14:30","limite_kmh":20}},{"type":"Feature","geometry":{"type":"Polygon","coordinates":[[[-106.073194,28.672852],[-106.073221,28.672588],[-106.073306,28.672333],[-106.073445,28.672098],[-106.073634,28.671891],[-106.073865,28.671721],[-106.074129,28.671594],[-106.074416,28.671515],[-106.074715,28.671486],[-106.075015,28.67151],[-106.075304,28.671585],[-106.07557,28.671708],[-106.075805,28.671874],[-106.075998,28.672078],[-106.076142,28.672311],[-106.076232,28.672564],[-106.076264,28.672828],[-106.076237,28.673092],[-106.076152,28.673347],[-106.076013,28.673582],[-106.075824,28.673789],[-106.075593,28.673959],[-106.075329,28.674086],[-106.075042,28.674165],[-106.074743,28.674194],[-106.074443,28.67417],[-106.074154,28.674095],[-106.073888,28.673972],[-106.073653,28.673806],[-106.07346,28.673602],[-106.073316,28.673369],[-106.073226,28.673116],[-106.073194,28.672852]]]},"properties":{"osm_id":13803875246,"nombre":"Escuela","horarios":"07:00-08:30,12:30-14:30","limite_kmh":20}},{"type":"Feature","geometry":{"type":"Polygon","coordinates":[[[-106.068633,28.607471],[-106.06866,28.607207],[-106.068745,28.606952],[-106.068884,28.606717],[-106.069073,28.60651],[-106.069303,28.60634],[-106.069567,28.606213],[-106.069854,28.606134],[-106.070153,28.606105],[-106.070453,28.606129],[-106.070741,28.606204],[-106.071008,28.606327],[-106.071242,28.606493],[-106.071435,28.606697],[-106.071579,28.60693],[-106.071669,28.607183],[-106.071701,28.607447],[-106.071674,28.607711],[-106.07159,28.607966],[-106.07145,28.608201],[-106.071261,28.608408],[-106.071031,28.608578],[-106.070767,28.608705],[-106.07048,28.608784],[-106.070181,28.608813],[-106.069881,28.608789],[-106.069593,28.608714],[-106.069326,28.608591],[-106.069092,28.608425],[-106.068899,28.608221],[-106.068755,28.607988],[-106.068665,28.607735],[-106.068633,28.607471]]]},"properties":{"osm_id":13825986769,"nombre":"Escuela","horarios":"07:00-08:30,12:30-14:30","limite_kmh":20}},{"type":"Feature","geometry":{"type":"Polygon","coordinates":[[[-106.07623,28.599762],[-106.076257,28.599498],[-106.076342,28.599243],[-106.076481,28.599008],[-106.07667,28.598801],[-106.0769,28.598631],[-106.077164,28.598504],[-106.077451,28.598425],[-106.07775,28.598396],[-106.07805,28.59842],[-106.078338,28.598495],[-106.078605,28.598618],[-106.078839,28.598784],[-106.079032,28.598988],[-106.079176,28.599221],[-106.079266,28.599474],[-106.079298,28.599738],[-106.079271,28.600002],[-106.079186,28.600257],[-106.079047,28.600492],[-106.078858,28.600699],[-106.078628,28.600869],[-106.078364,28.600996],[-106.078077,28.601075],[-106.077778,28.601104],[-106.077478,28.60108],[-106.07719,28.601005],[-106.076923,28.600882],[-106.076689,28.600716],[-106.076496,28.600512],[-106.076352,28.600279],[-106.076262,28.600026],[-106.07623,28.599762]]]},"properties":{"osm_id":13825986778,"nombre":"Escuela","horarios":"07:00-08:30,12:30-14:30","limite_kmh":20}},{"type":"Feature","geometry":{"type":"Polygon","coordinates":[[[-106.091889,28.592774],[-106.091916,28.59251],[-106.092001,28.592255],[-106.09214,28.59202],[-106.092329,28.591814],[-106.092559,28.591643],[-106.092823,28.591516],[-106.09311,28.591437],[-106.093409,28.591408],[-106.093708,28.591432],[-106.093997,28.591507],[-106.094263,28.59163],[-106.094498,28.591796],[-106.094691,28.592],[-106.094835,28.592233],[-106.094925,28.592486],[-106.094957,28.59275],[-106.09493,28.593014],[-106.094845,28.593269],[-106.094706,28.593504],[-106.094517,28.59371],[-106.094287,28.593881],[-106.094023,28.594008],[-106.093736,28.594087],[-106.093437,28.594116],[-106.093138,28.594092],[-106.092849,28.594017],[-106.092583,28.593894],[-106.092348,28.593728],[-106.092155,28.593524],[-106.092011,28.593291],[-106.091921,28.593038],[-106.091889,28.592774]]]},"properties":{"osm_id":13825997966,"nombre":"Escuela","horarios":"07:00-08:30,12:30-14:30","limite_kmh":20}},{"type":"Feature","geometry":{"type":"Polygon","coordinates":[[[-106.150268,28.701484],[-106.150294,28.70122],[-106.150379,28.700965],[-106.150518,28.70073],[-106.150707,28.700523],[-106.150938,28.700353],[-106.151202,28.700225],[-106.151489,28.700146],[-106.151788,28.700117],[-106.152088,28.700141],[-106.152377,28.700215],[-106.152644,28.700338],[-106.152878,28.700505],[-106.153071,28.700708],[-106.153216,28.700941],[-106.153306,28.701194],[-106.153338,28.701458],[-106.153312,28.701722],[-106.153227,28.701977],[-106.153088,28.702212],[-106.152899,28.702419],[-106.152668,28.702589],[-106.152404,28.702717],[-106.152117,28.702796],[-106.151818,28.702825],[-106.151518,28.702801],[-106.151229,28.702727],[-106.150962,28.702604],[-106.150728,28.702437],[-106.150535,28.702234],[-106.15039,28.702001],[-106.1503,28.701748],[-106.150268,28.701484]]]},"properties":{"osm_id":13889720455,"nombre":"Escuela","horarios":"07:00-08:30,12:30-14:30","limite_kmh":20}},{"type":"Feature","geometry":{"type":"Polygon","coordinates":[[[-106.171174,28.63938],[-106.1712,28.639116],[-106.171285,28.638861],[-106.171424,28.638626],[-106.171612,28.638419],[-106.171843,28.638249],[-106.172107,28.638121],[-106.172394,28.638042],[-106.172693,28.638013],[-106.172993,28.638037],[-106.173281,28.638111],[-106.173548,28.638234],[-106.173782,28.6384],[-106.173975,28.638604],[-106.17412,28.638837],[-106.17421,28.63909],[-106.174242,28.639354],[-106.174216,28.639618],[-106.174131,28.639873],[-106.173992,28.640108],[-106.173804,28.640315],[-106.173573,28.640485],[-106.173309,28.640613],[-106.173022,28.640692],[-106.172723,28.640721],[-106.172423,28.640697],[-106.172135,28.640623],[-106.171868,28.6405],[-106.171634,28.640334],[-106.171441,28.64013],[-106.171296,28.639897],[-106.171206,28.639644],[-106.171174,28.63938]]]},"properties":{"osm_id":13910277230,"nombre":"Escuela","horarios":"07:00-08:30,12:30-14:30","limite_kmh":20}},{"type":"Feature","geometry":{"type":"Polygon","coordinates":[[[-106.110668,28.663315],[-106.110695,28.66305],[-106.11078,28.662796],[-106.110919,28.66256],[-106.111108,28.662354],[-106.111338,28.662183],[-106.111602,28.662056],[-106.11189,28.661977],[-106.112189,28.661948],[-106.112488,28.661972],[-106.112777,28.662047],[-106.113044,28.662169],[-106.113278,28.662336],[-106.113471,28.662539],[-106.113615,28.662772],[-106.113706,28.663026],[-106.113738,28.663289],[-106.113711,28.663554],[-106.113626,28.663808],[-106.113487,28.664044],[-106.113298,28.66425],[-106.113068,28.664421],[-106.112804,28.664548],[-106.112516,28.664627],[-106.112217,28.664656],[-106.111918,28.664632],[-106.111629,28.664557],[-106.111362,28.664435],[-106.111128,28.664268],[-106.110935,28.664065],[-106.11079,28.663832],[-106.1107,28.663578],[-106.110668,28.663315]]]},"properties":{"osm_id":13958844021,"nombre":"Escuela","horarios":"07:00-08:30,12:30-14:30","limite_kmh":20}},{"type":"Feature","geometry":{"type":"Polygon","coordinates":[[[-106.110795,28.662928],[-106.110822,28.662663],[-106.110907,28.662409],[-106.111046,28.662173],[-106.111235,28.661967],[-106.111465,28.661796],[-106.111729,28.661669],[-106.112017,28.66159],[-106.112316,28.661561],[-106.112615,28.661585],[-106.112904,28.66166],[-106.113171,28.661782],[-106.113405,28.661949],[-106.113598,28.662152],[-106.113742,28.662385],[-106.113833,28.662639],[-106.113865,28.662902],[-106.113838,28.663167],[-106.113753,28.663421],[-106.113614,28.663657],[-106.113425,28.663863],[-106.113195,28.664034],[-106.112931,28.664161],[-106.112643,28.66424],[-106.112344,28.664269],[-106.112045,28.664245],[-106.111756,28.66417],[-106.111489,28.664048],[-106.111255,28.663881],[-106.111062,28.663678],[-106.110917,28.663445],[-106.110827,28.663191],[-106.110795,28.662928]]]},"properties":{"osm_id":13965693592,"nombre":"Baños estudiantiles: zona de supervisión limitada","horarios":"07:00-08:30,12:30-14:30","limite_kmh":20}},{"type":"Feature","geometry":{"type":"Polygon","coordinates":[[[-106.110525,28.662913],[-106.110552,28.662648],[-106.110637,28.662394],[-106.110776,28.662158],[-106.110965,28.661952],[-106.111195,28.661781],[-106.111459,28.661654],[-106.111747,28.661575],[-106.112046,28.661546],[-106.112345,28.66157],[-106.112634,28.661645],[-106.112901,28.661767],[-106.113135,28.661934],[-106.113328,28.662137],[-106.113472,28.66237],[-106.113563,28.662624],[-106.113595,28.662887],[-106.113568,28.663152],[-106.113483,28.663406],[-106.113344,28.663642],[-106.113155,28.663848],[-106.112925,28.664019],[-106.112661,28.664146],[-106.112373,28.664225],[-106.112074,28.664254],[-106.111775,28.66423],[-106.111486,28.664155],[-106.111219,28.664033],[-106.110985,28.663866],[-106.110792,28.663663],[-106.110647,28.66343],[-106.110557,28.663176],[-106.110525,28.662913]]]},"properties":{"osm_id":13965759578,"nombre":"Punto crítico de seguridad estudiantil (bachi plantel 4)","horarios":"07:00-08:30,12:30-14:30","limite_kmh":20}},{"type":"Feature","geometry":{"type":"Polygon","coordinates":[[[-106.130471,28.649697],[-106.130498,28.649432],[-106.130583,28.649178],[-106.130722,28.648943],[-106.130911,28.648736],[-106.131141,28.648566],[-106.131405,28.648438],[-106.131692,28.648359],[-106.131991,28.64833],[-106.132291,28.648354],[-106.13258,28.648428],[-106.132846,28.648551],[-106.133081,28.648718],[-106.133274,28.648921],[-106.133418,28.649154],[-106.133508,28.649407],[-106.133541,28.649671],[-106.133514,28.649936],[-106.133429,28.65019],[-106.13329,28.650425],[-106.133101,28.650632],[-106.132871,28.650802],[-106.132607,28.65093],[-106.13232,28.651009],[-106.132021,28.651038],[-106.131721,28.651014],[-106.131432,28.65094],[-106.131166,28.650817],[-106.130931,28.65065],[-106.130738,28.650447],[-106.130594,28.650214],[-106.130504,28.649961],[-106.130471,28.649697]]]},"properties":{"osm_id":14047928010,"nombre":"Maple Bear, Canadian School","horarios":"07:00-08:30,12:30-14:30","limite_kmh":20}},{"type":"Feature","geometry":{"type":"Polygon","coordinates":[[[-106.105674,28.622759],[-106.1057,28.622494],[-106.105785,28.62224],[-106.105924,28.622004],[-106.106113,28.621798],[-106.106344,28.621627],[-106.106608,28.6215],[-106.106895,28.621421],[-106.107194,28.621392],[-106.107493,28.621416],[-106.107782,28.621491],[-106.108049,28.621613],[-106.108283,28.62178],[-106.108476,28.621983],[-106.10862,28.622216],[-106.10871,28.62247],[-106.108742,28.622733],[-106.108716,28.622998],[-106.108631,28.623252],[-106.108492,28.623488],[-106.108303,28.623694],[-106.108072,28.623865],[-106.107808,28.623992],[-106.107521,28.624071],[-106.107222,28.6241],[-106.106923,28.624076],[-106.106634,28.624001],[-106.106367,28.623879],[-106.106133,28.623712],[-106.10594,28.623509],[-106.105796,28.623276],[-106.105706,28.623022],[-106.105674,28.622759]]]},"properties":{"osm_id":10175324720,"nombre":"Instituto La Salle","horarios":"07:00-08:30,12:30-14:30","limite_kmh":20}},{"type":"Feature","geometry":{"type":"Polygon","coordinates":[[[-106.094146,28.663851],[-106.094173,28.663587],[-106.094258,28.663332],[-106.094397,28.663097],[-106.094586,28.662891],[-106.094817,28.66272],[-106.095081,28.662593],[-106.095368,28.662514],[-106.095667,28.662485],[-106.095967,28.662509],[-106.096255,28.662584],[-106.096522,28.662707],[-106.096756,28.662873],[-106.096949,28.663077],[-106.097094,28.663309],[-106.097184,28.663563],[-106.097216,28.663827],[-106.097189,28.664091],[-106.097104,28.664346],[-106.096965,28.664581],[-106.096776,28.664787],[-106.096545,28.664958],[-106.096281,28.665085],[-106.095994,28.665164],[-106.095695,28.665193],[-106.095395,28.665169],[-106.095107,28.665094],[-106.09484,28.664971],[-106.094606,28.664805],[-106.094413,28.664601],[-106.094268,28.664369],[-106.094178,28.664115],[-106.094146,28.663851]]]},"properties":{"osm_id":10287951789,"nombre":"Primaria Francisco Gonzalez Bocanegra","horarios":"07:00-08:30,12:30-14:30","limite_kmh":20}},{"type":"Feature","geometry":{"type":"Polygon","coordinates":[[[-106.115826,28.63909],[-106.115852,28.638825],[-106.115937,28.638571],[-106.116076,28.638335],[-106.116265,28.638129],[-106.116496,28.637958],[-106.11676,28.637831],[-106.117047,28.637752],[-106.117346,28.637723],[-106.117645,28.637747],[-106.117934,28.637821],[-106.118201,28.637944],[-106.118435,28.638111],[-106.118628,28.638314],[-106.118772,28.638547],[-106.118862,28.6388],[-106.118894,28.639064],[-106.118868,28.639329],[-106.118783,28.639583],[-106.118644,28.639819],[-106.118455,28.640025],[-106.118224,28.640196],[-106.11796,28.640323],[-106.117673,28.640402],[-106.117374,28.640431],[-106.117075,28.640407],[-106.116786,28.640333],[-106.116519,28.64021],[-106.116285,28.640043],[-106.116092,28.63984],[-106.115948,28.639607],[-106.115858,28.639353],[-106.115826,28.63909]]]},"properties":{"osm_id":10302507920,"nombre":"Colegio Everest Alpes","horarios":"07:00-08:30,12:30-14:30","limite_kmh":20}},{"type":"Feature","geometry":{"type":"Polygon","coordinates":[[[-106.102519,28.641361],[-106.102545,28.641097],[-106.10263,28.640843],[-106.102769,28.640607],[-106.102958,28.640401],[-106.103189,28.64023],[-106.103453,28.640103],[-106.10374,28.640024],[-106.104039,28.639995],[-106.104338,28.640019],[-106.104627,28.640094],[-106.104894,28.640216],[-106.105128,28.640383],[-106.105321,28.640587],[-106.105465,28.640819],[-106.105555,28.641073],[-106.105587,28.641336],[-106.105561,28.641601],[-106.105476,28.641855],[-106.105337,28.642091],[-106.105148,28.642297],[-106.104917,28.642468],[-106.104653,28.642595],[-106.104366,28.642674],[-106.104067,28.642703],[-106.103768,28.642679],[-106.103479,28.642604],[-106.103212,28.642482],[-106.102978,28.642315],[-106.102785,28.642111],[-106.102641,28.641879],[-106.102551,28.641625],[-106.102519,28.641361]]]},"properties":{"osm_id":10302558070,"nombre":"Proyecto Montana","horarios":"07:00-08:30,12:30-14:30","limite_kmh":20}},{"type":"Feature","geometry":{"type":"Polygon","coordinates":[[[-106.117456,28.617278],[-106.117483,28.617013],[-106.117567,28.616759],[-106.117706,28.616523],[-106.117895,28.616317],[-106.118126,28.616146],[-106.11839,28.616019],[-106.118677,28.61594],[-106.118976,28.615911],[-106.119275,28.615935],[-106.119564,28.616009],[-106.11983,28.616132],[-106.120065,28.616299],[-106.120258,28.616502],[-106.120402,28.616735],[-106.120492,28.616988],[-106.120524,28.617252],[-106.120497,28.617517],[-106.120413,28.617771],[-106.120274,28.618007],[-106.120085,28.618213],[-106.119854,28.618384],[-106.11959,28.618511],[-106.119303,28.61859],[-106.119004,28.618619],[-106.118705,28.618595],[-106.118416,28.618521],[-106.11815,28.618398],[-106.117915,28.618231],[-106.117722,28.618028],[-106.117578,28.617795],[-106.117488,28.617542],[-106.117456,28.617278]]]},"properties":{"osm_id":10302889878,"nombre":"ESPABI","horarios":"07:00-08:30,12:30-14:30","limite_kmh":20}},{"type":"Feature","geometry":{"type":"Polygon","coordinates":[[[-106.11492,28.617412],[-106.114947,28.617147],[-106.115031,28.616893],[-106.11517,28.616657],[-106.115359,28.616451],[-106.11559,28.61628],[-106.115854,28.616153],[-106.116141,28.616074],[-106.11644,28.616045],[-106.116739,28.616069],[-106.117028,28.616143],[-106.117294,28.616266],[-106.117529,28.616433],[-106.117722,28.616636],[-106.117866,28.616869],[-106.117956,28.617123],[-106.117988,28.617386],[-106.117961,28.617651],[-106.117877,28.617905],[-106.117738,28.618141],[-106.117549,28.618347],[-106.117318,28.618518],[-106.117054,28.618645],[-106.116767,28.618724],[-106.116468,28.618753],[-106.116169,28.618729],[-106.11588,28.618655],[-106.115614,28.618532],[-106.115379,28.618365],[-106.115186,28.618162],[-106.115042,28.617929],[-106.114952,28.617675],[-106.11492,28.617412]]]},"properties":{"osm_id":10303103542,"nombre":"Colegio Bilingüe Madison","horarios":"07:00-08:30,12:30-14:30","limite_kmh":20}},{"type":"Feature","geometry":{"type":"Polygon","coordinates":[[[-106.128157,28.633351],[-106.128183,28.633086],[-106.128268,28.632832],[-106.128407,28.632597],[-106.128596,28.63239],[-106.128827,28.63222],[-106.12909,28.632092],[-106.129377,28.632013],[-106.129677,28.631984],[-106.129976,28.632008],[-106.130265,28.632082],[-106.130531,28.632205],[-106.130766,28.632372],[-106.130959,28.632575],[-106.131103,28.632808],[-106.131193,28.633061],[-106.131225,28.633325],[-106.131199,28.63359],[-106.131114,28.633844],[-106.130975,28.634079],[-106.130786,28.634286],[-106.130556,28.634456],[-106.130292,28.634584],[-106.130005,28.634663],[-106.129705,28.634692],[-106.129406,28.634668],[-106.129117,28.634594],[-106.128851,28.634471],[-106.128616,28.634304],[-106.128423,28.634101],[-106.128279,28.633868],[-106.128189,28.633615],[-106.128157,28.633351]]]},"properties":{"osm_id":10303439063,"nombre":"Centro de Educación Innovativa Elizabeth Seton","horarios":"07:00-08:30,12:30-14:30","limite_kmh":20}},{"type":"Feature","geometry":{"type":"Polygon","coordinates":[[[-106.130415,28.604283],[-106.130442,28.604018],[-106.130526,28.603764],[-106.130666,28.603529],[-106.130854,28.603322],[-106.131085,28.603152],[-106.131349,28.603024],[-106.131636,28.602945],[-106.131934,28.602916],[-106.132234,28.60294],[-106.132523,28.603014],[-106.132789,28.603137],[-106.133023,28.603304],[-106.133216,28.603507],[-106.133361,28.60374],[-106.133451,28.603993],[-106.133483,28.604257],[-106.133456,28.604522],[-106.133372,28.604776],[-106.133232,28.605011],[-106.133044,28.605218],[-106.132813,28.605388],[-106.132549,28.605516],[-106.132262,28.605595],[-106.131964,28.605624],[-106.131664,28.6056],[-106.131375,28.605526],[-106.131109,28.605403],[-106.130875,28.605236],[-106.130682,28.605033],[-106.130537,28.6048],[-106.130447,28.604547],[-106.130415,28.604283]]]},"properties":{"osm_id":10303894528,"nombre":"Instituto Hamilton","horarios":"07:00-08:30,12:30-14:30","limite_kmh":20}},{"type":"Feature","geometry":{"type":"Polygon","coordinates":[[[-106.1256,28.647062],[-106.125627,28.646797],[-106.125712,28.646543],[-106.125851,28.646308],[-106.12604,28.646101],[-106.12627,28.645931],[-106.126534,28.645803],[-106.126821,28.645724],[-106.127121,28.645695],[-106.12742,28.645719],[-106.127709,28.645793],[-106.127976,28.645916],[-106.12821,28.646083],[-106.128403,28.646286],[-106.128547,28.646519],[-106.128637,28.646772],[-106.12867,28.647036],[-106.128643,28.647301],[-106.128558,28.647555],[-106.128419,28.64779],[-106.12823,28.647997],[-106.128,28.648167],[-106.127736,28.648295],[-106.127449,28.648374],[-106.127149,28.648403],[-106.12685,28.648379],[-106.126561,28.648305],[-106.126294,28.648182],[-106.12606,28.648015],[-106.125867,28.647812],[-106.125723,28.647579],[-106.125633,28.647326],[-106.1256,28.647062]]]},"properties":{"osm_id":10303905312,"nombre":"CONALEP Chihuahua I","horarios":"07:00-08:30,12:30-14:30","limite_kmh":20}},{"type":"Feature","geometry":{"type":"Polygon","coordinates":[[[-106.123549,28.642846],[-106.123575,28.642581],[-106.12366,28.642327],[-106.123799,28.642092],[-106.123988,28.641885],[-106.124218,28.641715],[-106.124482,28.641587],[-106.124769,28.641508],[-106.125069,28.641479],[-106.125368,28.641503],[-106.125657,28.641577],[-106.125924,28.6417],[-106.126158,28.641867],[-106.126351,28.64207],[-106.126495,28.642303],[-106.126585,28.642556],[-106.126617,28.64282],[-106.126591,28.643085],[-106.126506,28.643339],[-106.126367,28.643574],[-106.126178,28.643781],[-106.125948,28.643951],[-106.125684,28.644079],[-106.125397,28.644158],[-106.125097,28.644187],[-106.124798,28.644163],[-106.124509,28.644089],[-106.124242,28.643966],[-106.124008,28.643799],[-106.123815,28.643596],[-106.123671,28.643363],[-106.123581,28.64311],[-106.123549,28.642846]]]},"properties":{"osm_id":10304322152,"nombre":"UNIDEP Plantel Chihuahua","horarios":"07:00-08:30,12:30-14:30","limite_kmh":20}},{"type":"Feature","geometry":{"type":"Polygon","coordinates":[[[-106.127373,28.644965],[-106.1274,28.6447],[-106.127485,28.644446],[-106.127624,28.644211],[-106.127813,28.644004],[-106.128043,28.643834],[-106.128307,28.643706],[-106.128594,28.643627],[-106.128894,28.643598],[-106.129193,28.643622],[-106.129482,28.643696],[-106.129748,28.643819],[-106.129983,28.643986],[-106.130176,28.644189],[-106.13032,28.644422],[-106.13041,28.644675],[-106.130443,28.644939],[-106.130416,28.645204],[-106.130331,28.645458],[-106.130192,28.645693],[-106.130003,28.6459],[-106.129773,28.64607],[-106.129509,28.646198],[-106.129222,28.646277],[-106.128922,28.646306],[-106.128623,28.646282],[-106.128334,28.646208],[-106.128068,28.646085],[-106.127833,28.645918],[-106.12764,28.645715],[-106.127496,28.645482],[-106.127406,28.645229],[-106.127373,28.644965]]]},"properties":{"osm_id":10304345677,"nombre":"Colegio Montessori de Chihuahua","horarios":"07:00-08:30,12:30-14:30","limite_kmh":20}},{"type":"Feature","geometry":{"type":"Polygon","coordinates":[[[-106.119586,28.654913],[-106.119613,28.654648],[-106.119698,28.654394],[-106.119837,28.654158],[-106.120026,28.653952],[-106.120256,28.653781],[-106.12052,28.653654],[-106.120807,28.653575],[-106.121107,28.653546],[-106.121406,28.65357],[-106.121695,28.653644],[-106.121962,28.653767],[-106.122196,28.653934],[-106.122389,28.654137],[-106.122533,28.65437],[-106.122623,28.654623],[-106.122656,28.654887],[-106.122629,28.655152],[-106.122544,28.655406],[-106.122405,28.655642],[-106.122216,28.655848],[-106.121986,28.656019],[-106.121722,28.656146],[-106.121435,28.656225],[-106.121135,28.656254],[-106.120836,28.65623],[-106.120547,28.656156],[-106.12028,28.656033],[-106.120046,28.655866],[-106.119853,28.655663],[-106.119709,28.65543],[-106.119619,28.655177],[-106.119586,28.654913]]]},"properties":{"osm_id":10304639221,"nombre":"Escuela Primaria Nezahualcóyotl","horarios":"07:00-08:30,12:30-14:30","limite_kmh":20}},{"type":"Feature","geometry":{"type":"Polygon","coordinates":[[[-106.131242,28.649652],[-106.131269,28.649387],[-106.131354,28.649133],[-106.131493,28.648898],[-106.131682,28.648691],[-106.131912,28.648521],[-106.132176,28.648393],[-106.132463,28.648314],[-106.132762,28.648285],[-106.133062,28.648309],[-106.133351,28.648383],[-106.133617,28.648506],[-106.133852,28.648673],[-106.134045,28.648876],[-106.134189,28.649109],[-106.134279,28.649362],[-106.134312,28.649626],[-106.134285,28.64989],[-106.1342,28.650145],[-106.134061,28.65038],[-106.133872,28.650587],[-106.133642,28.650757],[-106.133378,28.650885],[-106.133091,28.650964],[-106.132792,28.650993],[-106.132492,28.650969],[-106.132203,28.650895],[-106.131937,28.650772],[-106.131702,28.650605],[-106.131509,28.650402],[-106.131365,28.650169],[-106.131275,28.649916],[-106.131242,28.649652]]]},"properties":{"osm_id":10304741867,"nombre":"Centro Montessori del Norte","horarios":"07:00-08:30,12:30-14:30","limite_kmh":20}},{"type":"Feature","geometry":{"type":"Polygon","coordinates":[[[-106.095368,28.636921],[-106.095394,28.636657],[-106.095479,28.636402],[-106.095618,28.636167],[-106.095807,28.635961],[-106.096038,28.63579],[-106.096302,28.635663],[-106.096589,28.635584],[-106.096888,28.635555],[-106.097188,28.635579],[-106.097476,28.635654],[-106.097743,28.635777],[-106.097977,28.635943],[-106.09817,28.636147],[-106.098314,28.636379],[-106.098404,28.636633],[-106.098436,28.636897],[-106.09841,28.637161],[-106.098325,28.637416],[-106.098186,28.637651],[-106.097997,28.637857],[-106.097766,28.638028],[-106.097502,28.638155],[-106.097215,28.638234],[-106.096916,28.638263],[-106.096616,28.638239],[-106.096328,28.638164],[-106.096061,28.638041],[-106.095827,28.637875],[-106.095634,28.637671],[-106.09549,28.637439],[-106.0954,28.637185],[-106.095368,28.636921]]]},"properties":{"osm_id":10305125389,"nombre":"Esfer Salesianos","horarios":"07:00-08:30,12:30-14:30","limite_kmh":20}},{"type":"Feature","geometry":{"type":"Polygon","coordinates":[[[-106.09286,28.632798],[-106.092886,28.632534],[-106.092971,28.632279],[-106.09311,28.632044],[-106.093299,28.631838],[-106.09353,28.631667],[-106.093794,28.63154],[-106.094081,28.631461],[-106.09438,28.631432],[-106.09468,28.631456],[-106.094968,28.631531],[-106.095235,28.631654],[-106.095469,28.63182],[-106.095662,28.632024],[-106.095806,28.632256],[-106.095896,28.63251],[-106.095928,28.632774],[-106.095902,28.633038],[-106.095817,28.633293],[-106.095678,28.633528],[-106.095489,28.633734],[-106.095258,28.633905],[-106.094994,28.634032],[-106.094707,28.634111],[-106.094408,28.63414],[-106.094108,28.634116],[-106.09382,28.634041],[-106.093553,28.633918],[-106.093319,28.633752],[-106.093126,28.633548],[-106.092982,28.633315],[-106.092892,28.633062],[-106.09286,28.632798]]]},"properties":{"osm_id":10305173223,"nombre":"Escuela Primaria Rosaura Bravo","horarios":"07:00-08:30,12:30-14:30","limite_kmh":20}},{"type":"Feature","geometry":{"type":"Polygon","coordinates":[[[-106.099755,28.643631],[-106.099782,28.643367],[-106.099867,28.643112],[-106.100006,28.642877],[-106.100195,28.642671],[-106.100426,28.6425],[-106.10069,28.642373],[-106.100977,28.642294],[-106.101276,28.642265],[-106.101575,28.642289],[-106.101864,28.642364],[-106.102131,28.642486],[-106.102365,28.642653],[-106.102558,28.642857],[-106.102702,28.643089],[-106.102792,28.643343],[-106.102825,28.643607],[-106.102798,28.643871],[-106.102713,28.644126],[-106.102574,28.644361],[-106.102385,28.644567],[-106.102154,28.644738],[-106.10189,28.644865],[-106.101603,28.644944],[-106.101304,28.644973],[-106.101004,28.644949],[-106.100716,28.644874],[-106.100449,28.644752],[-106.100215,28.644585],[-106.100022,28.644381],[-106.099878,28.644149],[-106.099788,28.643895],[-106.099755,28.643631]]]},"properties":{"osm_id":10305212602,"nombre":"Escuela Primaria Gabriela Mistral","horarios":"07:00-08:30,12:30-14:30","limite_kmh":20}},{"type":"Feature","geometry":{"type":"Polygon","coordinates":[[[-106.088862,28.638725],[-106.088888,28.638461],[-106.088973,28.638206],[-106.089112,28.637971],[-106.089301,28.637765],[-106.089532,28.637594],[-106.089796,28.637467],[-106.090083,28.637388],[-106.090382,28.637359],[-106.090682,28.637383],[-106.09097,28.637458],[-106.091237,28.637581],[-106.091471,28.637747],[-106.091664,28.637951],[-106.091808,28.638184],[-106.091898,28.638437],[-106.09193,28.638701],[-106.091904,28.638965],[-106.091819,28.63922],[-106.09168,28.639455],[-106.091491,28.639661],[-106.09126,28.639832],[-106.090996,28.639959],[-106.090709,28.640038],[-106.09041,28.640067],[-106.09011,28.640043],[-106.089822,28.639968],[-106.089555,28.639845],[-106.089321,28.639679],[-106.089128,28.639475],[-106.088984,28.639242],[-106.088894,28.638989],[-106.088862,28.638725]]]},"properties":{"osm_id":10305214556,"nombre":"Secundaria Marie Curie","horarios":"07:00-08:30,12:30-14:30","limite_kmh":20}},{"type":"Feature","geometry":{"type":"Polygon","coordinates":[[[-106.079954,28.641837],[-106.079981,28.641573],[-106.080066,28.641318],[-106.080205,28.641083],[-106.080394,28.640876],[-106.080625,28.640706],[-106.080889,28.640579],[-106.081176,28.6405],[-106.081475,28.640471],[-106.081775,28.640495],[-106.082063,28.64057],[-106.08233,28.640693],[-106.082564,28.640859],[-106.082757,28.641063],[-106.082901,28.641296],[-106.082991,28.641549],[-106.083024,28.641813],[-106.082997,28.642077],[-106.082912,28.642332],[-106.082773,28.642567],[-106.082584,28.642774],[-106.082353,28.642944],[-106.082089,28.643071],[-106.081802,28.64315],[-106.081503,28.643179],[-106.081203,28.643155],[-106.080915,28.64308],[-106.080648,28.642957],[-106.080414,28.642791],[-106.080221,28.642587],[-106.080077,28.642354],[-106.079987,28.642101],[-106.079954,28.641837]]]},"properties":{"osm_id":10305227859,"nombre":"Escuela Primaria José Dolores Palomino","horarios":"07:00-08:30,12:30-14:30","limite_kmh":20}},{"type":"Feature","geometry":{"type":"Polygon","coordinates":[[[-106.081297,28.630265],[-106.081323,28.630001],[-106.081408,28.629746],[-106.081548,28.629511],[-106.081736,28.629304],[-106.081967,28.629134],[-106.082231,28.629007],[-106.082518,28.628928],[-106.082817,28.628899],[-106.083117,28.628923],[-106.083405,28.628998],[-106.083672,28.629121],[-106.083906,28.629287],[-106.084099,28.629491],[-106.084243,28.629724],[-106.084333,28.629977],[-106.084365,28.630241],[-106.084339,28.630505],[-106.084254,28.63076],[-106.084114,28.630995],[-106.083926,28.631202],[-106.083695,28.631372],[-106.083431,28.631499],[-106.083144,28.631578],[-106.082845,28.631607],[-106.082545,28.631583],[-106.082257,28.631508],[-106.08199,28.631385],[-106.081756,28.631219],[-106.081563,28.631015],[-106.081419,28.630782],[-106.081329,28.630529],[-106.081297,28.630265]]]},"properties":{"osm_id":10305666064,"nombre":"Preescolar Albino Mireles","horarios":"07:00-08:30,12:30-14:30","limite_kmh":20}},{"type":"Feature","geometry":{"type":"Polygon","coordinates":[[[-106.092997,28.650603],[-106.093024,28.650339],[-106.093109,28.650084],[-106.093248,28.649849],[-106.093437,28.649643],[-106.093668,28.649472],[-106.093932,28.649345],[-106.094219,28.649266],[-106.094518,28.649237],[-106.094818,28.649261],[-106.095106,28.649336],[-106.095373,28.649459],[-106.095607,28.649625],[-106.0958,28.649829],[-106.095944,28.650061],[-106.096034,28.650315],[-106.096067,28.650579],[-106.09604,28.650843],[-106.095955,28.651098],[-106.095816,28.651333],[-106.095627,28.651539],[-106.095396,28.65171],[-106.095132,28.651837],[-106.094845,28.651916],[-106.094546,28.651945],[-106.094246,28.651921],[-106.093958,28.651846],[-106.093691,28.651723],[-106.093457,28.651557],[-106.093264,28.651353],[-106.09312,28.65112],[-106.09303,28.650867],[-106.092997,28.650603]]]},"properties":{"osm_id":10306061028,"nombre":"Esfer Salesianos","horarios":"07:00-08:30,12:30-14:30","limite_kmh":20}},{"type":"Feature","geometry":{"type":"Polygon","coordinates":[[[-106.094116,28.65384],[-106.094143,28.653576],[-106.094228,28.653321],[-106.094367,28.653086],[-106.094556,28.65288],[-106.094787,28.652709],[-106.095051,28.652582],[-106.095338,28.652503],[-106.095637,28.652474],[-106.095937,28.652498],[-106.096225,28.652573],[-106.096492,28.652696],[-106.096726,28.652862],[-106.096919,28.653066],[-106.097063,28.653298],[-106.097153,28.653552],[-106.097186,28.653816],[-106.097159,28.65408],[-106.097074,28.654335],[-106.096935,28.65457],[-106.096746,28.654776],[-106.096515,28.654947],[-106.096251,28.655074],[-106.095964,28.655153],[-106.095665,28.655182],[-106.095365,28.655158],[-106.095077,28.655083],[-106.09481,28.65496],[-106.094576,28.654794],[-106.094383,28.65459],[-106.094239,28.654358],[-106.094149,28.654104],[-106.094116,28.65384]]]},"properties":{"osm_id":10306085993,"nombre":"Primaria Luis Urías Belderraín","horarios":"07:00-08:30,12:30-14:30","limite_kmh":20}},{"type":"Feature","geometry":{"type":"Polygon","coordinates":[[[-106.09507,28.655575],[-106.095097,28.655311],[-106.095182,28.655056],[-106.095321,28.654821],[-106.09551,28.654615],[-106.095741,28.654444],[-106.096005,28.654317],[-106.096292,28.654238],[-106.096591,28.654209],[-106.096891,28.654233],[-106.097179,28.654308],[-106.097446,28.654431],[-106.09768,28.654597],[-106.097873,28.654801],[-106.098017,28.655033],[-106.098107,28.655287],[-106.09814,28.655551],[-106.098113,28.655815],[-106.098028,28.65607],[-106.097889,28.656305],[-106.0977,28.656511],[-106.097469,28.656682],[-106.097205,28.656809],[-106.096918,28.656888],[-106.096619,28.656917],[-106.096319,28.656893],[-106.096031,28.656818],[-106.095764,28.656695],[-106.09553,28.656529],[-106.095337,28.656325],[-106.095193,28.656093],[-106.095103,28.655839],[-106.09507,28.655575]]]},"properties":{"osm_id":10306086003,"nombre":"Secundaria Técnica #2 (antes ETIC 100)","horarios":"07:00-08:30,12:30-14:30","limite_kmh":20}},{"type":"Feature","geometry":{"type":"Polygon","coordinates":[[[-106.09808,28.652321],[-106.098107,28.652057],[-106.098192,28.651802],[-106.098331,28.651567],[-106.09852,28.651361],[-106.098751,28.65119],[-106.099015,28.651063],[-106.099302,28.650984],[-106.099601,28.650955],[-106.099901,28.650979],[-106.100189,28.651054],[-106.100456,28.651177],[-106.10069,28.651343],[-106.100883,28.651547],[-106.101027,28.651779],[-106.101117,28.652033],[-106.10115,28.652297],[-106.101123,28.652561],[-106.101038,28.652816],[-106.100899,28.653051],[-106.10071,28.653257],[-106.100479,28.653428],[-106.100215,28.653555],[-106.099928,28.653634],[-106.099629,28.653663],[-106.099329,28.653639],[-106.099041,28.653564],[-106.098774,28.653441],[-106.09854,28.653275],[-106.098347,28.653071],[-106.098203,28.652839],[-106.098113,28.652585],[-106.09808,28.652321]]]},"properties":{"osm_id":10306092742,"nombre":"Colegio de Bachilleres del Estado de Chihuahua Plantel 3","horarios":"07:00-08:30,12:30-14:30","limite_kmh":20}},{"type":"Feature","geometry":{"type":"Polygon","coordinates":[[[-106.077649,28.658517],[-106.077676,28.658253],[-106.077761,28.657998],[-106.0779,28.657763],[-106.078089,28.657556],[-106.07832,28.657386],[-106.078584,28.657259],[-106.078871,28.65718],[-106.07917,28.657151],[-106.07947,28.657175],[-106.079759,28.65725],[-106.080025,28.657373],[-106.080259,28.657539],[-106.080452,28.657743],[-106.080597,28.657976],[-106.080687,28.658229],[-106.080719,28.658493],[-106.080692,28.658757],[-106.080607,28.659012],[-106.080468,28.659247],[-106.080279,28.659454],[-106.080048,28.659624],[-106.079784,28.659751],[-106.079497,28.65983],[-106.079198,28.659859],[-106.078898,28.659835],[-106.078609,28.65976],[-106.078343,28.659637],[-106.078109,28.659471],[-106.077916,28.659267],[-106.077771,28.659034],[-106.077681,28.658781],[-106.077649,28.658517]]]},"properties":{"osm_id":10306642622,"nombre":"Colegio de Bachilleres #8","horarios":"07:00-08:30,12:30-14:30","limite_kmh":20}},{"type":"Feature","geometry":{"type":"Polygon","coordinates":[[[-106.079887,28.659363],[-106.079914,28.659099],[-106.079999,28.658844],[-106.080138,28.658609],[-106.080327,28.658402],[-106.080558,28.658232],[-106.080822,28.658105],[-106.081109,28.658026],[-106.081408,28.657997],[-106.081708,28.658021],[-106.081996,28.658096],[-106.082263,28.658219],[-106.082497,28.658385],[-106.08269,28.658589],[-106.082835,28.658822],[-106.082925,28.659075],[-106.082957,28.659339],[-106.08293,28.659603],[-106.082845,28.659858],[-106.082706,28.660093],[-106.082517,28.6603],[-106.082286,28.66047],[-106.082022,28.660597],[-106.081735,28.660676],[-106.081436,28.660705],[-106.081136,28.660681],[-106.080848,28.660606],[-106.080581,28.660483],[-106.080347,28.660317],[-106.080154,28.660113],[-106.080009,28.65988],[-106.079919,28.659627],[-106.079887,28.659363]]]},"properties":{"osm_id":10306781329,"nombre":"Primaria Carmen Romano De Lopéz Portillo","horarios":"07:00-08:30,12:30-14:30","limite_kmh":20}},{"type":"Feature","geometry":{"type":"Polygon","coordinates":[[[-106.079701,28.65993],[-106.079728,28.659666],[-106.079813,28.659411],[-106.079952,28.659176],[-106.080141,28.658969],[-106.080372,28.658799],[-106.080636,28.658672],[-106.080923,28.658593],[-106.081222,28.658564],[-106.081522,28.658588],[-106.08181,28.658663],[-106.082077,28.658786],[-106.082311,28.658952],[-106.082504,28.659156],[-106.082649,28.659389],[-106.082739,28.659642],[-106.082771,28.659906],[-106.082744,28.66017],[-106.082659,28.660425],[-106.08252,28.66066],[-106.082331,28.660867],[-106.0821,28.661037],[-106.081836,28.661164],[-106.081549,28.661243],[-106.08125,28.661272],[-106.08095,28.661248],[-106.080661,28.661173],[-106.080395,28.66105],[-106.080161,28.660884],[-106.079968,28.66068],[-106.079823,28.660447],[-106.079733,28.660194],[-106.079701,28.65993]]]},"properties":{"osm_id":10306895227,"nombre":"Centro de Atención Múltiple Paula Aún de Aguirre","horarios":"07:00-08:30,12:30-14:30","limite_kmh":20}},{"type":"Feature","geometry":{"type":"Polygon","coordinates":[[[-106.095767,28.666423],[-106.095794,28.666159],[-106.095879,28.665904],[-106.096018,28.665669],[-106.096207,28.665463],[-106.096438,28.665292],[-106.096702,28.665165],[-106.096989,28.665086],[-106.097288,28.665057],[-106.097588,28.665081],[-106.097876,28.665156],[-106.098143,28.665279],[-106.098377,28.665445],[-106.09857,28.665649],[-106.098715,28.665881],[-106.098805,28.666135],[-106.098837,28.666399],[-106.09881,28.666663],[-106.098725,28.666918],[-106.098586,28.667153],[-106.098397,28.667359],[-106.098166,28.66753],[-106.097902,28.667657],[-106.097615,28.667736],[-106.097316,28.667765],[-106.097016,28.667741],[-106.096728,28.667666],[-106.096461,28.667543],[-106.096227,28.667377],[-106.096034,28.667173],[-106.095889,28.666941],[-106.095799,28.666687],[-106.095767,28.666423]]]},"properties":{"osm_id":10307023374,"nombre":"Primaria Benito Juárez","horarios":"07:00-08:30,12:30-14:30","limite_kmh":20}},{"type":"Feature","geometry":{"type":"Polygon","coordinates":[[[-106.090461,28.662034],[-106.090488,28.66177],[-106.090573,28.661515],[-106.090712,28.66128],[-106.090901,28.661074],[-106.091132,28.660903],[-106.091396,28.660776],[-106.091683,28.660697],[-106.091982,28.660668],[-106.092282,28.660692],[-106.09257,28.660767],[-106.092837,28.66089],[-106.093071,28.661056],[-106.093264,28.66126],[-106.093409,28.661493],[-106.093499,28.661746],[-106.093531,28.66201],[-106.093504,28.662274],[-106.093419,28.662529],[-106.09328,28.662764],[-106.093091,28.66297],[-106.09286,28.663141],[-106.092596,28.663268],[-106.092309,28.663347],[-106.09201,28.663376],[-106.09171,28.663352],[-106.091422,28.663277],[-106.091155,28.663154],[-106.090921,28.662988],[-106.090728,28.662784],[-106.090583,28.662551],[-106.090493,28.662298],[-106.090461,28.662034]]]},"properties":{"osm_id":10307090874,"nombre":"Primaria Rafael Ramírez Castañeda","horarios":"07:00-08:30,12:30-14:30","limite_kmh":20}},{"type":"Feature","geometry":{"type":"Polygon","coordinates":[[[-106.068828,28.626398],[-106.068855,28.626134],[-106.068939,28.625879],[-106.069079,28.625644],[-106.069267,28.625437],[-106.069498,28.625267],[-106.069762,28.62514],[-106.070049,28.625061],[-106.070348,28.625032],[-106.070648,28.625056],[-106.070936,28.625131],[-106.071203,28.625254],[-106.071437,28.62542],[-106.07163,28.625624],[-106.071774,28.625857],[-106.071864,28.62611],[-106.071896,28.626374],[-106.071869,28.626638],[-106.071785,28.626893],[-106.071645,28.627128],[-106.071457,28.627335],[-106.071226,28.627505],[-106.070962,28.627632],[-106.070675,28.627711],[-106.070376,28.62774],[-106.070076,28.627716],[-106.069788,28.627641],[-106.069521,28.627518],[-106.069287,28.627352],[-106.069094,28.627148],[-106.06895,28.626915],[-106.06886,28.626662],[-106.068828,28.626398]]]},"properties":{"osm_id":10307199810,"nombre":"Primaria José María Mercado","horarios":"07:00-08:30,12:30-14:30","limite_kmh":20}},{"type":"Feature","geometry":{"type":"Polygon","coordinates":[[[-106.079718,28.632361],[-106.079744,28.632097],[-106.079829,28.631842],[-106.079969,28.631607],[-106.080157,28.6314],[-106.080388,28.63123],[-106.080652,28.631103],[-106.080939,28.631024],[-106.081238,28.630995],[-106.081538,28.631019],[-106.081826,28.631094],[-106.082093,28.631217],[-106.082327,28.631383],[-106.08252,28.631587],[-106.082664,28.63182],[-106.082754,28.632073],[-106.082786,28.632337],[-106.08276,28.632601],[-106.082675,28.632856],[-106.082535,28.633091],[-106.082347,28.633298],[-106.082116,28.633468],[-106.081852,28.633595],[-106.081565,28.633674],[-106.081266,28.633703],[-106.080966,28.633679],[-106.080678,28.633604],[-106.080411,28.633481],[-106.080177,28.633315],[-106.079984,28.633111],[-106.07984,28.632878],[-106.07975,28.632625],[-106.079718,28.632361]]]},"properties":{"osm_id":10310408366,"nombre":"Colegio de Bachilleres del Estado de Chihuahua Plantel 1","horarios":"07:00-08:30,12:30-14:30","limite_kmh":20}},{"type":"Feature","geometry":{"type":"Polygon","coordinates":[[[-106.149884,28.698476],[-106.14991,28.698212],[-106.149995,28.697957],[-106.150134,28.697722],[-106.150323,28.697515],[-106.150554,28.697345],[-106.150818,28.697217],[-106.151105,28.697138],[-106.151404,28.697109],[-106.151704,28.697133],[-106.151993,28.697207],[-106.15226,28.69733],[-106.152494,28.697497],[-106.152687,28.6977],[-106.152832,28.697933],[-106.152922,28.698186],[-106.152954,28.69845],[-106.152928,28.698714],[-106.152843,28.698969],[-106.152704,28.699204],[-106.152515,28.699411],[-106.152284,28.699581],[-106.15202,28.699709],[-106.151733,28.699788],[-106.151434,28.699817],[-106.151134,28.699793],[-106.150845,28.699719],[-106.150578,28.699596],[-106.150344,28.699429],[-106.150151,28.699226],[-106.150006,28.698993],[-106.149916,28.69874],[-106.149884,28.698476]]]},"properties":{"osm_id":10317576600,"nombre":"Esfer Salesianos","horarios":"07:00-08:30,12:30-14:30","limite_kmh":20}},{"type":"Feature","geometry":{"type":"Polygon","coordinates":[[[-106.017194,28.611906],[-106.017221,28.611641],[-106.017306,28.611387],[-106.017445,28.611151],[-106.017634,28.610945],[-106.017865,28.610775],[-106.018129,28.610648],[-106.018416,28.610569],[-106.018715,28.61054],[-106.019014,28.610564],[-106.019303,28.610639],[-106.019569,28.610762],[-106.019804,28.610929],[-106.019996,28.611132],[-106.02014,28.611365],[-106.02023,28.611619],[-106.020262,28.611882],[-106.020235,28.612147],[-106.02015,28.612401],[-106.020011,28.612637],[-106.019822,28.612843],[-106.019591,28.613013],[-106.019327,28.61314],[-106.01904,28.613219],[-106.018741,28.613248],[-106.018442,28.613224],[-106.018153,28.613149],[-106.017887,28.613026],[-106.017652,28.612859],[-106.01746,28.612656],[-106.017316,28.612423],[-106.017226,28.612169],[-106.017194,28.611906]]]},"properties":{"osm_id":10329590723,"nombre":"Escuela Primaria John F. Kennedy","horarios":"07:00-08:30,12:30-14:30","limite_kmh":20}},{"type":"Feature","geometry":{"type":"Polygon","coordinates":[[[-106.038086,28.609223],[-106.038113,28.608958],[-106.038198,28.608704],[-106.038337,28.608469],[-106.038526,28.608262],[-106.038757,28.608092],[-106.039021,28.607965],[-106.039308,28.607886],[-106.039607,28.607857],[-106.039906,28.607881],[-106.040195,28.607956],[-106.040461,28.608079],[-106.040695,28.608245],[-106.040888,28.608449],[-106.041032,28.608682],[-106.041122,28.608935],[-106.041154,28.609199],[-106.041127,28.609464],[-106.041042,28.609718],[-106.040903,28.609953],[-106.040714,28.61016],[-106.040483,28.61033],[-106.040219,28.610457],[-106.039932,28.610536],[-106.039633,28.610565],[-106.039334,28.610541],[-106.039045,28.610466],[-106.038779,28.610343],[-106.038545,28.610177],[-106.038352,28.609973],[-106.038208,28.60974],[-106.038118,28.609487],[-106.038086,28.609223]]]},"properties":{"osm_id":10329719858,"nombre":"Escuela Primaría Oficial 24 de Febrero","horarios":"07:00-08:30,12:30-14:30","limite_kmh":20}},{"type":"Feature","geometry":{"type":"Polygon","coordinates":[[[-106.009872,28.66893],[-106.009899,28.668666],[-106.009984,28.668412],[-106.010124,28.668176],[-106.010312,28.66797],[-106.010543,28.6678],[-106.010808,28.667673],[-106.011095,28.667593],[-106.011394,28.667565],[-106.011694,28.667589],[-106.011982,28.667664],[-106.012249,28.667787],[-106.012483,28.667954],[-106.012676,28.668157],[-106.01282,28.66839],[-106.01291,28.668644],[-106.012942,28.668908],[-106.012915,28.669172],[-106.01283,28.669426],[-106.01269,28.669662],[-106.012502,28.669868],[-106.012271,28.670038],[-106.012006,28.670165],[-106.011719,28.670245],[-106.01142,28.670273],[-106.01112,28.670249],[-106.010832,28.670174],[-106.010565,28.670051],[-106.010331,28.669884],[-106.010138,28.669681],[-106.009994,28.669448],[-106.009904,28.669194],[-106.009872,28.66893]]]},"properties":{"osm_id":10330280725,"nombre":"CETIS Número 86","horarios":"07:00-08:30,12:30-14:30","limite_kmh":20}},{"type":"Feature","geometry":{"type":"Polygon","coordinates":[[[-106.019188,28.663641],[-106.019215,28.663376],[-106.0193,28.663122],[-106.01944,28.662887],[-106.019628,28.66268],[-106.019859,28.66251],[-106.020124,28.662383],[-106.020411,28.662304],[-106.02071,28.662275],[-106.02101,28.662299],[-106.021298,28.662374],[-106.021565,28.662497],[-106.021799,28.662664],[-106.021992,28.662867],[-106.022136,28.6631],[-106.022226,28.663354],[-106.022258,28.663617],[-106.022231,28.663882],[-106.022146,28.664136],[-106.022006,28.664371],[-106.021818,28.664578],[-106.021587,28.664748],[-106.021322,28.664875],[-106.021035,28.664954],[-106.020736,28.664983],[-106.020436,28.664959],[-106.020148,28.664884],[-106.019881,28.664761],[-106.019647,28.664594],[-106.019454,28.664391],[-106.01931,28.664158],[-106.01922,28.663904],[-106.019188,28.663641]]]},"properties":{"osm_id":10330430029,"nombre":"CAM #24","horarios":"07:00-08:30,12:30-14:30","limite_kmh":20}},{"type":"Feature","geometry":{"type":"Polygon","coordinates":[[[-106.019628,28.664529],[-106.019655,28.664264],[-106.01974,28.66401],[-106.01988,28.663775],[-106.020068,28.663568],[-106.020299,28.663398],[-106.020564,28.663271],[-106.020851,28.663192],[-106.02115,28.663163],[-106.02145,28.663187],[-106.021738,28.663262],[-106.022005,28.663385],[-106.022239,28.663552],[-106.022432,28.663755],[-106.022576,28.663988],[-106.022666,28.664242],[-106.022698,28.664505],[-106.022671,28.66477],[-106.022586,28.665024],[-106.022446,28.665259],[-106.022258,28.665466],[-106.022027,28.665636],[-106.021762,28.665763],[-106.021475,28.665842],[-106.021176,28.665871],[-106.020876,28.665847],[-106.020588,28.665772],[-106.020321,28.665649],[-106.020087,28.665482],[-106.019894,28.665279],[-106.01975,28.665046],[-106.01966,28.664792],[-106.019628,28.664529]]]},"properties":{"osm_id":10330430034,"nombre":"Escuela Secundaria Técnica #40","horarios":"07:00-08:30,12:30-14:30","limite_kmh":20}},{"type":"Feature","geometry":{"type":"Polygon","coordinates":[[[-106.049146,28.639503],[-106.049172,28.639239],[-106.049257,28.638984],[-106.049397,28.638749],[-106.049585,28.638542],[-106.049816,28.638372],[-106.05008,28.638245],[-106.050367,28.638166],[-106.050667,28.638137],[-106.050966,28.638161],[-106.051255,28.638236],[-106.051521,28.638359],[-106.051755,28.638525],[-106.051948,28.638729],[-106.052093,28.638962],[-106.052182,28.639215],[-106.052214,28.639479],[-106.052188,28.639743],[-106.052103,28.639998],[-106.051963,28.640233],[-106.051775,28.64044],[-106.051544,28.64061],[-106.05128,28.640737],[-106.050993,28.640816],[-106.050693,28.640845],[-106.050394,28.640821],[-106.050105,28.640746],[-106.049839,28.640623],[-106.049604,28.640457],[-106.049412,28.640253],[-106.049267,28.64002],[-106.049178,28.639767],[-106.049146,28.639503]]]},"properties":{"osm_id":10330449705,"nombre":"Escuela Primaria Independencia","horarios":"07:00-08:30,12:30-14:30","limite_kmh":20}},{"type":"Feature","geometry":{"type":"Polygon","coordinates":[[[-106.108485,28.586339],[-106.108512,28.586074],[-106.108597,28.58582],[-106.108736,28.585584],[-106.108924,28.585378],[-106.109155,28.585207],[-106.109419,28.58508],[-106.109706,28.585001],[-106.110005,28.584972],[-106.110304,28.584996],[-106.110593,28.585071],[-106.110859,28.585193],[-106.111093,28.58536],[-106.111286,28.585563],[-106.11143,28.585796],[-106.11152,28.58605],[-106.111553,28.586313],[-106.111526,28.586578],[-106.111441,28.586832],[-106.111302,28.587068],[-106.111114,28.587274],[-106.110883,28.587445],[-106.110619,28.587572],[-106.110332,28.587651],[-106.110033,28.58768],[-106.109734,28.587656],[-106.109445,28.587581],[-106.109179,28.587459],[-106.108945,28.587292],[-106.108752,28.587089],[-106.108607,28.586856],[-106.108518,28.586602],[-106.108485,28.586339]]]},"properties":{"osm_id":10330587335,"nombre":"Centro de Capacitación 102","horarios":"07:00-08:30,12:30-14:30","limite_kmh":20}},{"type":"Feature","geometry":{"type":"Polygon","coordinates":[[[-106.154755,28.573179],[-106.154781,28.572915],[-106.154866,28.57266],[-106.155005,28.572425],[-106.155193,28.572218],[-106.155424,28.572048],[-106.155687,28.57192],[-106.155974,28.571841],[-106.156273,28.571812],[-106.156573,28.571836],[-106.156861,28.57191],[-106.157128,28.572033],[-106.157362,28.5722],[-106.157555,28.572403],[-106.157699,28.572636],[-106.157789,28.572889],[-106.157821,28.573153],[-106.157795,28.573417],[-106.15771,28.573672],[-106.157571,28.573907],[-106.157383,28.574114],[-106.157152,28.574284],[-106.156889,28.574412],[-106.156602,28.574491],[-106.156303,28.57452],[-106.156003,28.574496],[-106.155715,28.574422],[-106.155448,28.574299],[-106.155214,28.574132],[-106.155021,28.573929],[-106.154877,28.573696],[-106.154787,28.573443],[-106.154755,28.573179]]]},"properties":{"osm_id":10330600362,"nombre":"Escuela","horarios":"07:00-08:30,12:30-14:30","limite_kmh":20}},{"type":"Feature","geometry":{"type":"Polygon","coordinates":[[[-106.154471,28.573432],[-106.154497,28.573168],[-106.154582,28.572913],[-106.154721,28.572678],[-106.154909,28.572471],[-106.15514,28.572301],[-106.155403,28.572173],[-106.15569,28.572094],[-106.155989,28.572065],[-106.156289,28.572089],[-106.156577,28.572163],[-106.156844,28.572286],[-106.157078,28.572453],[-106.157271,28.572656],[-106.157415,28.572889],[-106.157505,28.573142],[-106.157537,28.573406],[-106.157511,28.57367],[-106.157426,28.573925],[-106.157287,28.57416],[-106.157099,28.574367],[-106.156868,28.574537],[-106.156605,28.574665],[-106.156318,28.574744],[-106.156019,28.574773],[-106.155719,28.574749],[-106.155431,28.574675],[-106.155164,28.574552],[-106.15493,28.574385],[-106.154737,28.574182],[-106.154593,28.573949],[-106.154503,28.573696],[-106.154471,28.573432]]]},"properties":{"osm_id":10330600363,"nombre":"CBTIS 158","horarios":"07:00-08:30,12:30-14:30","limite_kmh":20}},{"type":"Feature","geometry":{"type":"Polygon","coordinates":[[[-106.154376,28.573147],[-106.154402,28.572883],[-106.154487,28.572628],[-106.154626,28.572393],[-106.154814,28.572186],[-106.155045,28.572016],[-106.155309,28.571888],[-106.155595,28.571809],[-106.155894,28.57178],[-106.156194,28.571804],[-106.156482,28.571878],[-106.156749,28.572001],[-106.156983,28.572168],[-106.157176,28.572371],[-106.15732,28.572604],[-106.15741,28.572857],[-106.157442,28.573121],[-106.157416,28.573385],[-106.157331,28.57364],[-106.157192,28.573875],[-106.157004,28.574082],[-106.156773,28.574252],[-106.15651,28.57438],[-106.156223,28.574459],[-106.155924,28.574488],[-106.155624,28.574464],[-106.155336,28.57439],[-106.155069,28.574267],[-106.154835,28.5741],[-106.154642,28.573897],[-106.154498,28.573664],[-106.154408,28.573411],[-106.154376,28.573147]]]},"properties":{"osm_id":10330600366,"nombre":"Escuela","horarios":"07:00-08:30,12:30-14:30","limite_kmh":20}},{"type":"Feature","geometry":{"type":"Polygon","coordinates":[[[-106.154449,28.57381],[-106.154475,28.573546],[-106.15456,28.573291],[-106.154699,28.573056],[-106.154887,28.572849],[-106.155118,28.572679],[-106.155381,28.572551],[-106.155668,28.572472],[-106.155967,28.572443],[-106.156267,28.572467],[-106.156555,28.572541],[-106.156822,28.572664],[-106.157056,28.572831],[-106.157249,28.573034],[-106.157393,28.573267],[-106.157483,28.57352],[-106.157515,28.573784],[-106.157489,28.574048],[-106.157404,28.574303],[-106.157265,28.574538],[-106.157077,28.574745],[-106.156846,28.574915],[-106.156583,28.575043],[-106.156296,28.575122],[-106.155997,28.575151],[-106.155697,28.575127],[-106.155409,28.575053],[-106.155142,28.57493],[-106.154908,28.574763],[-106.154715,28.57456],[-106.154571,28.574327],[-106.154481,28.574074],[-106.154449,28.57381]]]},"properties":{"osm_id":10330600368,"nombre":"Escuela","horarios":"07:00-08:30,12:30-14:30","limite_kmh":20}},{"type":"Feature","geometry":{"type":"Polygon","coordinates":[[[-106.154716,28.572858],[-106.154742,28.572594],[-106.154827,28.572339],[-106.154966,28.572104],[-106.155154,28.571897],[-106.155385,28.571727],[-106.155648,28.571599],[-106.155935,28.57152],[-106.156234,28.571491],[-106.156534,28.571515],[-106.156822,28.571589],[-106.157089,28.571712],[-106.157323,28.571879],[-106.157516,28.572082],[-106.15766,28.572315],[-106.15775,28.572568],[-106.157782,28.572832],[-106.157756,28.573096],[-106.157671,28.573351],[-106.157532,28.573586],[-106.157344,28.573793],[-106.157113,28.573963],[-106.15685,28.574091],[-106.156563,28.57417],[-106.156264,28.574199],[-106.155964,28.574175],[-106.155676,28.574101],[-106.155409,28.573978],[-106.155175,28.573811],[-106.154982,28.573608],[-106.154838,28.573375],[-106.154748,28.573122],[-106.154716,28.572858]]]},"properties":{"osm_id":10330600369,"nombre":"Escuela","horarios":"07:00-08:30,12:30-14:30","limite_kmh":20}},{"type":"Feature","geometry":{"type":"Polygon","coordinates":[[[-106.154773,28.573576],[-106.154799,28.573312],[-106.154884,28.573057],[-106.155023,28.572822],[-106.155211,28.572615],[-106.155442,28.572445],[-106.155705,28.572317],[-106.155992,28.572238],[-106.156291,28.572209],[-106.156591,28.572233],[-106.156879,28.572307],[-106.157146,28.57243],[-106.15738,28.572597],[-106.157573,28.5728],[-106.157717,28.573033],[-106.157807,28.573286],[-106.157839,28.57355],[-106.157813,28.573814],[-106.157728,28.574069],[-106.157589,28.574304],[-106.157401,28.574511],[-106.15717,28.574681],[-106.156907,28.574809],[-106.15662,28.574888],[-106.156321,28.574917],[-106.156021,28.574893],[-106.155733,28.574819],[-106.155466,28.574696],[-106.155232,28.574529],[-106.155039,28.574326],[-106.154895,28.574093],[-106.154805,28.57384],[-106.154773,28.573576]]]},"properties":{"osm_id":10330600371,"nombre":"Escuela","horarios":"07:00-08:30,12:30-14:30","limite_kmh":20}},{"type":"Feature","geometry":{"type":"Polygon","coordinates":[[[-106.154391,28.57344],[-106.154417,28.573176],[-106.154502,28.572921],[-106.154641,28.572686],[-106.154829,28.572479],[-106.15506,28.572309],[-106.155323,28.572181],[-106.15561,28.572102],[-106.155909,28.572073],[-106.156209,28.572097],[-106.156497,28.572171],[-106.156764,28.572294],[-106.156998,28.572461],[-106.157191,28.572664],[-106.157335,28.572897],[-106.157425,28.57315],[-106.157457,28.573414],[-106.157431,28.573678],[-106.157346,28.573933],[-106.157207,28.574168],[-106.157019,28.574375],[-106.156788,28.574545],[-106.156525,28.574673],[-106.156238,28.574752],[-106.155939,28.574781],[-106.155639,28.574757],[-106.155351,28.574683],[-106.155084,28.57456],[-106.15485,28.574393],[-106.154657,28.57419],[-106.154513,28.573957],[-106.154423,28.573704],[-106.154391,28.57344]]]},"properties":{"osm_id":10330600374,"nombre":"Escuela","horarios":"07:00-08:30,12:30-14:30","limite_kmh":20}},{"type":"Feature","geometry":{"type":"Polygon","coordinates":[[[-106.154271,28.572833],[-106.154297,28.572569],[-106.154382,28.572314],[-106.154521,28.572079],[-106.154709,28.571872],[-106.15494,28.571702],[-106.155204,28.571574],[-106.15549,28.571495],[-106.155789,28.571466],[-106.156089,28.57149],[-106.156377,28.571564],[-106.156644,28.571687],[-106.156878,28.571854],[-106.157071,28.572057],[-106.157215,28.57229],[-106.157305,28.572543],[-106.157337,28.572807],[-106.157311,28.573071],[-106.157226,28.573326],[-106.157087,28.573561],[-106.156899,28.573768],[-106.156668,28.573938],[-106.156405,28.574066],[-106.156118,28.574145],[-106.155819,28.574174],[-106.155519,28.57415],[-106.155231,28.574076],[-106.154964,28.573953],[-106.15473,28.573786],[-106.154537,28.573583],[-106.154393,28.57335],[-106.154303,28.573097],[-106.154271,28.572833]]]},"properties":{"osm_id":10330600376,"nombre":"Escuela","horarios":"07:00-08:30,12:30-14:30","limite_kmh":20}},{"type":"Feature","geometry":{"type":"Polygon","coordinates":[[[-105.985933,28.67088],[-105.98596,28.670616],[-105.986045,28.670361],[-105.986185,28.670126],[-105.986374,28.66992],[-105.986605,28.66975],[-105.986869,28.669623],[-105.987156,28.669543],[-105.987455,28.669515],[-105.987755,28.669539],[-105.988044,28.669614],[-105.98831,28.669737],[-105.988544,28.669904],[-105.988737,28.670108],[-105.988881,28.670341],[-105.988971,28.670594],[-105.989003,28.670858],[-105.988976,28.671122],[-105.988891,28.671377],[-105.988751,28.671612],[-105.988562,28.671818],[-105.988331,28.671988],[-105.988067,28.672115],[-105.98778,28.672195],[-105.987481,28.672223],[-105.987181,28.672199],[-105.986892,28.672124],[-105.986626,28.672001],[-105.986392,28.671834],[-105.986199,28.67163],[-105.986055,28.671397],[-105.985965,28.671144],[-105.985933,28.67088]]]},"properties":{"osm_id":10348775219,"nombre":"Preescolar Maria E. Alvarez","horarios":"07:00-08:30,12:30-14:30","limite_kmh":20}},{"type":"Feature","geometry":{"type":"Polygon","coordinates":[[[-105.985378,28.67022],[-105.985405,28.669956],[-105.98549,28.669701],[-105.98563,28.669466],[-105.985819,28.66926],[-105.98605,28.66909],[-105.986314,28.668963],[-105.986601,28.668883],[-105.9869,28.668855],[-105.9872,28.668879],[-105.987489,28.668954],[-105.987755,28.669077],[-105.987989,28.669244],[-105.988182,28.669448],[-105.988326,28.669681],[-105.988416,28.669934],[-105.988448,28.670198],[-105.988421,28.670462],[-105.988336,28.670717],[-105.988196,28.670952],[-105.988007,28.671158],[-105.987776,28.671328],[-105.987512,28.671455],[-105.987225,28.671535],[-105.986926,28.671563],[-105.986626,28.671539],[-105.986337,28.671464],[-105.986071,28.671341],[-105.985837,28.671174],[-105.985644,28.67097],[-105.9855,28.670737],[-105.98541,28.670484],[-105.985378,28.67022]]]},"properties":{"osm_id":10348775220,"nombre":"Escuela Secundaria Federal 12","horarios":"07:00-08:30,12:30-14:30","limite_kmh":20}},{"type":"Feature","geometry":{"type":"Polygon","coordinates":[[[-105.984032,28.675254],[-105.984059,28.67499],[-105.984144,28.674735],[-105.984284,28.6745],[-105.984473,28.674294],[-105.984704,28.674124],[-105.984968,28.673997],[-105.985255,28.673917],[-105.985554,28.673889],[-105.985854,28.673913],[-105.986143,28.673988],[-105.986409,28.674111],[-105.986643,28.674278],[-105.986836,28.674482],[-105.98698,28.674715],[-105.98707,28.674968],[-105.987102,28.675232],[-105.987075,28.675496],[-105.98699,28.675751],[-105.98685,28.675986],[-105.986661,28.676192],[-105.98643,28.676362],[-105.986166,28.676489],[-105.985879,28.676569],[-105.98558,28.676597],[-105.98528,28.676573],[-105.984991,28.676498],[-105.984725,28.676375],[-105.984491,28.676208],[-105.984298,28.676004],[-105.984154,28.675771],[-105.984064,28.675518],[-105.984032,28.675254]]]},"properties":{"osm_id":10348775231,"nombre":"Escuela Primeria Profesor Juan Alanis 2390","horarios":"07:00-08:30,12:30-14:30","limite_kmh":20}},{"type":"Feature","geometry":{"type":"Polygon","coordinates":[[[-105.98427,28.675293],[-105.984297,28.675029],[-105.984382,28.674774],[-105.984522,28.674539],[-105.984711,28.674333],[-105.984942,28.674163],[-105.985206,28.674036],[-105.985493,28.673956],[-105.985792,28.673928],[-105.986092,28.673952],[-105.986381,28.674027],[-105.986647,28.67415],[-105.986881,28.674317],[-105.987074,28.674521],[-105.987218,28.674754],[-105.987308,28.675007],[-105.98734,28.675271],[-105.987313,28.675535],[-105.987228,28.67579],[-105.987088,28.676025],[-105.986899,28.676231],[-105.986668,28.676401],[-105.986404,28.676528],[-105.986117,28.676608],[-105.985818,28.676636],[-105.985518,28.676612],[-105.985229,28.676537],[-105.984963,28.676414],[-105.984729,28.676247],[-105.984536,28.676043],[-105.984392,28.67581],[-105.984302,28.675557],[-105.98427,28.675293]]]},"properties":{"osm_id":10348775234,"nombre":"Escuela","horarios":"07:00-08:30,12:30-14:30","limite_kmh":20}},{"type":"Feature","geometry":{"type":"Polygon","coordinates":[[[-105.98384,28.675503],[-105.983867,28.675239],[-105.983952,28.674984],[-105.984092,28.674749],[-105.984281,28.674543],[-105.984512,28.674373],[-105.984776,28.674246],[-105.985063,28.674166],[-105.985362,28.674138],[-105.985662,28.674162],[-105.985951,28.674237],[-105.986217,28.67436],[-105.986451,28.674527],[-105.986644,28.674731],[-105.986788,28.674964],[-105.986878,28.675217],[-105.98691,28.675481],[-105.986883,28.675745],[-105.986798,28.676],[-105.986658,28.676235],[-105.986469,28.676441],[-105.986238,28.676611],[-105.985974,28.676738],[-105.985687,28.676818],[-105.985388,28.676846],[-105.985088,28.676822],[-105.984799,28.676747],[-105.984533,28.676624],[-105.984299,28.676457],[-105.984106,28.676253],[-105.983962,28.67602],[-105.983872,28.675767],[-105.98384,28.675503]]]},"properties":{"osm_id":10348775235,"nombre":"Escuela","horarios":"07:00-08:30,12:30-14:30","limite_kmh":20}},{"type":"Feature","geometry":{"type":"Polygon","coordinates":[[[-105.983813,28.675283],[-105.98384,28.675019],[-105.983925,28.674764],[-105.984065,28.674529],[-105.984254,28.674323],[-105.984485,28.674153],[-105.984749,28.674026],[-105.985036,28.673946],[-105.985335,28.673918],[-105.985635,28.673942],[-105.985924,28.674017],[-105.98619,28.67414],[-105.986424,28.674307],[-105.986617,28.674511],[-105.986761,28.674744],[-105.986851,28.674997],[-105.986883,28.675261],[-105.986856,28.675525],[-105.986771,28.67578],[-105.986631,28.676015],[-105.986442,28.676221],[-105.986211,28.676391],[-105.985947,28.676518],[-105.98566,28.676598],[-105.985361,28.676626],[-105.985061,28.676602],[-105.984772,28.676527],[-105.984506,28.676404],[-105.984272,28.676237],[-105.984079,28.676033],[-105.983935,28.6758],[-105.983845,28.675547],[-105.983813,28.675283]]]},"properties":{"osm_id":10348775236,"nombre":"Escuela","horarios":"07:00-08:30,12:30-14:30","limite_kmh":20}},{"type":"Feature","geometry":{"type":"Polygon","coordinates":[[[-105.986216,28.670077],[-105.986243,28.669813],[-105.986328,28.669558],[-105.986468,28.669323],[-105.986657,28.669117],[-105.986888,28.668947],[-105.987152,28.66882],[-105.987439,28.66874],[-105.987738,28.668712],[-105.988038,28.668736],[-105.988327,28.668811],[-105.988593,28.668934],[-105.988827,28.669101],[-105.98902,28.669305],[-105.989164,28.669538],[-105.989254,28.669791],[-105.989286,28.670055],[-105.989259,28.670319],[-105.989174,28.670574],[-105.989034,28.670809],[-105.988845,28.671015],[-105.988614,28.671185],[-105.98835,28.671312],[-105.988063,28.671392],[-105.987764,28.67142],[-105.987464,28.671396],[-105.987175,28.671321],[-105.986909,28.671198],[-105.986675,28.671031],[-105.986482,28.670827],[-105.986338,28.670594],[-105.986248,28.670341],[-105.986216,28.670077]]]},"properties":{"osm_id":10348775238,"nombre":"Escuela primeria camino Real","horarios":"07:00-08:30,12:30-14:30","limite_kmh":20}},{"type":"Feature","geometry":{"type":"Polygon","coordinates":[[[-105.984029,28.675376],[-105.984056,28.675112],[-105.984141,28.674857],[-105.984281,28.674622],[-105.98447,28.674416],[-105.984701,28.674246],[-105.984965,28.674119],[-105.985252,28.674039],[-105.985551,28.674011],[-105.985851,28.674035],[-105.98614,28.67411],[-105.986406,28.674233],[-105.98664,28.6744],[-105.986833,28.674604],[-105.986977,28.674837],[-105.987067,28.67509],[-105.987099,28.675354],[-105.987072,28.675618],[-105.986987,28.675873],[-105.986847,28.676108],[-105.986658,28.676314],[-105.986427,28.676484],[-105.986163,28.676611],[-105.985876,28.676691],[-105.985577,28.676719],[-105.985277,28.676695],[-105.984988,28.67662],[-105.984722,28.676497],[-105.984488,28.67633],[-105.984295,28.676126],[-105.984151,28.675893],[-105.984061,28.67564],[-105.984029,28.675376]]]},"properties":{"osm_id":10348775239,"nombre":"Escuela","horarios":"07:00-08:30,12:30-14:30","limite_kmh":20}},{"type":"Feature","geometry":{"type":"Polygon","coordinates":[[[-105.984234,28.676039],[-105.984261,28.675775],[-105.984346,28.67552],[-105.984486,28.675285],[-105.984675,28.675079],[-105.984906,28.674909],[-105.98517,28.674782],[-105.985457,28.674702],[-105.985756,28.674674],[-105.986056,28.674698],[-105.986345,28.674773],[-105.986611,28.674896],[-105.986845,28.675063],[-105.987038,28.675267],[-105.987182,28.6755],[-105.987272,28.675753],[-105.987304,28.676017],[-105.987277,28.676281],[-105.987192,28.676536],[-105.987052,28.676771],[-105.986863,28.676977],[-105.986632,28.677147],[-105.986368,28.677274],[-105.986081,28.677354],[-105.985782,28.677382],[-105.985482,28.677358],[-105.985193,28.677283],[-105.984927,28.67716],[-105.984693,28.676993],[-105.9845,28.676789],[-105.984356,28.676556],[-105.984266,28.676303],[-105.984234,28.676039]]]},"properties":{"osm_id":10348775240,"nombre":"Jaerdin des Niñoes Fransisco Villa 8112","horarios":"07:00-08:30,12:30-14:30","limite_kmh":20}},{"type":"Feature","geometry":{"type":"Polygon","coordinates":[[[-105.980725,28.66501],[-105.980752,28.664746],[-105.980837,28.664491],[-105.980977,28.664256],[-105.981166,28.66405],[-105.981397,28.66388],[-105.981661,28.663753],[-105.981948,28.663673],[-105.982247,28.663645],[-105.982547,28.663669],[-105.982836,28.663744],[-105.983102,28.663867],[-105.983336,28.664034],[-105.983529,28.664238],[-105.983673,28.664471],[-105.983763,28.664724],[-105.983795,28.664988],[-105.983768,28.665252],[-105.983683,28.665507],[-105.983543,28.665742],[-105.983354,28.665948],[-105.983123,28.666118],[-105.982859,28.666245],[-105.982572,28.666325],[-105.982273,28.666353],[-105.981973,28.666329],[-105.981684,28.666254],[-105.981418,28.666131],[-105.981184,28.665964],[-105.980991,28.66576],[-105.980847,28.665527],[-105.980757,28.665274],[-105.980725,28.66501]]]},"properties":{"osm_id":10348789791,"nombre":"Escuela","horarios":"07:00-08:30,12:30-14:30","limite_kmh":20}},{"type":"Feature","geometry":{"type":"Polygon","coordinates":[[[-105.980684,28.665184],[-105.980711,28.66492],[-105.980796,28.664665],[-105.980936,28.66443],[-105.981125,28.664224],[-105.981356,28.664054],[-105.98162,28.663927],[-105.981907,28.663847],[-105.982206,28.663819],[-105.982506,28.663843],[-105.982795,28.663918],[-105.983061,28.664041],[-105.983295,28.664208],[-105.983488,28.664412],[-105.983632,28.664645],[-105.983722,28.664898],[-105.983754,28.665162],[-105.983727,28.665426],[-105.983642,28.665681],[-105.983502,28.665916],[-105.983313,28.666122],[-105.983082,28.666292],[-105.982818,28.666419],[-105.982531,28.666499],[-105.982232,28.666527],[-105.981932,28.666503],[-105.981643,28.666428],[-105.981377,28.666305],[-105.981143,28.666138],[-105.98095,28.665934],[-105.980806,28.665701],[-105.980716,28.665448],[-105.980684,28.665184]]]},"properties":{"osm_id":10348789796,"nombre":"Escuela","horarios":"07:00-08:30,12:30-14:30","limite_kmh":20}},{"type":"Feature","geometry":{"type":"Polygon","coordinates":[[[-105.98035,28.665008],[-105.980377,28.664744],[-105.980462,28.664489],[-105.980602,28.664254],[-105.980791,28.664048],[-105.981022,28.663878],[-105.981286,28.663751],[-105.981573,28.663671],[-105.981872,28.663643],[-105.982172,28.663667],[-105.982461,28.663742],[-105.982727,28.663865],[-105.982961,28.664032],[-105.983154,28.664236],[-105.983298,28.664469],[-105.983388,28.664722],[-105.98342,28.664986],[-105.983393,28.66525],[-105.983308,28.665505],[-105.983168,28.66574],[-105.982979,28.665946],[-105.982748,28.666116],[-105.982484,28.666243],[-105.982197,28.666323],[-105.981898,28.666351],[-105.981598,28.666327],[-105.981309,28.666252],[-105.981043,28.666129],[-105.980809,28.665962],[-105.980616,28.665758],[-105.980472,28.665525],[-105.980382,28.665272],[-105.98035,28.665008]]]},"properties":{"osm_id":10348789802,"nombre":"Escuela","horarios":"07:00-08:30,12:30-14:30","limite_kmh":20}},{"type":"Feature","geometry":{"type":"Polygon","coordinates":[[[-105.980469,28.665175],[-105.980496,28.664911],[-105.980581,28.664656],[-105.980721,28.664421],[-105.98091,28.664215],[-105.981141,28.664045],[-105.981405,28.663918],[-105.981692,28.663838],[-105.981991,28.66381],[-105.982291,28.663834],[-105.98258,28.663909],[-105.982846,28.664032],[-105.98308,28.664199],[-105.983273,28.664403],[-105.983417,28.664636],[-105.983507,28.664889],[-105.983539,28.665153],[-105.983512,28.665417],[-105.983427,28.665672],[-105.983287,28.665907],[-105.983098,28.666113],[-105.982867,28.666283],[-105.982603,28.66641],[-105.982316,28.66649],[-105.982017,28.666518],[-105.981717,28.666494],[-105.981428,28.666419],[-105.981162,28.666296],[-105.980928,28.666129],[-105.980735,28.665925],[-105.980591,28.665692],[-105.980501,28.665439],[-105.980469,28.665175]]]},"properties":{"osm_id":10348789806,"nombre":"Escuela","horarios":"07:00-08:30,12:30-14:30","limite_kmh":20}},{"type":"Feature","geometry":{"type":"Polygon","coordinates":[[[-105.980413,28.664999],[-105.98044,28.664735],[-105.980525,28.66448],[-105.980665,28.664245],[-105.980854,28.664039],[-105.981085,28.663869],[-105.981349,28.663742],[-105.981636,28.663662],[-105.981935,28.663634],[-105.982235,28.663658],[-105.982524,28.663733],[-105.98279,28.663856],[-105.983024,28.664023],[-105.983217,28.664227],[-105.983361,28.66446],[-105.983451,28.664713],[-105.983483,28.664977],[-105.983456,28.665241],[-105.983371,28.665496],[-105.983231,28.665731],[-105.983042,28.665937],[-105.982811,28.666107],[-105.982547,28.666234],[-105.98226,28.666314],[-105.981961,28.666342],[-105.981661,28.666318],[-105.981372,28.666243],[-105.981106,28.66612],[-105.980872,28.665953],[-105.980679,28.665749],[-105.980535,28.665516],[-105.980445,28.665263],[-105.980413,28.664999]]]},"properties":{"osm_id":10348789809,"nombre":"Escuela Primeria Niños Artillero","horarios":"07:00-08:30,12:30-14:30","limite_kmh":20}},{"type":"Feature","geometry":{"type":"Polygon","coordinates":[[[-105.974887,28.667602],[-105.974914,28.667338],[-105.974999,28.667083],[-105.975139,28.666848],[-105.975328,28.666642],[-105.975559,28.666472],[-105.975823,28.666345],[-105.97611,28.666265],[-105.976409,28.666237],[-105.976709,28.666261],[-105.976998,28.666336],[-105.977264,28.666459],[-105.977498,28.666626],[-105.977691,28.66683],[-105.977835,28.667063],[-105.977925,28.667316],[-105.977957,28.66758],[-105.97793,28.667844],[-105.977845,28.668099],[-105.977705,28.668334],[-105.977516,28.66854],[-105.977285,28.66871],[-105.977021,28.668837],[-105.976734,28.668917],[-105.976435,28.668945],[-105.976135,28.668921],[-105.975846,28.668846],[-105.97558,28.668723],[-105.975346,28.668556],[-105.975153,28.668352],[-105.975009,28.668119],[-105.974919,28.667866],[-105.974887,28.667602]]]},"properties":{"osm_id":10348798343,"nombre":"Escuela Primaria Federal Escuadrón 201 DPR 2625F","horarios":"07:00-08:30,12:30-14:30","limite_kmh":20}},{"type":"Feature","geometry":{"type":"Polygon","coordinates":[[[-105.975776,28.667528],[-105.975803,28.667264],[-105.975888,28.667009],[-105.976028,28.666774],[-105.976217,28.666568],[-105.976448,28.666398],[-105.976712,28.666271],[-105.976999,28.666191],[-105.977298,28.666163],[-105.977598,28.666187],[-105.977887,28.666262],[-105.978153,28.666385],[-105.978387,28.666552],[-105.97858,28.666756],[-105.978724,28.666989],[-105.978814,28.667242],[-105.978846,28.667506],[-105.978819,28.66777],[-105.978734,28.668025],[-105.978594,28.66826],[-105.978405,28.668466],[-105.978174,28.668636],[-105.97791,28.668763],[-105.977623,28.668843],[-105.977324,28.668871],[-105.977024,28.668847],[-105.976735,28.668772],[-105.976469,28.668649],[-105.976235,28.668482],[-105.976042,28.668278],[-105.975898,28.668045],[-105.975808,28.667792],[-105.975776,28.667528]]]},"properties":{"osm_id":10348798359,"nombre":"Escuela Primaria Maria Brisia R.de Ayala","horarios":"07:00-08:30,12:30-14:30","limite_kmh":20}},{"type":"Feature","geometry":{"type":"Polygon","coordinates":[[[-105.963775,28.656277],[-105.963802,28.656013],[-105.963887,28.655758],[-105.964027,28.655523],[-105.964216,28.655316],[-105.964447,28.655146],[-105.964711,28.655019],[-105.964998,28.65494],[-105.965298,28.654912],[-105.965597,28.654936],[-105.965886,28.655011],[-105.966152,28.655134],[-105.966386,28.655301],[-105.966579,28.655505],[-105.966723,28.655738],[-105.966813,28.655991],[-105.966845,28.656255],[-105.966818,28.656519],[-105.966733,28.656774],[-105.966593,28.657009],[-105.966404,28.657216],[-105.966173,28.657386],[-105.965909,28.657513],[-105.965622,28.657592],[-105.965322,28.65762],[-105.965023,28.657596],[-105.964734,28.657521],[-105.964468,28.657398],[-105.964234,28.657231],[-105.964041,28.657027],[-105.963897,28.656794],[-105.963807,28.656541],[-105.963775,28.656277]]]},"properties":{"osm_id":10349629112,"nombre":"Escuela","horarios":"07:00-08:30,12:30-14:30","limite_kmh":20}},{"type":"Feature","geometry":{"type":"Polygon","coordinates":[[[-105.964558,28.656156],[-105.964585,28.655892],[-105.96467,28.655637],[-105.96481,28.655402],[-105.964999,28.655195],[-105.96523,28.655025],[-105.965494,28.654898],[-105.965781,28.654819],[-105.966081,28.654791],[-105.96638,28.654815],[-105.966669,28.65489],[-105.966935,28.655013],[-105.967169,28.65518],[-105.967362,28.655384],[-105.967506,28.655617],[-105.967596,28.65587],[-105.967628,28.656134],[-105.967601,28.656398],[-105.967516,28.656653],[-105.967376,28.656888],[-105.967187,28.657095],[-105.966956,28.657265],[-105.966692,28.657392],[-105.966405,28.657471],[-105.966105,28.657499],[-105.965806,28.657475],[-105.965517,28.6574],[-105.965251,28.657277],[-105.965017,28.65711],[-105.964824,28.656906],[-105.96468,28.656673],[-105.96459,28.65642],[-105.964558,28.656156]]]},"properties":{"osm_id":10349629113,"nombre":"Escuela","horarios":"07:00-08:30,12:30-14:30","limite_kmh":20}},{"type":"Feature","geometry":{"type":"Polygon","coordinates":[[[-105.963818,28.656311],[-105.963845,28.656047],[-105.96393,28.655792],[-105.96407,28.655557],[-105.964259,28.65535],[-105.96449,28.65518],[-105.964754,28.655053],[-105.965041,28.654974],[-105.965341,28.654946],[-105.96564,28.65497],[-105.965929,28.655045],[-105.966195,28.655168],[-105.966429,28.655335],[-105.966622,28.655539],[-105.966766,28.655772],[-105.966856,28.656025],[-105.966888,28.656289],[-105.966861,28.656553],[-105.966776,28.656808],[-105.966636,28.657043],[-105.966447,28.65725],[-105.966216,28.65742],[-105.965952,28.657547],[-105.965665,28.657626],[-105.965365,28.657654],[-105.965066,28.65763],[-105.964777,28.657555],[-105.964511,28.657432],[-105.964277,28.657265],[-105.964084,28.657061],[-105.96394,28.656828],[-105.96385,28.656575],[-105.963818,28.656311]]]},"properties":{"osm_id":10349629120,"nombre":"Escuela Preescolar Ebany","horarios":"07:00-08:30,12:30-14:30","limite_kmh":20}},{"type":"Feature","geometry":{"type":"Polygon","coordinates":[[[-105.963846,28.656601],[-105.963873,28.656337],[-105.963958,28.656082],[-105.964098,28.655847],[-105.964287,28.65564],[-105.964518,28.65547],[-105.964782,28.655343],[-105.965069,28.655264],[-105.965369,28.655236],[-105.965668,28.65526],[-105.965957,28.655335],[-105.966223,28.655458],[-105.966457,28.655625],[-105.96665,28.655829],[-105.966794,28.656062],[-105.966884,28.656315],[-105.966916,28.656579],[-105.966889,28.656843],[-105.966804,28.657098],[-105.966664,28.657333],[-105.966475,28.65754],[-105.966244,28.65771],[-105.96598,28.657837],[-105.965693,28.657916],[-105.965393,28.657944],[-105.965094,28.65792],[-105.964805,28.657845],[-105.964539,28.657722],[-105.964305,28.657555],[-105.964112,28.657351],[-105.963968,28.657118],[-105.963878,28.656865],[-105.963846,28.656601]]]},"properties":{"osm_id":10349629123,"nombre":"Escuela","horarios":"07:00-08:30,12:30-14:30","limite_kmh":20}},{"type":"Feature","geometry":{"type":"Polygon","coordinates":[[[-105.963822,28.656428],[-105.963849,28.656164],[-105.963934,28.655909],[-105.964074,28.655674],[-105.964263,28.655467],[-105.964494,28.655297],[-105.964758,28.65517],[-105.965045,28.655091],[-105.965345,28.655063],[-105.965644,28.655087],[-105.965933,28.655162],[-105.966199,28.655285],[-105.966433,28.655452],[-105.966626,28.655656],[-105.96677,28.655889],[-105.96686,28.656142],[-105.966892,28.656406],[-105.966865,28.65667],[-105.96678,28.656925],[-105.96664,28.65716],[-105.966451,28.657367],[-105.96622,28.657537],[-105.965956,28.657664],[-105.965669,28.657743],[-105.965369,28.657771],[-105.96507,28.657747],[-105.964781,28.657672],[-105.964515,28.657549],[-105.964281,28.657382],[-105.964088,28.657178],[-105.963944,28.656945],[-105.963854,28.656692],[-105.963822,28.656428]]]},"properties":{"osm_id":10349629124,"nombre":"Escuela","horarios":"07:00-08:30,12:30-14:30","limite_kmh":20}},{"type":"Feature","geometry":{"type":"Polygon","coordinates":[[[-105.9644,28.656167],[-105.964427,28.655903],[-105.964512,28.655648],[-105.964652,28.655413],[-105.964841,28.655206],[-105.965072,28.655036],[-105.965336,28.654909],[-105.965623,28.65483],[-105.965923,28.654802],[-105.966222,28.654826],[-105.966511,28.654901],[-105.966777,28.655024],[-105.967011,28.655191],[-105.967204,28.655395],[-105.967348,28.655628],[-105.967438,28.655881],[-105.96747,28.656145],[-105.967443,28.656409],[-105.967358,28.656664],[-105.967218,28.656899],[-105.967029,28.657106],[-105.966798,28.657276],[-105.966534,28.657403],[-105.966247,28.657482],[-105.965947,28.65751],[-105.965648,28.657486],[-105.965359,28.657411],[-105.965093,28.657288],[-105.964859,28.657121],[-105.964666,28.656917],[-105.964522,28.656684],[-105.964432,28.656431],[-105.9644,28.656167]]]},"properties":{"osm_id":10349629128,"nombre":"Escuela Primeria Frida Kahlo","horarios":"07:00-08:30,12:30-14:30","limite_kmh":20}},{"type":"Feature","geometry":{"type":"Polygon","coordinates":[[[-105.964271,28.656162],[-105.964298,28.655898],[-105.964383,28.655643],[-105.964523,28.655408],[-105.964712,28.655201],[-105.964943,28.655031],[-105.965207,28.654904],[-105.965494,28.654825],[-105.965794,28.654797],[-105.966093,28.654821],[-105.966382,28.654896],[-105.966648,28.655019],[-105.966882,28.655186],[-105.967075,28.65539],[-105.967219,28.655623],[-105.967309,28.655876],[-105.967341,28.65614],[-105.967314,28.656404],[-105.967229,28.656659],[-105.967089,28.656894],[-105.9669,28.657101],[-105.966669,28.657271],[-105.966405,28.657398],[-105.966118,28.657477],[-105.965818,28.657505],[-105.965519,28.657481],[-105.96523,28.657406],[-105.964964,28.657283],[-105.96473,28.657116],[-105.964537,28.656912],[-105.964393,28.656679],[-105.964303,28.656426],[-105.964271,28.656162]]]},"properties":{"osm_id":10349629129,"nombre":"Escuela","horarios":"07:00-08:30,12:30-14:30","limite_kmh":20}},{"type":"Feature","geometry":{"type":"Polygon","coordinates":[[[-105.964335,28.656389],[-105.964362,28.656125],[-105.964447,28.65587],[-105.964587,28.655635],[-105.964776,28.655428],[-105.965007,28.655258],[-105.965271,28.655131],[-105.965558,28.655052],[-105.965858,28.655024],[-105.966157,28.655048],[-105.966446,28.655123],[-105.966712,28.655246],[-105.966946,28.655413],[-105.967139,28.655617],[-105.967283,28.65585],[-105.967373,28.656103],[-105.967405,28.656367],[-105.967378,28.656631],[-105.967293,28.656886],[-105.967153,28.657121],[-105.966964,28.657328],[-105.966733,28.657498],[-105.966469,28.657625],[-105.966182,28.657704],[-105.965882,28.657732],[-105.965583,28.657708],[-105.965294,28.657633],[-105.965028,28.65751],[-105.964794,28.657343],[-105.964601,28.657139],[-105.964457,28.656906],[-105.964367,28.656653],[-105.964335,28.656389]]]},"properties":{"osm_id":10349629130,"nombre":"Escuela","horarios":"07:00-08:30,12:30-14:30","limite_kmh":20}},{"type":"Feature","geometry":{"type":"Polygon","coordinates":[[[-105.964618,28.65639],[-105.964645,28.656126],[-105.96473,28.655871],[-105.96487,28.655636],[-105.965059,28.655429],[-105.96529,28.655259],[-105.965554,28.655132],[-105.965841,28.655053],[-105.966141,28.655025],[-105.96644,28.655049],[-105.966729,28.655124],[-105.966995,28.655247],[-105.967229,28.655414],[-105.967422,28.655618],[-105.967566,28.655851],[-105.967656,28.656104],[-105.967688,28.656368],[-105.967661,28.656632],[-105.967576,28.656887],[-105.967436,28.657122],[-105.967247,28.657329],[-105.967016,28.657499],[-105.966752,28.657626],[-105.966465,28.657705],[-105.966165,28.657733],[-105.965866,28.657709],[-105.965577,28.657634],[-105.965311,28.657511],[-105.965077,28.657344],[-105.964884,28.65714],[-105.96474,28.656907],[-105.96465,28.656654],[-105.964618,28.65639]]]},"properties":{"osm_id":10349629134,"nombre":"Escuela","horarios":"07:00-08:30,12:30-14:30","limite_kmh":20}},{"type":"Feature","geometry":{"type":"Polygon","coordinates":[[[-106.099088,28.677986],[-106.099115,28.677722],[-106.099199,28.677467],[-106.099339,28.677232],[-106.099528,28.677026],[-106.099758,28.676855],[-106.100023,28.676728],[-106.10031,28.676649],[-106.100609,28.67662],[-106.100909,28.676644],[-106.101197,28.676719],[-106.101464,28.676841],[-106.101698,28.677008],[-106.101891,28.677212],[-106.102036,28.677444],[-106.102126,28.677698],[-106.102158,28.677962],[-106.102131,28.678226],[-106.102047,28.678481],[-106.101907,28.678716],[-106.101718,28.678922],[-106.101488,28.679093],[-106.101224,28.67922],[-106.100936,28.679299],[-106.100637,28.679328],[-106.100337,28.679304],[-106.100049,28.679229],[-106.099782,28.679106],[-106.099548,28.67894],[-106.099355,28.678736],[-106.09921,28.678504],[-106.09912,28.67825],[-106.099088,28.677986]]]},"properties":{"osm_id":10359450243,"nombre":"Escuela Secundaria Federal #2 Moises Saenz Garza","horarios":"07:00-08:30,12:30-14:30","limite_kmh":20}},{"type":"Feature","geometry":{"type":"Polygon","coordinates":[[[-106.027517,28.614985],[-106.027544,28.61472],[-106.027629,28.614466],[-106.027768,28.614231],[-106.027957,28.614024],[-106.028188,28.613854],[-106.028452,28.613727],[-106.028739,28.613648],[-106.029038,28.613619],[-106.029337,28.613643],[-106.029626,28.613718],[-106.029892,28.613841],[-106.030126,28.614008],[-106.030319,28.614211],[-106.030463,28.614444],[-106.030553,28.614697],[-106.030585,28.614961],[-106.030558,28.615226],[-106.030473,28.61548],[-106.030334,28.615715],[-106.030145,28.615922],[-106.029914,28.616092],[-106.02965,28.616219],[-106.029363,28.616298],[-106.029064,28.616327],[-106.028765,28.616303],[-106.028476,28.616228],[-106.02821,28.616105],[-106.027976,28.615938],[-106.027783,28.615735],[-106.027639,28.615502],[-106.027549,28.615249],[-106.027517,28.614985]]]},"properties":{"osm_id":10369444759,"nombre":"CBTis 122","horarios":"07:00-08:30,12:30-14:30","limite_kmh":20}},{"type":"Feature","geometry":{"type":"Polygon","coordinates":[[[-106.133127,28.682336],[-106.133154,28.682072],[-106.133238,28.681817],[-106.133378,28.681582],[-106.133566,28.681375],[-106.133797,28.681205],[-106.134061,28.681077],[-106.134348,28.680998],[-106.134647,28.680969],[-106.134947,28.680993],[-106.135236,28.681067],[-106.135503,28.68119],[-106.135737,28.681357],[-106.13593,28.68156],[-106.136075,28.681793],[-106.136165,28.682046],[-106.136197,28.68231],[-106.13617,28.682574],[-106.136086,28.682829],[-106.135946,28.683064],[-106.135758,28.683271],[-106.135527,28.683441],[-106.135263,28.683569],[-106.134976,28.683648],[-106.134677,28.683677],[-106.134377,28.683653],[-106.134088,28.683579],[-106.133821,28.683456],[-106.133587,28.683289],[-106.133394,28.683086],[-106.133249,28.682853],[-106.133159,28.6826],[-106.133127,28.682336]]]},"properties":{"osm_id":10375257351,"nombre":"Primaria Federalizada Francisco Javier Torres Arellano","horarios":"07:00-08:30,12:30-14:30","limite_kmh":20}},{"type":"Feature","geometry":{"type":"Polygon","coordinates":[[[-106.120794,28.666402],[-106.120821,28.666137],[-106.120905,28.665883],[-106.121045,28.665647],[-106.121234,28.665441],[-106.121464,28.665271],[-106.121728,28.665143],[-106.122015,28.665064],[-106.122315,28.665035],[-106.122614,28.665059],[-106.122903,28.665133],[-106.12317,28.665256],[-106.123404,28.665423],[-106.123597,28.665626],[-106.123741,28.665859],[-106.123832,28.666112],[-106.123864,28.666376],[-106.123837,28.666641],[-106.123753,28.666895],[-106.123613,28.66713],[-106.123425,28.667337],[-106.123194,28.667507],[-106.12293,28.667635],[-106.122643,28.667714],[-106.122343,28.667743],[-106.122044,28.667719],[-106.121755,28.667645],[-106.121488,28.667522],[-106.121254,28.667355],[-106.121061,28.667152],[-106.120917,28.666919],[-106.120826,28.666666],[-106.120794,28.666402]]]},"properties":{"osm_id":10375269882,"nombre":"Escuela Secundaria Tecnica Numero 46","horarios":"07:00-08:30,12:30-14:30","limite_kmh":20}},{"type":"Feature","geometry":{"type":"Polygon","coordinates":[[[-106.129223,28.681974],[-106.12925,28.681709],[-106.129334,28.681455],[-106.129474,28.68122],[-106.129662,28.681013],[-106.129893,28.680843],[-106.130157,28.680715],[-106.130444,28.680636],[-106.130743,28.680607],[-106.131043,28.680631],[-106.131332,28.680705],[-106.131599,28.680828],[-106.131833,28.680995],[-106.132026,28.681198],[-106.132171,28.681431],[-106.132261,28.681684],[-106.132293,28.681948],[-106.132266,28.682213],[-106.132182,28.682467],[-106.132042,28.682702],[-106.131854,28.682909],[-106.131623,28.683079],[-106.131359,28.683207],[-106.131072,28.683286],[-106.130773,28.683315],[-106.130473,28.683291],[-106.130184,28.683217],[-106.129917,28.683094],[-106.129683,28.682927],[-106.12949,28.682724],[-106.129345,28.682491],[-106.129255,28.682238],[-106.129223,28.681974]]]},"properties":{"osm_id":10375396505,"nombre":"Escuela","horarios":"07:00-08:30,12:30-14:30","limite_kmh":20}},{"type":"Feature","geometry":{"type":"Polygon","coordinates":[[[-106.094042,28.695993],[-106.094068,28.695729],[-106.094153,28.695474],[-106.094293,28.695239],[-106.094481,28.695033],[-106.094712,28.694862],[-106.094976,28.694735],[-106.095264,28.694656],[-106.095563,28.694627],[-106.095863,28.694651],[-106.096151,28.694726],[-106.096418,28.694849],[-106.096653,28.695015],[-106.096846,28.695219],[-106.09699,28.695451],[-106.09708,28.695705],[-106.097112,28.695969],[-106.097086,28.696233],[-106.097001,28.696488],[-106.096861,28.696723],[-106.096673,28.696929],[-106.096442,28.6971],[-106.096178,28.697227],[-106.09589,28.697306],[-106.095591,28.697335],[-106.095291,28.697311],[-106.095002,28.697236],[-106.094736,28.697113],[-106.094501,28.696947],[-106.094308,28.696743],[-106.094164,28.696511],[-106.094074,28.696257],[-106.094042,28.695993]]]},"properties":{"osm_id":10375396506,"nombre":"Escuela","horarios":"07:00-08:30,12:30-14:30","limite_kmh":20}},{"type":"Feature","geometry":{"type":"Polygon","coordinates":[[[-106.106296,28.68729],[-106.106323,28.687025],[-106.106407,28.686771],[-106.106547,28.686535],[-106.106735,28.686329],[-106.106966,28.686158],[-106.10723,28.686031],[-106.107518,28.685952],[-106.107817,28.685923],[-106.108117,28.685947],[-106.108405,28.686022],[-106.108672,28.686144],[-106.108906,28.686311],[-106.1091,28.686514],[-106.109244,28.686747],[-106.109334,28.687001],[-106.109366,28.687264],[-106.109339,28.687529],[-106.109255,28.687783],[-106.109115,28.688019],[-106.108927,28.688225],[-106.108696,28.688396],[-106.108432,28.688523],[-106.108144,28.688602],[-106.107845,28.688631],[-106.107545,28.688607],[-106.107257,28.688532],[-106.10699,28.68841],[-106.106756,28.688243],[-106.106562,28.68804],[-106.106418,28.687807],[-106.106328,28.687553],[-106.106296,28.68729]]]},"properties":{"osm_id":10375398469,"nombre":"Escuela Primaria Ricardo Flores Magón","horarios":"07:00-08:30,12:30-14:30","limite_kmh":20}},{"type":"Feature","geometry":{"type":"Polygon","coordinates":[[[-106.115848,28.683605],[-106.115875,28.68334],[-106.115959,28.683086],[-106.116099,28.68285],[-106.116287,28.682644],[-106.116518,28.682473],[-106.116782,28.682346],[-106.117069,28.682267],[-106.117369,28.682238],[-106.117668,28.682262],[-106.117957,28.682336],[-106.118224,28.682459],[-106.118458,28.682626],[-106.118651,28.682829],[-106.118796,28.683062],[-106.118886,28.683315],[-106.118918,28.683579],[-106.118891,28.683844],[-106.118807,28.684098],[-106.118667,28.684334],[-106.118479,28.68454],[-106.118248,28.684711],[-106.117984,28.684838],[-106.117697,28.684917],[-106.117397,28.684946],[-106.117098,28.684922],[-106.116809,28.684848],[-106.116542,28.684725],[-106.116308,28.684558],[-106.116115,28.684355],[-106.11597,28.684122],[-106.11588,28.683869],[-106.115848,28.683605]]]},"properties":{"osm_id":10375409127,"nombre":"Escuela Primaria Fereralizada Liberacion","horarios":"07:00-08:30,12:30-14:30","limite_kmh":20}},{"type":"Feature","geometry":{"type":"Polygon","coordinates":[[[-106.112219,28.68106],[-106.112246,28.680795],[-106.11233,28.680541],[-106.11247,28.680305],[-106.112658,28.680099],[-106.112889,28.679928],[-106.113153,28.679801],[-106.11344,28.679722],[-106.11374,28.679693],[-106.114039,28.679717],[-106.114328,28.679792],[-106.114595,28.679914],[-106.114829,28.680081],[-106.115022,28.680284],[-106.115167,28.680517],[-106.115257,28.680771],[-106.115289,28.681034],[-106.115262,28.681299],[-106.115178,28.681553],[-106.115038,28.681789],[-106.11485,28.681995],[-106.114619,28.682166],[-106.114355,28.682293],[-106.114068,28.682372],[-106.113768,28.682401],[-106.113469,28.682377],[-106.11318,28.682302],[-106.112913,28.68218],[-106.112679,28.682013],[-106.112486,28.68181],[-106.112341,28.681577],[-106.112251,28.681323],[-106.112219,28.68106]]]},"properties":{"osm_id":10375411512,"nombre":"Escuela Primaria CTM","horarios":"07:00-08:30,12:30-14:30","limite_kmh":20}},{"type":"Feature","geometry":{"type":"Polygon","coordinates":[[[-106.113678,28.692596],[-106.113704,28.692331],[-106.113789,28.692077],[-106.113929,28.691841],[-106.114117,28.691635],[-106.114348,28.691464],[-106.114612,28.691337],[-106.114899,28.691258],[-106.115199,28.691229],[-106.115498,28.691253],[-106.115787,28.691328],[-106.116054,28.69145],[-106.116288,28.691617],[-106.116482,28.69182],[-106.116626,28.692053],[-106.116716,28.692306],[-106.116748,28.69257],[-106.116722,28.692835],[-106.116637,28.693089],[-106.116497,28.693325],[-106.116309,28.693531],[-106.116078,28.693702],[-106.115814,28.693829],[-106.115527,28.693908],[-106.115227,28.693937],[-106.114928,28.693913],[-106.114639,28.693838],[-106.114372,28.693716],[-106.114138,28.693549],[-106.113944,28.693346],[-106.1138,28.693113],[-106.11371,28.692859],[-106.113678,28.692596]]]},"properties":{"osm_id":10375420461,"nombre":"Centro Bachillerato Alexander Graham Bell","horarios":"07:00-08:30,12:30-14:30","limite_kmh":20}},{"type":"Feature","geometry":{"type":"Polygon","coordinates":[[[-106.108893,28.692697],[-106.108919,28.692432],[-106.109004,28.692178],[-106.109144,28.691942],[-106.109332,28.691736],[-106.109563,28.691565],[-106.109827,28.691438],[-106.110114,28.691359],[-106.110414,28.69133],[-106.110713,28.691354],[-106.111002,28.691429],[-106.111269,28.691551],[-106.111503,28.691718],[-106.111697,28.691921],[-106.111841,28.692154],[-106.111931,28.692408],[-106.111963,28.692671],[-106.111937,28.692936],[-106.111852,28.69319],[-106.111712,28.693426],[-106.111524,28.693632],[-106.111293,28.693803],[-106.111029,28.69393],[-106.110742,28.694009],[-106.110442,28.694038],[-106.110143,28.694014],[-106.109854,28.693939],[-106.109587,28.693817],[-106.109353,28.69365],[-106.109159,28.693447],[-106.109015,28.693214],[-106.108925,28.69296],[-106.108893,28.692697]]]},"properties":{"osm_id":10375420466,"nombre":"Escuela Primaria Felipe Ángeles","horarios":"07:00-08:30,12:30-14:30","limite_kmh":20}},{"type":"Feature","geometry":{"type":"Polygon","coordinates":[[[-106.103265,28.689458],[-106.103292,28.689193],[-106.103376,28.688939],[-106.103516,28.688703],[-106.103704,28.688497],[-106.103935,28.688326],[-106.104199,28.688199],[-106.104487,28.68812],[-106.104786,28.688091],[-106.105086,28.688115],[-106.105374,28.68819],[-106.105641,28.688312],[-106.105875,28.688479],[-106.106069,28.688682],[-106.106213,28.688915],[-106.106303,28.689169],[-106.106335,28.689432],[-106.106308,28.689697],[-106.106224,28.689951],[-106.106084,28.690187],[-106.105896,28.690393],[-106.105665,28.690564],[-106.105401,28.690691],[-106.105113,28.69077],[-106.104814,28.690799],[-106.104514,28.690775],[-106.104226,28.6907],[-106.103959,28.690578],[-106.103724,28.690411],[-106.103531,28.690207],[-106.103387,28.689975],[-106.103297,28.689721],[-106.103265,28.689458]]]},"properties":{"osm_id":10375420468,"nombre":"Eacuela Primaria Francisco Villa","horarios":"07:00-08:30,12:30-14:30","limite_kmh":20}},{"type":"Feature","geometry":{"type":"Polygon","coordinates":[[[-106.112089,28.693633],[-106.112115,28.693368],[-106.1122,28.693114],[-106.11234,28.692878],[-106.112528,28.692672],[-106.112759,28.692501],[-106.113023,28.692374],[-106.11331,28.692295],[-106.11361,28.692266],[-106.113909,28.69229],[-106.114198,28.692365],[-106.114465,28.692487],[-106.114699,28.692654],[-106.114893,28.692857],[-106.115037,28.69309],[-106.115127,28.693344],[-106.115159,28.693607],[-106.115133,28.693872],[-106.115048,28.694126],[-106.114908,28.694362],[-106.11472,28.694568],[-106.114489,28.694739],[-106.114225,28.694866],[-106.113938,28.694945],[-106.113638,28.694974],[-106.113339,28.69495],[-106.11305,28.694875],[-106.112783,28.694753],[-106.112549,28.694586],[-106.112355,28.694383],[-106.112211,28.69415],[-106.112121,28.693896],[-106.112089,28.693633]]]},"properties":{"osm_id":10375420469,"nombre":"Primera Revolución","horarios":"07:00-08:30,12:30-14:30","limite_kmh":20}},{"type":"Feature","geometry":{"type":"Polygon","coordinates":[[[-106.102717,28.688336],[-106.102744,28.688071],[-106.102828,28.687817],[-106.102968,28.687581],[-106.103156,28.687375],[-106.103387,28.687204],[-106.103651,28.687077],[-106.103939,28.686998],[-106.104238,28.686969],[-106.104538,28.686993],[-106.104826,28.687068],[-106.105093,28.68719],[-106.105327,28.687357],[-106.105521,28.687561],[-106.105665,28.687793],[-106.105755,28.688047],[-106.105787,28.68831],[-106.10576,28.688575],[-106.105676,28.688829],[-106.105536,28.689065],[-106.105348,28.689271],[-106.105117,28.689442],[-106.104853,28.689569],[-106.104565,28.689648],[-106.104266,28.689677],[-106.103966,28.689653],[-106.103678,28.689578],[-106.103411,28.689456],[-106.103177,28.689289],[-106.102983,28.689085],[-106.102839,28.688853],[-106.102749,28.688599],[-106.102717,28.688336]]]},"properties":{"osm_id":10375420470,"nombre":"Secundaria y Preparatoria Centro Escolar Profesor Genaro Vásquez Rojas","horarios":"07:00-08:30,12:30-14:30","limite_kmh":20}},{"type":"Feature","geometry":{"type":"Polygon","coordinates":[[[-106.109183,28.694717],[-106.109209,28.694452],[-106.109294,28.694198],[-106.109434,28.693962],[-106.109622,28.693756],[-106.109853,28.693585],[-106.110117,28.693458],[-106.110404,28.693379],[-106.110704,28.69335],[-106.111003,28.693374],[-106.111292,28.693449],[-106.111559,28.693571],[-106.111793,28.693738],[-106.111987,28.693941],[-106.112131,28.694174],[-106.112221,28.694428],[-106.112253,28.694691],[-106.112227,28.694956],[-106.112142,28.69521],[-106.112002,28.695446],[-106.111814,28.695652],[-106.111583,28.695823],[-106.111319,28.69595],[-106.111032,28.696029],[-106.110732,28.696058],[-106.110432,28.696034],[-106.110144,28.695959],[-106.109877,28.695837],[-106.109643,28.69567],[-106.109449,28.695467],[-106.109305,28.695234],[-106.109215,28.69498],[-106.109183,28.694717]]]},"properties":{"osm_id":10375420499,"nombre":"Conalep Chihuahua 2","horarios":"07:00-08:30,12:30-14:30","limite_kmh":20}},{"type":"Feature","geometry":{"type":"Polygon","coordinates":[[[-106.100344,28.704059],[-106.10037,28.703795],[-106.100455,28.703541],[-106.100594,28.703305],[-106.100783,28.703099],[-106.101014,28.702928],[-106.101278,28.702801],[-106.101566,28.702722],[-106.101865,28.702693],[-106.102165,28.702717],[-106.102453,28.702792],[-106.10272,28.702914],[-106.102955,28.703081],[-106.103148,28.703285],[-106.103292,28.703517],[-106.103382,28.703771],[-106.103414,28.704034],[-106.103388,28.704299],[-106.103303,28.704553],[-106.103164,28.704789],[-106.102975,28.704995],[-106.102744,28.705166],[-106.10248,28.705293],[-106.102192,28.705372],[-106.101893,28.705401],[-106.101593,28.705377],[-106.101305,28.705302],[-106.101038,28.70518],[-106.100803,28.705013],[-106.10061,28.704809],[-106.100466,28.704577],[-106.100376,28.704323],[-106.100344,28.704059]]]},"properties":{"osm_id":10375445571,"nombre":"Escuela Veintitres de Noviembre","horarios":"07:00-08:30,12:30-14:30","limite_kmh":20}},{"type":"Feature","geometry":{"type":"Polygon","coordinates":[[[-106.11156,28.706829],[-106.111586,28.706564],[-106.111671,28.70631],[-106.11181,28.706074],[-106.111999,28.705868],[-106.11223,28.705697],[-106.112494,28.70557],[-106.112781,28.705491],[-106.113081,28.705462],[-106.11338,28.705486],[-106.113669,28.705561],[-106.113936,28.705683],[-106.114171,28.70585],[-106.114364,28.706053],[-106.114508,28.706286],[-106.114598,28.70654],[-106.11463,28.706803],[-106.114604,28.707068],[-106.114519,28.707322],[-106.11438,28.707558],[-106.114191,28.707764],[-106.11396,28.707935],[-106.113696,28.708062],[-106.113409,28.708141],[-106.113109,28.70817],[-106.11281,28.708146],[-106.112521,28.708071],[-106.112254,28.707949],[-106.112019,28.707782],[-106.111826,28.707579],[-106.111682,28.707346],[-106.111592,28.707092],[-106.11156,28.706829]]]},"properties":{"osm_id":10375445572,"nombre":"Escuela Primaria Juan Guereca Aguilar","horarios":"07:00-08:30,12:30-14:30","limite_kmh":20}},{"type":"Feature","geometry":{"type":"Polygon","coordinates":[[[-106.109296,28.699003],[-106.109322,28.698738],[-106.109407,28.698484],[-106.109546,28.698248],[-106.109735,28.698042],[-106.109966,28.697871],[-106.11023,28.697744],[-106.110517,28.697665],[-106.110817,28.697636],[-106.111117,28.69766],[-106.111405,28.697735],[-106.111672,28.697857],[-106.111907,28.698024],[-106.1121,28.698227],[-106.112244,28.69846],[-106.112334,28.698714],[-106.112366,28.698977],[-106.11234,28.699242],[-106.112255,28.699496],[-106.112116,28.699732],[-106.111927,28.699938],[-106.111696,28.700109],[-106.111432,28.700236],[-106.111145,28.700315],[-106.110845,28.700344],[-106.110545,28.70032],[-106.110257,28.700245],[-106.10999,28.700123],[-106.109755,28.699956],[-106.109562,28.699753],[-106.109418,28.69952],[-106.109328,28.699266],[-106.109296,28.699003]]]},"properties":{"osm_id":10375445573,"nombre":"Escuela","horarios":"07:00-08:30,12:30-14:30","limite_kmh":20}},{"type":"Feature","geometry":{"type":"Polygon","coordinates":[[[-106.112744,28.697865],[-106.11277,28.6976],[-106.112855,28.697346],[-106.112994,28.69711],[-106.113183,28.696904],[-106.113414,28.696733],[-106.113678,28.696606],[-106.113965,28.696527],[-106.114265,28.696498],[-106.114564,28.696522],[-106.114853,28.696597],[-106.11512,28.696719],[-106.115354,28.696886],[-106.115548,28.697089],[-106.115692,28.697322],[-106.115782,28.697575],[-106.115814,28.697839],[-106.115788,28.698104],[-106.115703,28.698358],[-106.115564,28.698594],[-106.115375,28.6988],[-106.115144,28.698971],[-106.11488,28.699098],[-106.114593,28.699177],[-106.114293,28.699206],[-106.113994,28.699182],[-106.113705,28.699107],[-106.113438,28.698985],[-106.113204,28.698818],[-106.11301,28.698615],[-106.112866,28.698382],[-106.112776,28.698128],[-106.112744,28.697865]]]},"properties":{"osm_id":10375445575,"nombre":"Escuela Secundaria Federal","horarios":"07:00-08:30,12:30-14:30","limite_kmh":20}},{"type":"Feature","geometry":{"type":"Polygon","coordinates":[[[-106.104962,28.695987],[-106.104988,28.695722],[-106.105073,28.695468],[-106.105213,28.695232],[-106.105401,28.695026],[-106.105632,28.694855],[-106.105896,28.694728],[-106.106184,28.694649],[-106.106483,28.69462],[-106.106783,28.694644],[-106.107071,28.694719],[-106.107338,28.694841],[-106.107573,28.695008],[-106.107766,28.695211],[-106.10791,28.695444],[-106.108,28.695698],[-106.108032,28.695961],[-106.108006,28.696226],[-106.107921,28.69648],[-106.107781,28.696716],[-106.107593,28.696922],[-106.107362,28.697093],[-106.107098,28.69722],[-106.10681,28.697299],[-106.106511,28.697328],[-106.106211,28.697304],[-106.105923,28.697229],[-106.105656,28.697107],[-106.105421,28.69694],[-106.105228,28.696737],[-106.105084,28.696504],[-106.104994,28.69625],[-106.104962,28.695987]]]},"properties":{"osm_id":10375445577,"nombre":"Escuela Leona Vicario","horarios":"07:00-08:30,12:30-14:30","limite_kmh":20}},{"type":"Feature","geometry":{"type":"Polygon","coordinates":[[[-106.140704,28.699094],[-106.14073,28.69883],[-106.140815,28.698575],[-106.140954,28.69834],[-106.141143,28.698133],[-106.141374,28.697963],[-106.141638,28.697835],[-106.141925,28.697756],[-106.142224,28.697727],[-106.142524,28.697751],[-106.142813,28.697825],[-106.14308,28.697948],[-106.143314,28.698115],[-106.143507,28.698318],[-106.143652,28.698551],[-106.143742,28.698804],[-106.143774,28.699068],[-106.143748,28.699332],[-106.143663,28.699587],[-106.143524,28.699822],[-106.143335,28.700029],[-106.143104,28.700199],[-106.14284,28.700327],[-106.142553,28.700406],[-106.142254,28.700435],[-106.141954,28.700411],[-106.141665,28.700337],[-106.141398,28.700214],[-106.141164,28.700047],[-106.140971,28.699844],[-106.140826,28.699611],[-106.140736,28.699358],[-106.140704,28.699094]]]},"properties":{"osm_id":10375788431,"nombre":"Escuela","horarios":"07:00-08:30,12:30-14:30","limite_kmh":20}},{"type":"Feature","geometry":{"type":"Polygon","coordinates":[[[-106.14639,28.695872],[-106.146416,28.695608],[-106.146501,28.695353],[-106.14664,28.695118],[-106.146829,28.694911],[-106.14706,28.694741],[-106.147324,28.694613],[-106.147611,28.694534],[-106.14791,28.694505],[-106.14821,28.694529],[-106.148499,28.694603],[-106.148766,28.694726],[-106.149,28.694893],[-106.149193,28.695096],[-106.149338,28.695329],[-106.149428,28.695582],[-106.14946,28.695846],[-106.149434,28.69611],[-106.149349,28.696365],[-106.14921,28.6966],[-106.149021,28.696807],[-106.14879,28.696977],[-106.148526,28.697105],[-106.148239,28.697184],[-106.14794,28.697213],[-106.14764,28.697189],[-106.147351,28.697115],[-106.147084,28.696992],[-106.14685,28.696825],[-106.146657,28.696622],[-106.146512,28.696389],[-106.146422,28.696136],[-106.14639,28.695872]]]},"properties":{"osm_id":10375789779,"nombre":"Escuela Primaria Fedreal Campo Bello Turno Vespertino","horarios":"07:00-08:30,12:30-14:30","limite_kmh":20}},{"type":"Feature","geometry":{"type":"Polygon","coordinates":[[[-106.131475,28.685673],[-106.131502,28.685409],[-106.131586,28.685154],[-106.131726,28.684919],[-106.131914,28.684712],[-106.132145,28.684542],[-106.132409,28.684414],[-106.132696,28.684335],[-106.132995,28.684306],[-106.133295,28.68433],[-106.133584,28.684404],[-106.133851,28.684527],[-106.134085,28.684694],[-106.134278,28.684897],[-106.134423,28.68513],[-106.134513,28.685383],[-106.134545,28.685647],[-106.134518,28.685911],[-106.134434,28.686166],[-106.134295,28.686401],[-106.134106,28.686608],[-106.133875,28.686778],[-106.133611,28.686906],[-106.133324,28.686985],[-106.133025,28.687014],[-106.132725,28.68699],[-106.132436,28.686916],[-106.132169,28.686793],[-106.131935,28.686626],[-106.131742,28.686423],[-106.131597,28.68619],[-106.131507,28.685937],[-106.131475,28.685673]]]},"properties":{"osm_id":10375790444,"nombre":"Escuela","horarios":"07:00-08:30,12:30-14:30","limite_kmh":20}},{"type":"Feature","geometry":{"type":"Polygon","coordinates":[[[-106.145008,28.71933],[-106.145035,28.719066],[-106.14512,28.718811],[-106.145259,28.718576],[-106.145448,28.718369],[-106.145679,28.718199],[-106.145943,28.718071],[-106.14623,28.717992],[-106.146529,28.717963],[-106.146829,28.717987],[-106.147118,28.718061],[-106.147385,28.718184],[-106.147619,28.718351],[-106.147813,28.718554],[-106.147957,28.718787],[-106.148047,28.71904],[-106.14808,28.719304],[-106.148053,28.719568],[-106.147968,28.719823],[-106.147829,28.720058],[-106.14764,28.720265],[-106.147409,28.720435],[-106.147145,28.720563],[-106.146858,28.720642],[-106.146559,28.720671],[-106.146259,28.720647],[-106.14597,28.720573],[-106.145703,28.72045],[-106.145469,28.720283],[-106.145275,28.72008],[-106.145131,28.719847],[-106.145041,28.719594],[-106.145008,28.71933]]]},"properties":{"osm_id":10375967216,"nombre":"Primaria Octavio Paz","horarios":"07:00-08:30,12:30-14:30","limite_kmh":20}},{"type":"Feature","geometry":{"type":"Polygon","coordinates":[[[-106.149144,28.719386],[-106.149171,28.719122],[-106.149256,28.718867],[-106.149395,28.718632],[-106.149584,28.718425],[-106.149815,28.718255],[-106.150079,28.718127],[-106.150366,28.718048],[-106.150665,28.718019],[-106.150965,28.718043],[-106.151254,28.718117],[-106.151521,28.71824],[-106.151755,28.718407],[-106.151949,28.71861],[-106.152093,28.718843],[-106.152183,28.719096],[-106.152216,28.71936],[-106.152189,28.719624],[-106.152104,28.719879],[-106.151965,28.720114],[-106.151776,28.720321],[-106.151545,28.720491],[-106.151281,28.720619],[-106.150994,28.720698],[-106.150695,28.720727],[-106.150395,28.720703],[-106.150106,28.720629],[-106.149839,28.720506],[-106.149605,28.720339],[-106.149411,28.720136],[-106.149267,28.719903],[-106.149177,28.71965],[-106.149144,28.719386]]]},"properties":{"osm_id":10375967219,"nombre":"Escuela Secundaria Federal 11","horarios":"07:00-08:30,12:30-14:30","limite_kmh":20}},{"type":"Feature","geometry":{"type":"Polygon","coordinates":[[[-106.149497,28.735242],[-106.149524,28.734978],[-106.149608,28.734723],[-106.149748,28.734488],[-106.149937,28.734281],[-106.150167,28.734111],[-106.150432,28.733983],[-106.150719,28.733904],[-106.151018,28.733875],[-106.151318,28.733899],[-106.151607,28.733973],[-106.151874,28.734096],[-106.152108,28.734263],[-106.152302,28.734466],[-106.152446,28.734699],[-106.152536,28.734952],[-106.152569,28.735216],[-106.152542,28.73548],[-106.152458,28.735735],[-106.152318,28.73597],[-106.152129,28.736177],[-106.151899,28.736347],[-106.151634,28.736475],[-106.151347,28.736554],[-106.151048,28.736583],[-106.150748,28.736559],[-106.150459,28.736485],[-106.150192,28.736362],[-106.149957,28.736195],[-106.149764,28.735992],[-106.14962,28.735759],[-106.14953,28.735506],[-106.149497,28.735242]]]},"properties":{"osm_id":10376096050,"nombre":"Escuela Tele Secundaria 6116","horarios":"07:00-08:30,12:30-14:30","limite_kmh":20}},{"type":"Feature","geometry":{"type":"Polygon","coordinates":[[[-106.149886,28.735493],[-106.149913,28.735229],[-106.149997,28.734974],[-106.150137,28.734739],[-106.150326,28.734532],[-106.150556,28.734362],[-106.150821,28.734234],[-106.151108,28.734155],[-106.151407,28.734126],[-106.151707,28.73415],[-106.151996,28.734224],[-106.152263,28.734347],[-106.152497,28.734514],[-106.152691,28.734717],[-106.152835,28.73495],[-106.152925,28.735203],[-106.152958,28.735467],[-106.152931,28.735731],[-106.152847,28.735986],[-106.152707,28.736221],[-106.152519,28.736428],[-106.152288,28.736598],[-106.152023,28.736726],[-106.151736,28.736805],[-106.151437,28.736834],[-106.151137,28.73681],[-106.150848,28.736736],[-106.150581,28.736613],[-106.150346,28.736446],[-106.150153,28.736243],[-106.150009,28.73601],[-106.149919,28.735757],[-106.149886,28.735493]]]},"properties":{"osm_id":10376096051,"nombre":"Escuela Primaria Nuevo Milenio","horarios":"07:00-08:30,12:30-14:30","limite_kmh":20}},{"type":"Feature","geometry":{"type":"Polygon","coordinates":[[[-106.146462,28.733255],[-106.146489,28.732991],[-106.146573,28.732736],[-106.146713,28.732501],[-106.146902,28.732294],[-106.147132,28.732124],[-106.147397,28.731996],[-106.147684,28.731917],[-106.147983,28.731888],[-106.148283,28.731912],[-106.148572,28.731986],[-106.148839,28.732109],[-106.149074,28.732276],[-106.149267,28.732479],[-106.149411,28.732712],[-106.149501,28.732965],[-106.149534,28.733229],[-106.149507,28.733493],[-106.149423,28.733748],[-106.149283,28.733983],[-106.149094,28.73419],[-106.148864,28.73436],[-106.148599,28.734488],[-106.148312,28.734567],[-106.148013,28.734596],[-106.147713,28.734572],[-106.147424,28.734498],[-106.147157,28.734375],[-106.146922,28.734208],[-106.146729,28.734005],[-106.146585,28.733772],[-106.146495,28.733519],[-106.146462,28.733255]]]},"properties":{"osm_id":10376103157,"nombre":"Escuela Primaria Estatal Jaime Torres Bodet Turno Matutino","horarios":"07:00-08:30,12:30-14:30","limite_kmh":20}},{"type":"Feature","geometry":{"type":"Polygon","coordinates":[[[-106.136079,28.736824],[-106.136106,28.73656],[-106.13619,28.736305],[-106.13633,28.73607],[-106.136519,28.735863],[-106.13675,28.735693],[-106.137014,28.735565],[-106.137301,28.735486],[-106.1376,28.735457],[-106.1379,28.735481],[-106.138189,28.735555],[-106.138456,28.735678],[-106.138691,28.735845],[-106.138884,28.736048],[-106.139028,28.736281],[-106.139118,28.736534],[-106.139151,28.736798],[-106.139124,28.737062],[-106.13904,28.737317],[-106.1389,28.737552],[-106.138711,28.737759],[-106.13848,28.737929],[-106.138216,28.738057],[-106.137929,28.738136],[-106.13763,28.738165],[-106.13733,28.738141],[-106.137041,28.738067],[-106.136774,28.737944],[-106.136539,28.737777],[-106.136346,28.737574],[-106.136202,28.737341],[-106.136112,28.737088],[-106.136079,28.736824]]]},"properties":{"osm_id":10376171272,"nombre":"Escuela Primaria 12 de Octubre","horarios":"07:00-08:30,12:30-14:30","limite_kmh":20}},{"type":"Feature","geometry":{"type":"Polygon","coordinates":[[[-106.146163,28.70778],[-106.146189,28.707516],[-106.146274,28.707261],[-106.146413,28.707026],[-106.146602,28.706819],[-106.146833,28.706649],[-106.147097,28.706521],[-106.147384,28.706442],[-106.147683,28.706413],[-106.147983,28.706437],[-106.148272,28.706511],[-106.148539,28.706634],[-106.148773,28.706801],[-106.148966,28.707004],[-106.149111,28.707237],[-106.149201,28.70749],[-106.149233,28.707754],[-106.149207,28.708018],[-106.149122,28.708273],[-106.148983,28.708508],[-106.148794,28.708715],[-106.148563,28.708885],[-106.148299,28.709013],[-106.148012,28.709092],[-106.147713,28.709121],[-106.147413,28.709097],[-106.147124,28.709023],[-106.146857,28.7089],[-106.146623,28.708733],[-106.14643,28.70853],[-106.146285,28.708297],[-106.146195,28.708044],[-106.146163,28.70778]]]},"properties":{"osm_id":10376294814,"nombre":"Colegio Mundo Bilingue","horarios":"07:00-08:30,12:30-14:30","limite_kmh":20}},{"type":"Feature","geometry":{"type":"Polygon","coordinates":[[[-106.115326,28.647976],[-106.115353,28.647711],[-106.115438,28.647457],[-106.115577,28.647221],[-106.115766,28.647015],[-106.115997,28.646844],[-106.11626,28.646717],[-106.116548,28.646638],[-106.116847,28.646609],[-106.117146,28.646633],[-106.117435,28.646707],[-106.117702,28.64683],[-106.117936,28.646997],[-106.118129,28.6472],[-106.118273,28.647433],[-106.118363,28.647686],[-106.118396,28.64795],[-106.118369,28.648215],[-106.118284,28.648469],[-106.118145,28.648705],[-106.117956,28.648911],[-106.117726,28.649082],[-106.117462,28.649209],[-106.117174,28.649288],[-106.116875,28.649317],[-106.116576,28.649293],[-106.116287,28.649219],[-106.11602,28.649096],[-106.115786,28.648929],[-106.115593,28.648726],[-106.115449,28.648493],[-106.115359,28.648239],[-106.115326,28.647976]]]},"properties":{"osm_id":10407995326,"nombre":"Escuela","horarios":"07:00-08:30,12:30-14:30","limite_kmh":20}},{"type":"Feature","geometry":{"type":"Polygon","coordinates":[[[-106.118444,28.747756],[-106.118471,28.747491],[-106.118555,28.747237],[-106.118695,28.747002],[-106.118884,28.746795],[-106.119115,28.746625],[-106.119379,28.746497],[-106.119666,28.746418],[-106.119966,28.746389],[-106.120265,28.746413],[-106.120554,28.746487],[-106.120821,28.74661],[-106.121056,28.746777],[-106.121249,28.74698],[-106.121394,28.747213],[-106.121484,28.747466],[-106.121516,28.74773],[-106.121489,28.747995],[-106.121405,28.748249],[-106.121265,28.748484],[-106.121076,28.748691],[-106.120845,28.748861],[-106.120581,28.748989],[-106.120294,28.749068],[-106.119994,28.749097],[-106.119694,28.749073],[-106.119406,28.748999],[-106.119139,28.748876],[-106.118904,28.748709],[-106.118711,28.748506],[-106.118566,28.748273],[-106.118476,28.74802],[-106.118444,28.747756]]]},"properties":{"osm_id":10448849575,"nombre":"Escuela Primaria Ford 191 Matutino","horarios":"07:00-08:30,12:30-14:30","limite_kmh":20}},{"type":"Feature","geometry":{"type":"Polygon","coordinates":[[[-106.117228,28.748186],[-106.117255,28.747921],[-106.117339,28.747667],[-106.117479,28.747431],[-106.117668,28.747225],[-106.117899,28.747055],[-106.118163,28.746927],[-106.11845,28.746848],[-106.11875,28.746819],[-106.11905,28.746843],[-106.119338,28.746917],[-106.119605,28.74704],[-106.11984,28.747207],[-106.120033,28.74741],[-106.120178,28.747643],[-106.120268,28.747896],[-106.1203,28.74816],[-106.120273,28.748425],[-106.120189,28.748679],[-106.120049,28.748914],[-106.11986,28.749121],[-106.119629,28.749291],[-106.119365,28.749419],[-106.119078,28.749498],[-106.118778,28.749527],[-106.118478,28.749503],[-106.11819,28.749429],[-106.117923,28.749306],[-106.117688,28.749139],[-106.117495,28.748936],[-106.11735,28.748703],[-106.11726,28.74845],[-106.117228,28.748186]]]},"properties":{"osm_id":10448850694,"nombre":"Secundaria Estatal 3023","horarios":"07:00-08:30,12:30-14:30","limite_kmh":20}},{"type":"Feature","geometry":{"type":"Polygon","coordinates":[[[-106.112354,28.735522],[-106.112381,28.735257],[-106.112466,28.735003],[-106.112605,28.734767],[-106.112794,28.734561],[-106.113025,28.73439],[-106.113289,28.734263],[-106.113576,28.734184],[-106.113876,28.734155],[-106.114176,28.734179],[-106.114464,28.734254],[-106.114731,28.734376],[-106.114966,28.734543],[-106.115159,28.734746],[-106.115303,28.734979],[-106.115394,28.735232],[-106.115426,28.735496],[-106.115399,28.735761],[-106.115314,28.736015],[-106.115175,28.736251],[-106.114986,28.736457],[-106.114755,28.736628],[-106.114491,28.736755],[-106.114204,28.736834],[-106.113904,28.736863],[-106.113604,28.736839],[-106.113316,28.736764],[-106.113049,28.736642],[-106.112814,28.736475],[-106.112621,28.736272],[-106.112477,28.736039],[-106.112386,28.735785],[-106.112354,28.735522]]]},"properties":{"osm_id":10448875078,"nombre":"Escuela Primaria Manual Lopez Davila","horarios":"07:00-08:30,12:30-14:30","limite_kmh":20}},{"type":"Feature","geometry":{"type":"Polygon","coordinates":[[[-106.127503,28.75144],[-106.12753,28.751175],[-106.127614,28.750921],[-106.127754,28.750686],[-106.127943,28.750479],[-106.128174,28.750309],[-106.128438,28.750181],[-106.128725,28.750102],[-106.129024,28.750073],[-106.129324,28.750097],[-106.129613,28.750171],[-106.12988,28.750294],[-106.130115,28.750461],[-106.130308,28.750664],[-106.130453,28.750897],[-106.130543,28.75115],[-106.130575,28.751414],[-106.130548,28.751678],[-106.130464,28.751933],[-106.130324,28.752168],[-106.130135,28.752375],[-106.129905,28.752545],[-106.12964,28.752673],[-106.129353,28.752752],[-106.129054,28.752781],[-106.128754,28.752757],[-106.128465,28.752683],[-106.128198,28.75256],[-106.127963,28.752393],[-106.12777,28.75219],[-106.127625,28.751957],[-106.127535,28.751704],[-106.127503,28.75144]]]},"properties":{"osm_id":10448973127,"nombre":"Primeria Ernesto Elizandro","horarios":"07:00-08:30,12:30-14:30","limite_kmh":20}},{"type":"Feature","geometry":{"type":"Polygon","coordinates":[[[-106.131922,28.746966],[-106.131949,28.746702],[-106.132033,28.746447],[-106.132173,28.746212],[-106.132362,28.746005],[-106.132592,28.745835],[-106.132857,28.745707],[-106.133144,28.745628],[-106.133443,28.745599],[-106.133743,28.745623],[-106.134032,28.745697],[-106.134299,28.74582],[-106.134534,28.745987],[-106.134727,28.74619],[-106.134871,28.746423],[-106.134962,28.746676],[-106.134994,28.74694],[-106.134967,28.747204],[-106.134883,28.747459],[-106.134743,28.747694],[-106.134554,28.747901],[-106.134324,28.748071],[-106.134059,28.748199],[-106.133772,28.748278],[-106.133473,28.748307],[-106.133173,28.748283],[-106.132884,28.748209],[-106.132617,28.748086],[-106.132382,28.747919],[-106.132189,28.747716],[-106.132044,28.747483],[-106.131954,28.74723],[-106.131922,28.746966]]]},"properties":{"osm_id":10449120817,"nombre":"Escuela","horarios":"07:00-08:30,12:30-14:30","limite_kmh":20}},{"type":"Feature","geometry":{"type":"Polygon","coordinates":[[[-106.122594,28.747121],[-106.122621,28.746856],[-106.122705,28.746602],[-106.122845,28.746367],[-106.123034,28.74616],[-106.123265,28.74599],[-106.123529,28.745862],[-106.123816,28.745783],[-106.124116,28.745754],[-106.124415,28.745778],[-106.124704,28.745852],[-106.124971,28.745975],[-106.125206,28.746142],[-106.125399,28.746345],[-106.125544,28.746578],[-106.125634,28.746831],[-106.125666,28.747095],[-106.125639,28.74736],[-106.125555,28.747614],[-106.125415,28.747849],[-106.125226,28.748056],[-106.124995,28.748226],[-106.124731,28.748354],[-106.124444,28.748433],[-106.124144,28.748462],[-106.123845,28.748438],[-106.123556,28.748364],[-106.123289,28.748241],[-106.123054,28.748074],[-106.122861,28.747871],[-106.122716,28.747638],[-106.122626,28.747385],[-106.122594,28.747121]]]},"properties":{"osm_id":10449123836,"nombre":"Escuela","horarios":"07:00-08:30,12:30-14:30","limite_kmh":20}},{"type":"Feature","geometry":{"type":"Polygon","coordinates":[[[-106.124732,28.746506],[-106.124759,28.746241],[-106.124843,28.745987],[-106.124983,28.745752],[-106.125172,28.745545],[-106.125403,28.745375],[-106.125667,28.745247],[-106.125954,28.745168],[-106.126253,28.745139],[-106.126553,28.745163],[-106.126842,28.745237],[-106.127109,28.74536],[-106.127344,28.745527],[-106.127537,28.74573],[-106.127682,28.745963],[-106.127772,28.746216],[-106.127804,28.74648],[-106.127777,28.746745],[-106.127693,28.746999],[-106.127553,28.747234],[-106.127364,28.747441],[-106.127133,28.747611],[-106.126869,28.747739],[-106.126582,28.747818],[-106.126283,28.747847],[-106.125983,28.747823],[-106.125694,28.747749],[-106.125427,28.747626],[-106.125192,28.747459],[-106.124999,28.747256],[-106.124854,28.747023],[-106.124764,28.74677],[-106.124732,28.746506]]]},"properties":{"osm_id":10449124057,"nombre":"Preescolar Carmen Gutierrez Pere","horarios":"07:00-08:30,12:30-14:30","limite_kmh":20}},{"type":"Feature","geometry":{"type":"Polygon","coordinates":[[[-106.123758,28.736925],[-106.123785,28.73666],[-106.123869,28.736406],[-106.124009,28.736171],[-106.124198,28.735964],[-106.124429,28.735794],[-106.124693,28.735666],[-106.12498,28.735587],[-106.125279,28.735558],[-106.125579,28.735582],[-106.125868,28.735656],[-106.126135,28.735779],[-106.12637,28.735946],[-106.126563,28.736149],[-106.126707,28.736382],[-106.126798,28.736635],[-106.12683,28.736899],[-106.126803,28.737164],[-106.126719,28.737418],[-106.126579,28.737653],[-106.12639,28.73786],[-106.126159,28.73803],[-106.125895,28.738158],[-106.125608,28.738237],[-106.125309,28.738266],[-106.125009,28.738242],[-106.12472,28.738168],[-106.124453,28.738045],[-106.124218,28.737878],[-106.124025,28.737675],[-106.123881,28.737442],[-106.12379,28.737189],[-106.123758,28.736925]]]},"properties":{"osm_id":10449126883,"nombre":"Secundaria Federal 13 Batalla de Sacramento","horarios":"07:00-08:30,12:30-14:30","limite_kmh":20}},{"type":"Feature","geometry":{"type":"Polygon","coordinates":[[[-106.121178,28.739531],[-106.121205,28.739266],[-106.121289,28.739012],[-106.121429,28.738777],[-106.121618,28.73857],[-106.121849,28.7384],[-106.122113,28.738272],[-106.1224,28.738193],[-106.1227,28.738164],[-106.122999,28.738188],[-106.123288,28.738262],[-106.123555,28.738385],[-106.12379,28.738552],[-106.123983,28.738755],[-106.124127,28.738988],[-106.124218,28.739241],[-106.12425,28.739505],[-106.124223,28.73977],[-106.124139,28.740024],[-106.123999,28.740259],[-106.12381,28.740466],[-106.123579,28.740636],[-106.123315,28.740764],[-106.123028,28.740843],[-106.122728,28.740872],[-106.122429,28.740848],[-106.12214,28.740774],[-106.121873,28.740651],[-106.121638,28.740484],[-106.121445,28.740281],[-106.121301,28.740048],[-106.12121,28.739795],[-106.121178,28.739531]]]},"properties":{"osm_id":10449128502,"nombre":"Escuela","horarios":"07:00-08:30,12:30-14:30","limite_kmh":20}},{"type":"Feature","geometry":{"type":"Polygon","coordinates":[[[-106.092812,28.733364],[-106.092839,28.7331],[-106.092924,28.732845],[-106.093063,28.73261],[-106.093252,28.732404],[-106.093483,28.732233],[-106.093747,28.732106],[-106.094035,28.732027],[-106.094334,28.731998],[-106.094634,28.732022],[-106.094923,28.732097],[-106.09519,28.73222],[-106.095424,28.732386],[-106.095617,28.73259],[-106.095762,28.732822],[-106.095852,28.733076],[-106.095884,28.73334],[-106.095857,28.733604],[-106.095772,28.733859],[-106.095633,28.734094],[-106.095444,28.7343],[-106.095213,28.734471],[-106.094949,28.734598],[-106.094661,28.734677],[-106.094362,28.734706],[-106.094062,28.734682],[-106.093773,28.734607],[-106.093506,28.734484],[-106.093272,28.734318],[-106.093079,28.734114],[-106.092934,28.733882],[-106.092844,28.733628],[-106.092812,28.733364]]]},"properties":{"osm_id":10449431575,"nombre":"Secundaria Estatal 3024 Turno Matutino","horarios":"07:00-08:30,12:30-14:30","limite_kmh":20}},{"type":"Feature","geometry":{"type":"Polygon","coordinates":[[[-106.098911,28.732204],[-106.098938,28.73194],[-106.099023,28.731686],[-106.099162,28.73145],[-106.099351,28.731244],[-106.099582,28.731073],[-106.099846,28.730946],[-106.100133,28.730867],[-106.100433,28.730838],[-106.100733,28.730862],[-106.101022,28.730937],[-106.101288,28.731059],[-106.101523,28.731226],[-106.101716,28.73143],[-106.10186,28.731662],[-106.101951,28.731916],[-106.101983,28.732179],[-106.101956,28.732444],[-106.101871,28.732698],[-106.101732,28.732934],[-106.101543,28.73314],[-106.101312,28.733311],[-106.101048,28.733438],[-106.100761,28.733517],[-106.100461,28.733546],[-106.100161,28.733522],[-106.099872,28.733447],[-106.099606,28.733325],[-106.099371,28.733158],[-106.099178,28.732954],[-106.099034,28.732722],[-106.098943,28.732468],[-106.098911,28.732204]]]},"properties":{"osm_id":10449434264,"nombre":"Escuela Primaria Rafael Ramírez","horarios":"07:00-08:30,12:30-14:30","limite_kmh":20}},{"type":"Feature","geometry":{"type":"Polygon","coordinates":[[[-106.099266,28.721147],[-106.099293,28.720883],[-106.099378,28.720629],[-106.099517,28.720393],[-106.099706,28.720187],[-106.099937,28.720016],[-106.100201,28.719889],[-106.100489,28.71981],[-106.100788,28.719781],[-106.101088,28.719805],[-106.101377,28.71988],[-106.101643,28.720002],[-106.101878,28.720169],[-106.102071,28.720373],[-106.102215,28.720605],[-106.102305,28.720859],[-106.102338,28.721122],[-106.102311,28.721387],[-106.102226,28.721641],[-106.102087,28.721877],[-106.101898,28.722083],[-106.101667,28.722254],[-106.101403,28.722381],[-106.101116,28.72246],[-106.100816,28.722489],[-106.100516,28.722465],[-106.100227,28.72239],[-106.099961,28.722268],[-106.099726,28.722101],[-106.099533,28.721897],[-106.099389,28.721665],[-106.099299,28.721411],[-106.099266,28.721147]]]},"properties":{"osm_id":10449479621,"nombre":"Escuela Silvestre Terrazas","horarios":"07:00-08:30,12:30-14:30","limite_kmh":20}},{"type":"Feature","geometry":{"type":"Polygon","coordinates":[[[-106.13065,28.733261],[-106.130677,28.732997],[-106.130762,28.732742],[-106.130901,28.732507],[-106.13109,28.7323],[-106.131321,28.73213],[-106.131585,28.732002],[-106.131872,28.731923],[-106.132171,28.731894],[-106.132471,28.731918],[-106.13276,28.731992],[-106.133027,28.732115],[-106.133262,28.732282],[-106.133455,28.732485],[-106.133599,28.732718],[-106.133689,28.732971],[-106.133722,28.733235],[-106.133695,28.733499],[-106.13361,28.733754],[-106.133471,28.733989],[-106.133282,28.734196],[-106.133051,28.734366],[-106.132787,28.734494],[-106.1325,28.734573],[-106.132201,28.734602],[-106.131901,28.734578],[-106.131612,28.734504],[-106.131345,28.734381],[-106.13111,28.734214],[-106.130917,28.734011],[-106.130773,28.733778],[-106.130683,28.733525],[-106.13065,28.733261]]]},"properties":{"osm_id":10449561255,"nombre":"Escuela Secundaria Tecnica 74 Turno Matutino","horarios":"07:00-08:30,12:30-14:30","limite_kmh":20}},{"type":"Feature","geometry":{"type":"Polygon","coordinates":[[[-106.141185,28.728232],[-106.141212,28.727968],[-106.141297,28.727713],[-106.141436,28.727478],[-106.141625,28.727271],[-106.141856,28.727101],[-106.14212,28.726973],[-106.142407,28.726894],[-106.142706,28.726865],[-106.143006,28.726889],[-106.143295,28.726963],[-106.143562,28.727086],[-106.143797,28.727253],[-106.14399,28.727456],[-106.144134,28.727689],[-106.144224,28.727942],[-106.144257,28.728206],[-106.14423,28.72847],[-106.144145,28.728725],[-106.144006,28.72896],[-106.143817,28.729167],[-106.143586,28.729337],[-106.143322,28.729465],[-106.143035,28.729544],[-106.142736,28.729573],[-106.142436,28.729549],[-106.142147,28.729475],[-106.14188,28.729352],[-106.141645,28.729185],[-106.141452,28.728982],[-106.141308,28.728749],[-106.141218,28.728496],[-106.141185,28.728232]]]},"properties":{"osm_id":10449608403,"nombre":"Escuela Primaria XX Aniversario","horarios":"07:00-08:30,12:30-14:30","limite_kmh":20}},{"type":"Feature","geometry":{"type":"Polygon","coordinates":[[[-106.118655,28.725219],[-106.118682,28.724954],[-106.118767,28.7247],[-106.118906,28.724465],[-106.119095,28.724258],[-106.119326,28.724088],[-106.11959,28.72396],[-106.119877,28.723881],[-106.120177,28.723852],[-106.120476,28.723876],[-106.120765,28.72395],[-106.121032,28.724073],[-106.121267,28.72424],[-106.12146,28.724443],[-106.121604,28.724676],[-106.121694,28.724929],[-106.121727,28.725193],[-106.1217,28.725458],[-106.121615,28.725712],[-106.121476,28.725947],[-106.121287,28.726154],[-106.121056,28.726324],[-106.120792,28.726452],[-106.120505,28.726531],[-106.120205,28.72656],[-106.119906,28.726536],[-106.119617,28.726462],[-106.11935,28.726339],[-106.119115,28.726172],[-106.118922,28.725969],[-106.118778,28.725736],[-106.118688,28.725483],[-106.118655,28.725219]]]},"properties":{"osm_id":10449729199,"nombre":"Escuela","horarios":"07:00-08:30,12:30-14:30","limite_kmh":20}},{"type":"Feature","geometry":{"type":"Polygon","coordinates":[[[-106.117618,28.723125],[-106.117645,28.72286],[-106.11773,28.722606],[-106.117869,28.72237],[-106.118058,28.722164],[-106.118289,28.721994],[-106.118553,28.721866],[-106.11884,28.721787],[-106.11914,28.721758],[-106.119439,28.721782],[-106.119728,28.721856],[-106.119995,28.721979],[-106.12023,28.722146],[-106.120423,28.722349],[-106.120567,28.722582],[-106.120657,28.722835],[-106.12069,28.723099],[-106.120663,28.723364],[-106.120578,28.723618],[-106.120439,28.723853],[-106.12025,28.72406],[-106.120019,28.72423],[-106.119755,28.724358],[-106.119468,28.724437],[-106.119168,28.724466],[-106.118869,28.724442],[-106.11858,28.724368],[-106.118313,28.724245],[-106.118078,28.724078],[-106.117885,28.723875],[-106.117741,28.723642],[-106.117651,28.723389],[-106.117618,28.723125]]]},"properties":{"osm_id":10449729200,"nombre":"Escuela","horarios":"07:00-08:30,12:30-14:30","limite_kmh":20}},{"type":"Feature","geometry":{"type":"Polygon","coordinates":[[[-106.115959,28.727949],[-106.115986,28.727684],[-106.116071,28.72743],[-106.11621,28.727194],[-106.116399,28.726988],[-106.11663,28.726817],[-106.116894,28.72669],[-106.117181,28.726611],[-106.117481,28.726582],[-106.11778,28.726606],[-106.118069,28.72668],[-106.118336,28.726803],[-106.118571,28.72697],[-106.118764,28.727173],[-106.118908,28.727406],[-106.118998,28.727659],[-106.119031,28.727923],[-106.119004,28.728188],[-106.118919,28.728442],[-106.11878,28.728678],[-106.118591,28.728884],[-106.11836,28.729054],[-106.118096,28.729182],[-106.117809,28.729261],[-106.117509,28.72929],[-106.11721,28.729266],[-106.116921,28.729192],[-106.116654,28.729069],[-106.116419,28.728902],[-106.116226,28.728699],[-106.116082,28.728466],[-106.115992,28.728213],[-106.115959,28.727949]]]},"properties":{"osm_id":10449746738,"nombre":"Escuela","horarios":"07:00-08:30,12:30-14:30","limite_kmh":20}},{"type":"Feature","geometry":{"type":"Polygon","coordinates":[[[-106.107254,28.723651],[-106.107281,28.723386],[-106.107366,28.723132],[-106.107505,28.722896],[-106.107694,28.72269],[-106.107925,28.722519],[-106.108189,28.722392],[-106.108476,28.722313],[-106.108776,28.722284],[-106.109076,28.722308],[-106.109364,28.722383],[-106.109631,28.722505],[-106.109866,28.722672],[-106.110059,28.722875],[-106.110203,28.723108],[-106.110293,28.723362],[-106.110326,28.723625],[-106.110299,28.72389],[-106.110214,28.724144],[-106.110075,28.72438],[-106.109886,28.724586],[-106.109655,28.724757],[-106.109391,28.724884],[-106.109104,28.724963],[-106.108804,28.724992],[-106.108504,28.724968],[-106.108216,28.724893],[-106.107949,28.724771],[-106.107714,28.724604],[-106.107521,28.724401],[-106.107377,28.724168],[-106.107287,28.723914],[-106.107254,28.723651]]]},"properties":{"osm_id":10450099845,"nombre":"Escuela Primaria Héroes de la Revolución","horarios":"07:00-08:30,12:30-14:30","limite_kmh":20}},{"type":"Feature","geometry":{"type":"Polygon","coordinates":[[[-106.107593,28.727748],[-106.10762,28.727483],[-106.107705,28.727229],[-106.107844,28.726993],[-106.108033,28.726787],[-106.108264,28.726616],[-106.108528,28.726489],[-106.108815,28.72641],[-106.109115,28.726381],[-106.109415,28.726405],[-106.109703,28.72648],[-106.10997,28.726602],[-106.110205,28.726769],[-106.110398,28.726972],[-106.110542,28.727205],[-106.110632,28.727459],[-106.110665,28.727722],[-106.110638,28.727987],[-106.110553,28.728241],[-106.110414,28.728477],[-106.110225,28.728683],[-106.109994,28.728854],[-106.10973,28.728981],[-106.109443,28.72906],[-106.109143,28.729089],[-106.108843,28.729065],[-106.108554,28.72899],[-106.108288,28.728868],[-106.108053,28.728701],[-106.10786,28.728498],[-106.107716,28.728265],[-106.107626,28.728011],[-106.107593,28.727748]]]},"properties":{"osm_id":10450101720,"nombre":"Escuela Primaria Federal Jesús Orozco Mendoza","horarios":"07:00-08:30,12:30-14:30","limite_kmh":20}},{"type":"Feature","geometry":{"type":"Polygon","coordinates":[[[-105.979081,28.759912],[-105.979108,28.759648],[-105.979193,28.759393],[-105.979333,28.759158],[-105.979522,28.758952],[-105.979753,28.758782],[-105.980017,28.758655],[-105.980305,28.758575],[-105.980604,28.758547],[-105.980904,28.758571],[-105.981193,28.758646],[-105.98146,28.758769],[-105.981694,28.758936],[-105.981887,28.75914],[-105.982031,28.759373],[-105.982121,28.759626],[-105.982153,28.75989],[-105.982126,28.760154],[-105.982041,28.760409],[-105.981901,28.760644],[-105.981712,28.76085],[-105.981481,28.76102],[-105.981217,28.761147],[-105.980929,28.761227],[-105.98063,28.761255],[-105.98033,28.761231],[-105.980041,28.761156],[-105.979774,28.761033],[-105.97954,28.760866],[-105.979347,28.760662],[-105.979202,28.760429],[-105.979113,28.760176],[-105.979081,28.759912]]]},"properties":{"osm_id":10451773368,"nombre":"Escuela Primaria Heroes Mexicanos","horarios":"07:00-08:30,12:30-14:30","limite_kmh":20}},{"type":"Feature","geometry":{"type":"Polygon","coordinates":[[[-106.027158,28.609828],[-106.027185,28.609563],[-106.02727,28.609309],[-106.027409,28.609074],[-106.027598,28.608867],[-106.027829,28.608697],[-106.028093,28.60857],[-106.02838,28.608491],[-106.028679,28.608462],[-106.028978,28.608486],[-106.029267,28.608561],[-106.029533,28.608684],[-106.029767,28.608851],[-106.02996,28.609054],[-106.030104,28.609287],[-106.030194,28.60954],[-106.030226,28.609804],[-106.030199,28.610069],[-106.030114,28.610323],[-106.029975,28.610558],[-106.029786,28.610765],[-106.029555,28.610935],[-106.029291,28.611062],[-106.029004,28.611141],[-106.028705,28.61117],[-106.028406,28.611146],[-106.028117,28.611071],[-106.027851,28.610948],[-106.027617,28.610781],[-106.027424,28.610578],[-106.02728,28.610345],[-106.02719,28.610092],[-106.027158,28.609828]]]},"properties":{"osm_id":10451908582,"nombre":"Preparatoria Maestros Mexicanos 8422","horarios":"07:00-08:30,12:30-14:30","limite_kmh":20}},{"type":"Feature","geometry":{"type":"Polygon","coordinates":[[[-106.027111,28.611313],[-106.027138,28.611048],[-106.027223,28.610794],[-106.027362,28.610559],[-106.027551,28.610352],[-106.027782,28.610182],[-106.028046,28.610055],[-106.028333,28.609976],[-106.028632,28.609947],[-106.028931,28.609971],[-106.02922,28.610046],[-106.029486,28.610169],[-106.02972,28.610336],[-106.029913,28.610539],[-106.030057,28.610772],[-106.030147,28.611025],[-106.030179,28.611289],[-106.030152,28.611554],[-106.030067,28.611808],[-106.029928,28.612043],[-106.029739,28.61225],[-106.029508,28.61242],[-106.029244,28.612547],[-106.028957,28.612626],[-106.028658,28.612655],[-106.028359,28.612631],[-106.02807,28.612556],[-106.027804,28.612433],[-106.02757,28.612266],[-106.027377,28.612063],[-106.027233,28.61183],[-106.027143,28.611577],[-106.027111,28.611313]]]},"properties":{"osm_id":10451908584,"nombre":"Escuela Secundaria Estatal 3013","horarios":"07:00-08:30,12:30-14:30","limite_kmh":20}},{"type":"Feature","geometry":{"type":"Polygon","coordinates":[[[-106.034196,28.606097],[-106.034223,28.605832],[-106.034308,28.605578],[-106.034447,28.605343],[-106.034636,28.605136],[-106.034867,28.604966],[-106.035131,28.604839],[-106.035418,28.60476],[-106.035717,28.604731],[-106.036016,28.604755],[-106.036305,28.60483],[-106.036571,28.604953],[-106.036805,28.605119],[-106.036998,28.605323],[-106.037142,28.605556],[-106.037232,28.605809],[-106.037264,28.606073],[-106.037237,28.606338],[-106.037152,28.606592],[-106.037013,28.606827],[-106.036824,28.607034],[-106.036593,28.607204],[-106.036329,28.607331],[-106.036042,28.60741],[-106.035743,28.607439],[-106.035444,28.607415],[-106.035155,28.60734],[-106.034889,28.607217],[-106.034655,28.607051],[-106.034462,28.606847],[-106.034318,28.606614],[-106.034228,28.606361],[-106.034196,28.606097]]]},"properties":{"osm_id":10451979183,"nombre":"Escuela Primaria 15 de Mayo Federalizada","horarios":"07:00-08:30,12:30-14:30","limite_kmh":20}},{"type":"Feature","geometry":{"type":"Polygon","coordinates":[[[-106.038209,28.598746],[-106.038236,28.598481],[-106.038321,28.598227],[-106.03846,28.597992],[-106.038649,28.597785],[-106.03888,28.597615],[-106.039144,28.597488],[-106.039431,28.597409],[-106.03973,28.59738],[-106.040029,28.597404],[-106.040318,28.597479],[-106.040584,28.597602],[-106.040818,28.597768],[-106.041011,28.597972],[-106.041155,28.598205],[-106.041245,28.598458],[-106.041277,28.598722],[-106.04125,28.598987],[-106.041165,28.599241],[-106.041026,28.599476],[-106.040837,28.599683],[-106.040606,28.599853],[-106.040342,28.59998],[-106.040055,28.600059],[-106.039756,28.600088],[-106.039457,28.600064],[-106.039168,28.599989],[-106.038902,28.599866],[-106.038668,28.5997],[-106.038475,28.599496],[-106.038331,28.599263],[-106.038241,28.59901],[-106.038209,28.598746]]]},"properties":{"osm_id":10452043372,"nombre":"Escuela Secundaria Estatal Guadalupe Victoria 3064","horarios":"07:00-08:30,12:30-14:30","limite_kmh":20}},{"type":"Feature","geometry":{"type":"Polygon","coordinates":[[[-106.028681,28.644884],[-106.028708,28.644619],[-106.028793,28.644365],[-106.028933,28.64413],[-106.029122,28.643923],[-106.029352,28.643753],[-106.029617,28.643626],[-106.029904,28.643547],[-106.030203,28.643518],[-106.030502,28.643542],[-106.030791,28.643617],[-106.031058,28.64374],[-106.031292,28.643907],[-106.031485,28.64411],[-106.031629,28.644343],[-106.031719,28.644596],[-106.031751,28.64486],[-106.031724,28.645125],[-106.031639,28.645379],[-106.031499,28.645614],[-106.03131,28.645821],[-106.03108,28.645991],[-106.030815,28.646118],[-106.030528,28.646197],[-106.030229,28.646226],[-106.02993,28.646202],[-106.029641,28.646127],[-106.029374,28.646004],[-106.02914,28.645837],[-106.028947,28.645634],[-106.028803,28.645401],[-106.028713,28.645148],[-106.028681,28.644884]]]},"properties":{"osm_id":10452146884,"nombre":"Secundaria Estatal Por Corperción 8366 Melchor Ocampo","horarios":"07:00-08:30,12:30-14:30","limite_kmh":20}},{"type":"Feature","geometry":{"type":"Polygon","coordinates":[[[-106.092969,28.690865],[-106.092996,28.690601],[-106.09308,28.690346],[-106.09322,28.690111],[-106.093408,28.689905],[-106.093639,28.689734],[-106.093903,28.689607],[-106.094191,28.689528],[-106.09449,28.689499],[-106.09479,28.689523],[-106.095078,28.689598],[-106.095345,28.689721],[-106.09558,28.689887],[-106.095773,28.690091],[-106.095917,28.690323],[-106.096007,28.690577],[-106.096039,28.690841],[-106.096012,28.691105],[-106.095928,28.69136],[-106.095788,28.691595],[-106.0956,28.691801],[-106.095369,28.691972],[-106.095105,28.692099],[-106.094817,28.692178],[-106.094518,28.692207],[-106.094218,28.692183],[-106.09393,28.692108],[-106.093663,28.691985],[-106.093428,28.691819],[-106.093235,28.691615],[-106.093091,28.691383],[-106.093001,28.691129],[-106.092969,28.690865]]]},"properties":{"osm_id":10463263619,"nombre":"Escuela","horarios":"07:00-08:30,12:30-14:30","limite_kmh":20}},{"type":"Feature","geometry":{"type":"Polygon","coordinates":[[[-106.140641,28.749539],[-106.140668,28.749275],[-106.140752,28.74902],[-106.140892,28.748785],[-106.14108,28.748578],[-106.141311,28.748408],[-106.141576,28.74828],[-106.141863,28.748201],[-106.142162,28.748172],[-106.142462,28.748196],[-106.142751,28.74827],[-106.143018,28.748393],[-106.143253,28.74856],[-106.143446,28.748763],[-106.14359,28.748996],[-106.143681,28.749249],[-106.143713,28.749513],[-106.143686,28.749777],[-106.143602,28.750032],[-106.143462,28.750267],[-106.143274,28.750474],[-106.143043,28.750644],[-106.142778,28.750772],[-106.142491,28.750851],[-106.142192,28.75088],[-106.141892,28.750856],[-106.141603,28.750782],[-106.141336,28.750659],[-106.141101,28.750492],[-106.140908,28.750289],[-106.140764,28.750056],[-106.140673,28.749803],[-106.140641,28.749539]]]},"properties":{"osm_id":10469295194,"nombre":"Secundaria Tecnica 96","horarios":"07:00-08:30,12:30-14:30","limite_kmh":20}},{"type":"Feature","geometry":{"type":"Polygon","coordinates":[[[-106.074222,28.629737],[-106.074248,28.629473],[-106.074333,28.629218],[-106.074473,28.628983],[-106.074661,28.628776],[-106.074892,28.628606],[-106.075156,28.628479],[-106.075443,28.6284],[-106.075742,28.628371],[-106.076042,28.628395],[-106.07633,28.62847],[-106.076597,28.628593],[-106.076831,28.628759],[-106.077024,28.628963],[-106.077168,28.629196],[-106.077258,28.629449],[-106.07729,28.629713],[-106.077264,28.629977],[-106.077179,28.630232],[-106.077039,28.630467],[-106.076851,28.630674],[-106.07662,28.630844],[-106.076356,28.630971],[-106.076069,28.63105],[-106.07577,28.631079],[-106.07547,28.631055],[-106.075182,28.63098],[-106.074915,28.630857],[-106.074681,28.630691],[-106.074488,28.630487],[-106.074344,28.630254],[-106.074254,28.630001],[-106.074222,28.629737]]]},"properties":{"osm_id":10540434393,"nombre":"Colegio Palmore","horarios":"07:00-08:30,12:30-14:30","limite_kmh":20}},{"type":"Feature","geometry":{"type":"Polygon","coordinates":[[[-106.006525,28.602175],[-106.006552,28.601911],[-106.006637,28.601656],[-106.006776,28.601421],[-106.006965,28.601215],[-106.007196,28.601045],[-106.00746,28.600918],[-106.007747,28.600838],[-106.008046,28.60081],[-106.008346,28.600834],[-106.008634,28.600909],[-106.0089,28.601032],[-106.009135,28.601199],[-106.009327,28.601402],[-106.009471,28.601635],[-106.009561,28.601889],[-106.009593,28.602153],[-106.009566,28.602417],[-106.009481,28.602672],[-106.009342,28.602907],[-106.009153,28.603113],[-106.008922,28.603283],[-106.008658,28.60341],[-106.008371,28.60349],[-106.008072,28.603518],[-106.007772,28.603494],[-106.007484,28.603419],[-106.007218,28.603296],[-106.006983,28.603129],[-106.006791,28.602926],[-106.006647,28.602693],[-106.006557,28.602439],[-106.006525,28.602175]]]},"properties":{"osm_id":10589314658,"nombre":"Escuela Primaria Estatal Lic. Gustavo Petriccioli","horarios":"07:00-08:30,12:30-14:30","limite_kmh":20}},{"type":"Feature","geometry":{"type":"Polygon","coordinates":[[[-106.159095,28.733714],[-106.159122,28.73345],[-106.159206,28.733195],[-106.159346,28.73296],[-106.159534,28.732753],[-106.159765,28.732583],[-106.160029,28.732455],[-106.160317,28.732376],[-106.160616,28.732347],[-106.160916,28.732371],[-106.161205,28.732445],[-106.161472,28.732568],[-106.161706,28.732734],[-106.1619,28.732938],[-106.162044,28.733171],[-106.162134,28.733424],[-106.162167,28.733688],[-106.16214,28.733952],[-106.162056,28.734207],[-106.161916,28.734442],[-106.161728,28.734649],[-106.161497,28.734819],[-106.161233,28.734947],[-106.160945,28.735026],[-106.160646,28.735055],[-106.160346,28.735031],[-106.160057,28.734957],[-106.15979,28.734834],[-106.159556,28.734668],[-106.159362,28.734464],[-106.159218,28.734231],[-106.159128,28.733978],[-106.159095,28.733714]]]},"properties":{"osm_id":10589957598,"nombre":"Cobach 10","horarios":"07:00-08:30,12:30-14:30","limite_kmh":20}},{"type":"Feature","geometry":{"type":"Polygon","coordinates":[[[-106.117797,28.658812],[-106.117824,28.658547],[-106.117909,28.658293],[-106.118048,28.658057],[-106.118237,28.657851],[-106.118467,28.65768],[-106.118731,28.657553],[-106.119018,28.657474],[-106.119318,28.657445],[-106.119617,28.657469],[-106.119906,28.657543],[-106.120173,28.657666],[-106.120407,28.657833],[-106.1206,28.658036],[-106.120744,28.658269],[-106.120834,28.658522],[-106.120867,28.658786],[-106.12084,28.659051],[-106.120755,28.659305],[-106.120616,28.659541],[-106.120427,28.659747],[-106.120197,28.659918],[-106.119933,28.660045],[-106.119646,28.660124],[-106.119346,28.660153],[-106.119047,28.660129],[-106.118758,28.660055],[-106.118491,28.659932],[-106.118257,28.659765],[-106.118064,28.659562],[-106.11792,28.659329],[-106.11783,28.659076],[-106.117797,28.658812]]]},"properties":{"osm_id":10590599116,"nombre":"Escuela","horarios":"07:00-08:30,12:30-14:30","limite_kmh":20}},{"type":"Feature","geometry":{"type":"Polygon","coordinates":[[[-106.096842,28.598069],[-106.096869,28.597805],[-106.096954,28.59755],[-106.097093,28.597315],[-106.097281,28.597109],[-106.097512,28.596938],[-106.097776,28.596811],[-106.098063,28.596732],[-106.098362,28.596703],[-106.098661,28.596727],[-106.09895,28.596802],[-106.099216,28.596925],[-106.099451,28.597091],[-106.099644,28.597295],[-106.099788,28.597527],[-106.099878,28.597781],[-106.09991,28.598045],[-106.099883,28.598309],[-106.099798,28.598564],[-106.099659,28.598799],[-106.099471,28.599005],[-106.09924,28.599176],[-106.098976,28.599303],[-106.098689,28.599382],[-106.09839,28.599411],[-106.098091,28.599387],[-106.097802,28.599312],[-106.097536,28.599189],[-106.097301,28.599023],[-106.097108,28.598819],[-106.096964,28.598587],[-106.096874,28.598333],[-106.096842,28.598069]]]},"properties":{"osm_id":10593456351,"nombre":"Secundaria Técnica #29","horarios":"07:00-08:30,12:30-14:30","limite_kmh":20}},{"type":"Feature","geometry":{"type":"Polygon","coordinates":[[[-106.03134,28.683921],[-106.031367,28.683656],[-106.031452,28.683402],[-106.031591,28.683167],[-106.03178,28.68296],[-106.032011,28.68279],[-106.032275,28.682663],[-106.032562,28.682584],[-106.032862,28.682555],[-106.033161,28.682579],[-106.03345,28.682654],[-106.033717,28.682777],[-106.033951,28.682943],[-106.034144,28.683147],[-106.034288,28.68338],[-106.034378,28.683633],[-106.03441,28.683897],[-106.034383,28.684162],[-106.034298,28.684416],[-106.034159,28.684651],[-106.03397,28.684858],[-106.033739,28.685028],[-106.033475,28.685155],[-106.033188,28.685234],[-106.032888,28.685263],[-106.032589,28.685239],[-106.0323,28.685164],[-106.032033,28.685041],[-106.031799,28.684875],[-106.031606,28.684671],[-106.031462,28.684438],[-106.031372,28.684185],[-106.03134,28.683921]]]},"properties":{"osm_id":10596001273,"nombre":"Escuela Real de Minas","horarios":"07:00-08:30,12:30-14:30","limite_kmh":20}},{"type":"Feature","geometry":{"type":"Polygon","coordinates":[[[-106.030633,28.683766],[-106.03066,28.683501],[-106.030745,28.683247],[-106.030884,28.683012],[-106.031073,28.682805],[-106.031304,28.682635],[-106.031568,28.682508],[-106.031855,28.682429],[-106.032155,28.6824],[-106.032454,28.682424],[-106.032743,28.682499],[-106.03301,28.682622],[-106.033244,28.682788],[-106.033437,28.682992],[-106.033581,28.683225],[-106.033671,28.683478],[-106.033703,28.683742],[-106.033676,28.684007],[-106.033591,28.684261],[-106.033452,28.684496],[-106.033263,28.684703],[-106.033032,28.684873],[-106.032768,28.685],[-106.032481,28.685079],[-106.032181,28.685108],[-106.031882,28.685084],[-106.031593,28.685009],[-106.031326,28.684886],[-106.031092,28.68472],[-106.030899,28.684516],[-106.030755,28.684283],[-106.030665,28.68403],[-106.030633,28.683766]]]},"properties":{"osm_id":10596001277,"nombre":"Escuela","horarios":"07:00-08:30,12:30-14:30","limite_kmh":20}},{"type":"Feature","geometry":{"type":"Polygon","coordinates":[[[-106.008453,28.589176],[-106.00848,28.588912],[-106.008565,28.588657],[-106.008705,28.588422],[-106.008893,28.588216],[-106.009124,28.588046],[-106.009388,28.587919],[-106.009675,28.587839],[-106.009974,28.587811],[-106.010274,28.587835],[-106.010562,28.58791],[-106.010828,28.588033],[-106.011062,28.5882],[-106.011255,28.588403],[-106.011399,28.588636],[-106.011489,28.58889],[-106.011521,28.589154],[-106.011494,28.589418],[-106.011409,28.589673],[-106.011269,28.589908],[-106.011081,28.590114],[-106.01085,28.590284],[-106.010586,28.590411],[-106.010299,28.590491],[-106.01,28.590519],[-106.0097,28.590495],[-106.009412,28.59042],[-106.009146,28.590297],[-106.008912,28.59013],[-106.008719,28.589927],[-106.008575,28.589694],[-106.008485,28.58944],[-106.008453,28.589176]]]},"properties":{"osm_id":10616492754,"nombre":"Escuela Benemérito de Las Américas","horarios":"07:00-08:30,12:30-14:30","limite_kmh":20}},{"type":"Feature","geometry":{"type":"Polygon","coordinates":[[[-106.008752,28.587602],[-106.008779,28.587338],[-106.008864,28.587083],[-106.009004,28.586848],[-106.009192,28.586642],[-106.009423,28.586472],[-106.009687,28.586345],[-106.009974,28.586265],[-106.010273,28.586237],[-106.010573,28.586261],[-106.010861,28.586336],[-106.011127,28.586459],[-106.011361,28.586626],[-106.011554,28.586829],[-106.011698,28.587062],[-106.011788,28.587316],[-106.01182,28.58758],[-106.011793,28.587844],[-106.011708,28.588099],[-106.011568,28.588334],[-106.01138,28.58854],[-106.011149,28.58871],[-106.010885,28.588837],[-106.010598,28.588917],[-106.010299,28.588945],[-106.009999,28.588921],[-106.009711,28.588846],[-106.009445,28.588723],[-106.009211,28.588556],[-106.009018,28.588353],[-106.008874,28.58812],[-106.008784,28.587866],[-106.008752,28.587602]]]},"properties":{"osm_id":10616654203,"nombre":"Escuela Secundaria Federal Num. 16","horarios":"07:00-08:30,12:30-14:30","limite_kmh":20}},{"type":"Feature","geometry":{"type":"Polygon","coordinates":[[[-106.007905,28.587504],[-106.007932,28.58724],[-106.008017,28.586985],[-106.008157,28.58675],[-106.008345,28.586544],[-106.008576,28.586374],[-106.00884,28.586247],[-106.009127,28.586167],[-106.009426,28.586139],[-106.009726,28.586163],[-106.010014,28.586238],[-106.01028,28.586361],[-106.010514,28.586528],[-106.010707,28.586731],[-106.010851,28.586964],[-106.010941,28.587218],[-106.010973,28.587482],[-106.010946,28.587746],[-106.010861,28.588001],[-106.010721,28.588236],[-106.010533,28.588442],[-106.010302,28.588612],[-106.010038,28.588739],[-106.009751,28.588819],[-106.009452,28.588847],[-106.009152,28.588823],[-106.008864,28.588748],[-106.008598,28.588625],[-106.008364,28.588458],[-106.008171,28.588255],[-106.008027,28.588022],[-106.007937,28.587768],[-106.007905,28.587504]]]},"properties":{"osm_id":10617207030,"nombre":"CECYTECH EMSAD 27 Toribio Ortega","horarios":"07:00-08:30,12:30-14:30","limite_kmh":20}},{"type":"Feature","geometry":{"type":"Polygon","coordinates":[[[-106.007157,28.613422],[-106.007184,28.613158],[-106.007269,28.612903],[-106.007408,28.612668],[-106.007597,28.612462],[-106.007828,28.612292],[-106.008092,28.612165],[-106.008379,28.612085],[-106.008678,28.612057],[-106.008978,28.612081],[-106.009266,28.612156],[-106.009533,28.612279],[-106.009767,28.612446],[-106.009959,28.612649],[-106.010103,28.612882],[-106.010193,28.613136],[-106.010225,28.6134],[-106.010198,28.613664],[-106.010113,28.613919],[-106.009974,28.614154],[-106.009785,28.61436],[-106.009554,28.61453],[-106.00929,28.614657],[-106.009003,28.614737],[-106.008704,28.614765],[-106.008404,28.614741],[-106.008116,28.614666],[-106.007849,28.614543],[-106.007615,28.614376],[-106.007423,28.614173],[-106.007279,28.61394],[-106.007189,28.613686],[-106.007157,28.613422]]]},"properties":{"osm_id":10617231800,"nombre":"Articulo 123","horarios":"07:00-08:30,12:30-14:30","limite_kmh":20}},{"type":"Feature","geometry":{"type":"Polygon","coordinates":[[[-106.011469,28.604275],[-106.011496,28.604011],[-106.011581,28.603757],[-106.01172,28.603521],[-106.011909,28.603315],[-106.01214,28.603145],[-106.012404,28.603018],[-106.012691,28.602938],[-106.01299,28.60291],[-106.01329,28.602934],[-106.013578,28.603009],[-106.013844,28.603132],[-106.014079,28.603299],[-106.014271,28.603502],[-106.014415,28.603735],[-106.014505,28.603989],[-106.014537,28.604253],[-106.01451,28.604517],[-106.014425,28.604771],[-106.014286,28.605007],[-106.014097,28.605213],[-106.013866,28.605383],[-106.013602,28.60551],[-106.013315,28.60559],[-106.013016,28.605618],[-106.012716,28.605594],[-106.012428,28.605519],[-106.012162,28.605396],[-106.011927,28.605229],[-106.011735,28.605026],[-106.011591,28.604793],[-106.011501,28.604539],[-106.011469,28.604275]]]},"properties":{"osm_id":10617508659,"nombre":"Escuela Primaria Josefa Ortiz de Domínguez","horarios":"07:00-08:30,12:30-14:30","limite_kmh":20}},{"type":"Feature","geometry":{"type":"Polygon","coordinates":[[[-106.011496,28.603393],[-106.011523,28.603129],[-106.011608,28.602875],[-106.011747,28.602639],[-106.011936,28.602433],[-106.012167,28.602263],[-106.012431,28.602136],[-106.012718,28.602056],[-106.013017,28.602028],[-106.013317,28.602052],[-106.013605,28.602127],[-106.013871,28.60225],[-106.014105,28.602417],[-106.014298,28.60262],[-106.014442,28.602853],[-106.014532,28.603107],[-106.014564,28.603371],[-106.014537,28.603635],[-106.014452,28.603889],[-106.014313,28.604125],[-106.014124,28.604331],[-106.013893,28.604501],[-106.013629,28.604628],[-106.013342,28.604708],[-106.013043,28.604736],[-106.012743,28.604712],[-106.012455,28.604637],[-106.012189,28.604514],[-106.011954,28.604347],[-106.011762,28.604144],[-106.011618,28.603911],[-106.011528,28.603657],[-106.011496,28.603393]]]},"properties":{"osm_id":10617508670,"nombre":"Secundaria Federal #7","horarios":"07:00-08:30,12:30-14:30","limite_kmh":20}},{"type":"Feature","geometry":{"type":"Polygon","coordinates":[[[-106.035159,28.60009],[-106.035186,28.599825],[-106.035271,28.599571],[-106.03541,28.599336],[-106.035599,28.599129],[-106.03583,28.598959],[-106.036094,28.598832],[-106.036381,28.598753],[-106.03668,28.598724],[-106.036979,28.598748],[-106.037268,28.598823],[-106.037534,28.598946],[-106.037768,28.599112],[-106.037961,28.599316],[-106.038105,28.599549],[-106.038195,28.599802],[-106.038227,28.600066],[-106.0382,28.600331],[-106.038115,28.600585],[-106.037976,28.60082],[-106.037787,28.601027],[-106.037556,28.601197],[-106.037292,28.601324],[-106.037005,28.601403],[-106.036706,28.601432],[-106.036407,28.601408],[-106.036118,28.601333],[-106.035852,28.60121],[-106.035618,28.601044],[-106.035425,28.60084],[-106.035281,28.600607],[-106.035191,28.600354],[-106.035159,28.60009]]]},"properties":{"osm_id":10648330001,"nombre":"Primaria José Vasconcelos","horarios":"07:00-08:30,12:30-14:30","limite_kmh":20}},{"type":"Feature","geometry":{"type":"Polygon","coordinates":[[[-106.041528,28.635113],[-106.041554,28.634848],[-106.041639,28.634594],[-106.041779,28.634359],[-106.041968,28.634152],[-106.042198,28.633982],[-106.042462,28.633855],[-106.04275,28.633776],[-106.043049,28.633747],[-106.043348,28.633771],[-106.043637,28.633846],[-106.043903,28.633969],[-106.044138,28.634135],[-106.04433,28.634339],[-106.044474,28.634572],[-106.044564,28.634825],[-106.044596,28.635089],[-106.04457,28.635354],[-106.044485,28.635608],[-106.044345,28.635843],[-106.044156,28.63605],[-106.043926,28.63622],[-106.043662,28.636347],[-106.043374,28.636426],[-106.043075,28.636455],[-106.042776,28.636431],[-106.042487,28.636356],[-106.042221,28.636233],[-106.041986,28.636067],[-106.041794,28.635863],[-106.041649,28.63563],[-106.04156,28.635377],[-106.041528,28.635113]]]},"properties":{"osm_id":10695888511,"nombre":"Escuela de Policía","horarios":"07:00-08:30,12:30-14:30","limite_kmh":20}},{"type":"Feature","geometry":{"type":"Polygon","coordinates":[[[-106.061225,28.623109],[-106.061252,28.622845],[-106.061336,28.62259],[-106.061476,28.622355],[-106.061664,28.622148],[-106.061895,28.621978],[-106.062159,28.621851],[-106.062446,28.621772],[-106.062745,28.621743],[-106.063045,28.621767],[-106.063334,28.621842],[-106.0636,28.621965],[-106.063834,28.622131],[-106.064027,28.622335],[-106.064171,28.622568],[-106.064261,28.622821],[-106.064293,28.623085],[-106.064266,28.623349],[-106.064182,28.623604],[-106.064042,28.623839],[-106.063854,28.624046],[-106.063623,28.624216],[-106.063359,28.624343],[-106.063072,28.624422],[-106.062773,28.624451],[-106.062473,28.624427],[-106.062184,28.624352],[-106.061918,28.624229],[-106.061684,28.624063],[-106.061491,28.623859],[-106.061347,28.623626],[-106.061257,28.623373],[-106.061225,28.623109]]]},"properties":{"osm_id":10695972673,"nombre":"Colegio de Bachilleres Plantel 2","horarios":"07:00-08:30,12:30-14:30","limite_kmh":20}},{"type":"Feature","geometry":{"type":"Polygon","coordinates":[[[-106.060179,28.622526],[-106.060206,28.622262],[-106.06029,28.622007],[-106.06043,28.621772],[-106.060619,28.621565],[-106.060849,28.621395],[-106.061113,28.621268],[-106.0614,28.621189],[-106.061699,28.62116],[-106.061999,28.621184],[-106.062288,28.621259],[-106.062554,28.621382],[-106.062788,28.621548],[-106.062981,28.621752],[-106.063125,28.621985],[-106.063215,28.622238],[-106.063247,28.622502],[-106.06322,28.622766],[-106.063136,28.623021],[-106.062996,28.623256],[-106.062808,28.623463],[-106.062577,28.623633],[-106.062313,28.62376],[-106.062026,28.623839],[-106.061727,28.623868],[-106.061427,28.623844],[-106.061138,28.623769],[-106.060872,28.623646],[-106.060638,28.62348],[-106.060445,28.623276],[-106.060301,28.623043],[-106.060211,28.62279],[-106.060179,28.622526]]]},"properties":{"osm_id":10695972681,"nombre":"Escuela Primaria 18 de Marzo","horarios":"07:00-08:30,12:30-14:30","limite_kmh":20}},{"type":"Feature","geometry":{"type":"Polygon","coordinates":[[[-106.113993,28.742078],[-106.11402,28.741813],[-106.114104,28.741559],[-106.114244,28.741323],[-106.114433,28.741117],[-106.114664,28.740946],[-106.114928,28.740819],[-106.115215,28.74074],[-106.115515,28.740711],[-106.115815,28.740735],[-106.116103,28.74081],[-106.11637,28.740932],[-106.116605,28.741099],[-106.116798,28.741302],[-106.116943,28.741535],[-106.117033,28.741788],[-106.117065,28.742052],[-106.117038,28.742317],[-106.116954,28.742571],[-106.116814,28.742807],[-106.116625,28.743013],[-106.116394,28.743184],[-106.11613,28.743311],[-106.115843,28.74339],[-106.115543,28.743419],[-106.115243,28.743395],[-106.114954,28.74332],[-106.114688,28.743198],[-106.114453,28.743031],[-106.11426,28.742828],[-106.114115,28.742595],[-106.114025,28.742342],[-106.113993,28.742078]]]},"properties":{"osm_id":10696969230,"nombre":"Escuela","horarios":"07:00-08:30,12:30-14:30","limite_kmh":20}},{"type":"Feature","geometry":{"type":"Polygon","coordinates":[[[-106.11362,28.741286],[-106.113647,28.741021],[-106.113731,28.740767],[-106.113871,28.740531],[-106.11406,28.740325],[-106.114291,28.740154],[-106.114555,28.740027],[-106.114842,28.739948],[-106.115142,28.739919],[-106.115442,28.739943],[-106.11573,28.740018],[-106.115997,28.74014],[-106.116232,28.740307],[-106.116425,28.74051],[-106.11657,28.740743],[-106.11666,28.740996],[-106.116692,28.74126],[-106.116665,28.741525],[-106.116581,28.741779],[-106.116441,28.742015],[-106.116252,28.742221],[-106.116021,28.742392],[-106.115757,28.742519],[-106.11547,28.742598],[-106.11517,28.742627],[-106.11487,28.742603],[-106.114581,28.742528],[-106.114315,28.742406],[-106.11408,28.742239],[-106.113887,28.742036],[-106.113742,28.741803],[-106.113652,28.74155],[-106.11362,28.741286]]]},"properties":{"osm_id":10696969231,"nombre":"Escuela","horarios":"07:00-08:30,12:30-14:30","limite_kmh":20}},{"type":"Feature","geometry":{"type":"Polygon","coordinates":[[[-106.109939,28.709305],[-106.109965,28.70904],[-106.11005,28.708786],[-106.110189,28.70855],[-106.110378,28.708344],[-106.110609,28.708173],[-106.110873,28.708046],[-106.11116,28.707967],[-106.11146,28.707938],[-106.11176,28.707962],[-106.112048,28.708037],[-106.112315,28.708159],[-106.11255,28.708326],[-106.112743,28.708529],[-106.112887,28.708762],[-106.112977,28.709016],[-106.113009,28.709279],[-106.112983,28.709544],[-106.112898,28.709798],[-106.112759,28.710034],[-106.11257,28.71024],[-106.112339,28.710411],[-106.112075,28.710538],[-106.111788,28.710617],[-106.111488,28.710646],[-106.111188,28.710622],[-106.1109,28.710547],[-106.110633,28.710425],[-106.110398,28.710258],[-106.110205,28.710055],[-106.110061,28.709822],[-106.109971,28.709568],[-106.109939,28.709305]]]},"properties":{"osm_id":10697247730,"nombre":"CRODE Chihuahua","horarios":"07:00-08:30,12:30-14:30","limite_kmh":20}},{"type":"Feature","geometry":{"type":"Polygon","coordinates":[[[-106.085544,28.698857],[-106.08557,28.698593],[-106.085655,28.698338],[-106.085795,28.698103],[-106.085983,28.697896],[-106.086214,28.697726],[-106.086479,28.697599],[-106.086766,28.69752],[-106.087065,28.697491],[-106.087365,28.697515],[-106.087654,28.69759],[-106.08792,28.697713],[-106.088155,28.697879],[-106.088348,28.698083],[-106.088492,28.698316],[-106.088582,28.698569],[-106.088614,28.698833],[-106.088588,28.699097],[-106.088503,28.699352],[-106.088363,28.699587],[-106.088175,28.699793],[-106.087944,28.699964],[-106.087679,28.700091],[-106.087392,28.70017],[-106.087093,28.700199],[-106.086793,28.700175],[-106.086504,28.7001],[-106.086238,28.699977],[-106.086003,28.699811],[-106.08581,28.699607],[-106.085666,28.699374],[-106.085576,28.699121],[-106.085544,28.698857]]]},"properties":{"osm_id":10697247736,"nombre":"Escuela Secundaria Federal No. 6","horarios":"07:00-08:30,12:30-14:30","limite_kmh":20}},{"type":"Feature","geometry":{"type":"Polygon","coordinates":[[[-106.082378,28.690116],[-106.082405,28.689852],[-106.082489,28.689597],[-106.082629,28.689362],[-106.082818,28.689155],[-106.083048,28.688985],[-106.083313,28.688858],[-106.0836,28.688779],[-106.083899,28.68875],[-106.084199,28.688774],[-106.084488,28.688849],[-106.084754,28.688972],[-106.084989,28.689138],[-106.085182,28.689342],[-106.085326,28.689575],[-106.085416,28.689828],[-106.085448,28.690092],[-106.085421,28.690356],[-106.085337,28.690611],[-106.085197,28.690846],[-106.085008,28.691053],[-106.084778,28.691223],[-106.084513,28.69135],[-106.084226,28.691429],[-106.083927,28.691458],[-106.083627,28.691434],[-106.083338,28.691359],[-106.083072,28.691236],[-106.082837,28.69107],[-106.082644,28.690866],[-106.0825,28.690633],[-106.08241,28.69038],[-106.082378,28.690116]]]},"properties":{"osm_id":10697247752,"nombre":"Esc. Prim. Fed. José Martínez Estrada","horarios":"07:00-08:30,12:30-14:30","limite_kmh":20}},{"type":"Feature","geometry":{"type":"Polygon","coordinates":[[[-106.088021,28.613728],[-106.088048,28.613464],[-106.088132,28.613209],[-106.088272,28.612974],[-106.08846,28.612767],[-106.088691,28.612597],[-106.088955,28.61247],[-106.089242,28.612391],[-106.089541,28.612362],[-106.089841,28.612386],[-106.090129,28.612461],[-106.090396,28.612584],[-106.09063,28.61275],[-106.090823,28.612954],[-106.090967,28.613187],[-106.091057,28.61344],[-106.091089,28.613704],[-106.091062,28.613968],[-106.090978,28.614223],[-106.090838,28.614458],[-106.09065,28.614665],[-106.090419,28.614835],[-106.090155,28.614962],[-106.089868,28.615041],[-106.089569,28.61507],[-106.089269,28.615046],[-106.088981,28.614971],[-106.088714,28.614848],[-106.08848,28.614682],[-106.088287,28.614478],[-106.088143,28.614245],[-106.088053,28.613992],[-106.088021,28.613728]]]},"properties":{"osm_id":10700950328,"nombre":"Secundaria Estatal Número 3011","horarios":"07:00-08:30,12:30-14:30","limite_kmh":20}},{"type":"Feature","geometry":{"type":"Polygon","coordinates":[[[-106.07205,28.621998],[-106.072077,28.621734],[-106.072161,28.621479],[-106.072301,28.621244],[-106.072489,28.621037],[-106.07272,28.620867],[-106.072984,28.62074],[-106.073271,28.620661],[-106.07357,28.620632],[-106.07387,28.620656],[-106.074158,28.620731],[-106.074425,28.620854],[-106.074659,28.62102],[-106.074852,28.621224],[-106.074996,28.621457],[-106.075086,28.62171],[-106.075118,28.621974],[-106.075091,28.622238],[-106.075007,28.622493],[-106.074867,28.622728],[-106.074679,28.622935],[-106.074448,28.623105],[-106.074184,28.623232],[-106.073897,28.623311],[-106.073598,28.62334],[-106.073298,28.623316],[-106.07301,28.623241],[-106.072743,28.623118],[-106.072509,28.622952],[-106.072316,28.622748],[-106.072172,28.622515],[-106.072082,28.622262],[-106.07205,28.621998]]]},"properties":{"osm_id":10700950340,"nombre":"Escuela Primaria Estatal \"Mariano Irigoyen\" No. 2136","horarios":"07:00-08:30,12:30-14:30","limite_kmh":20}},{"type":"Feature","geometry":{"type":"Polygon","coordinates":[[[-106.029131,28.613654],[-106.029158,28.613389],[-106.029243,28.613135],[-106.029382,28.6129],[-106.029571,28.612693],[-106.029802,28.612523],[-106.030066,28.612396],[-106.030353,28.612317],[-106.030652,28.612288],[-106.030951,28.612312],[-106.03124,28.612387],[-106.031506,28.61251],[-106.03174,28.612677],[-106.031933,28.61288],[-106.032077,28.613113],[-106.032167,28.613366],[-106.032199,28.61363],[-106.032172,28.613895],[-106.032087,28.614149],[-106.031948,28.614384],[-106.031759,28.614591],[-106.031528,28.614761],[-106.031264,28.614888],[-106.030977,28.614967],[-106.030678,28.614996],[-106.030379,28.614972],[-106.03009,28.614897],[-106.029824,28.614774],[-106.02959,28.614607],[-106.029397,28.614404],[-106.029253,28.614171],[-106.029163,28.613918],[-106.029131,28.613654]]]},"properties":{"osm_id":10701121636,"nombre":"Escuela Primaria Federal Dr. Pablo Gómez Ramírez","horarios":"07:00-08:30,12:30-14:30","limite_kmh":20}},{"type":"Feature","geometry":{"type":"Polygon","coordinates":[[[-106.128852,28.692771],[-106.128878,28.692506],[-106.128963,28.692252],[-106.129102,28.692017],[-106.129291,28.69181],[-106.129522,28.69164],[-106.129786,28.691512],[-106.130073,28.691433],[-106.130372,28.691404],[-106.130672,28.691428],[-106.130961,28.691502],[-106.131228,28.691625],[-106.131462,28.691792],[-106.131655,28.691995],[-106.1318,28.692228],[-106.13189,28.692481],[-106.131922,28.692745],[-106.131896,28.69301],[-106.131811,28.693264],[-106.131672,28.693499],[-106.131483,28.693706],[-106.131252,28.693876],[-106.130988,28.694004],[-106.130701,28.694083],[-106.130402,28.694112],[-106.130102,28.694088],[-106.129813,28.694014],[-106.129546,28.693891],[-106.129312,28.693724],[-106.129119,28.693521],[-106.128974,28.693288],[-106.128884,28.693035],[-106.128852,28.692771]]]},"properties":{"osm_id":10731812701,"nombre":"Escuela Secundaria Técnica #57","horarios":"07:00-08:30,12:30-14:30","limite_kmh":20}},{"type":"Feature","geometry":{"type":"Polygon","coordinates":[[[-106.10919,28.677717],[-106.109217,28.677452],[-106.109301,28.677198],[-106.109441,28.676962],[-106.109629,28.676756],[-106.10986,28.676585],[-106.110124,28.676458],[-106.110412,28.676379],[-106.110711,28.67635],[-106.11101,28.676374],[-106.111299,28.676449],[-106.111566,28.676571],[-106.1118,28.676738],[-106.111993,28.676941],[-106.112138,28.677174],[-106.112228,28.677428],[-106.11226,28.677691],[-106.112233,28.677956],[-106.112149,28.67821],[-106.112009,28.678446],[-106.111821,28.678652],[-106.11159,28.678823],[-106.111326,28.67895],[-106.111038,28.679029],[-106.110739,28.679058],[-106.11044,28.679034],[-106.110151,28.678959],[-106.109884,28.678837],[-106.10965,28.67867],[-106.109457,28.678467],[-106.109312,28.678234],[-106.109222,28.67798],[-106.10919,28.677717]]]},"properties":{"osm_id":10732426897,"nombre":"Escuela Niños Héroes","horarios":"07:00-08:30,12:30-14:30","limite_kmh":20}},{"type":"Feature","geometry":{"type":"Polygon","coordinates":[[[-106.109965,28.7285],[-106.109992,28.728235],[-106.110077,28.727981],[-106.110216,28.727745],[-106.110405,28.727539],[-106.110636,28.727368],[-106.1109,28.727241],[-106.111187,28.727162],[-106.111487,28.727133],[-106.111787,28.727157],[-106.112075,28.727232],[-106.112342,28.727354],[-106.112577,28.727521],[-106.11277,28.727724],[-106.112914,28.727957],[-106.113004,28.728211],[-106.113037,28.728474],[-106.11301,28.728739],[-106.112925,28.728993],[-106.112786,28.729229],[-106.112597,28.729435],[-106.112366,28.729606],[-106.112102,28.729733],[-106.111815,28.729812],[-106.111515,28.729841],[-106.111215,28.729817],[-106.110927,28.729742],[-106.11066,28.72962],[-106.110425,28.729453],[-106.110232,28.72925],[-106.110088,28.729017],[-106.109998,28.728763],[-106.109965,28.7285]]]},"properties":{"osm_id":10734257131,"nombre":"CECyT 6 Chihuahua","horarios":"07:00-08:30,12:30-14:30","limite_kmh":20}},{"type":"Feature","geometry":{"type":"Polygon","coordinates":[[[-106.139548,28.591622],[-106.139575,28.591358],[-106.139659,28.591103],[-106.139799,28.590868],[-106.139987,28.590661],[-106.140218,28.590491],[-106.140482,28.590363],[-106.140768,28.590284],[-106.141067,28.590255],[-106.141367,28.590279],[-106.141655,28.590353],[-106.141922,28.590476],[-106.142156,28.590643],[-106.142349,28.590846],[-106.142493,28.591079],[-106.142583,28.591332],[-106.142616,28.591596],[-106.142589,28.59186],[-106.142505,28.592115],[-106.142365,28.59235],[-106.142177,28.592557],[-106.141946,28.592727],[-106.141682,28.592855],[-106.141396,28.592934],[-106.141097,28.592963],[-106.140797,28.592939],[-106.140509,28.592865],[-106.140242,28.592742],[-106.140008,28.592575],[-106.139815,28.592372],[-106.139671,28.592139],[-106.139581,28.591886],[-106.139548,28.591622]]]},"properties":{"osm_id":10900468292,"nombre":"American School Chihuahua","horarios":"07:00-08:30,12:30-14:30","limite_kmh":20}},{"type":"Feature","geometry":{"type":"Polygon","coordinates":[[[-106.09755,28.610559],[-106.097577,28.610295],[-106.097661,28.61004],[-106.097801,28.609805],[-106.097989,28.609599],[-106.09822,28.609428],[-106.098484,28.609301],[-106.098771,28.609222],[-106.09907,28.609193],[-106.099369,28.609217],[-106.099658,28.609292],[-106.099925,28.609415],[-106.100159,28.609581],[-106.100352,28.609785],[-106.100496,28.610017],[-106.100586,28.610271],[-106.100618,28.610535],[-106.100591,28.610799],[-106.100507,28.611054],[-106.100367,28.611289],[-106.100179,28.611495],[-106.099948,28.611666],[-106.099684,28.611793],[-106.099397,28.611872],[-106.099098,28.611901],[-106.098799,28.611877],[-106.09851,28.611802],[-106.098243,28.611679],[-106.098009,28.611513],[-106.097816,28.611309],[-106.097672,28.611077],[-106.097582,28.610823],[-106.09755,28.610559]]]},"properties":{"osm_id":11093431696,"nombre":"Secundaria Federal #3 Jaime Torres Bodet","horarios":"07:00-08:30,12:30-14:30","limite_kmh":20}},{"type":"Feature","geometry":{"type":"Polygon","coordinates":[[[-106.096748,28.612431],[-106.096775,28.612167],[-106.096859,28.611912],[-106.096999,28.611677],[-106.097187,28.611471],[-106.097418,28.6113],[-106.097682,28.611173],[-106.097969,28.611094],[-106.098268,28.611065],[-106.098567,28.611089],[-106.098856,28.611164],[-106.099123,28.611287],[-106.099357,28.611453],[-106.09955,28.611657],[-106.099694,28.611889],[-106.099784,28.612143],[-106.099816,28.612407],[-106.099789,28.612671],[-106.099705,28.612926],[-106.099565,28.613161],[-106.099377,28.613367],[-106.099146,28.613538],[-106.098882,28.613665],[-106.098595,28.613744],[-106.098296,28.613773],[-106.097997,28.613749],[-106.097708,28.613674],[-106.097441,28.613551],[-106.097207,28.613385],[-106.097014,28.613181],[-106.09687,28.612949],[-106.09678,28.612695],[-106.096748,28.612431]]]},"properties":{"osm_id":11093955777,"nombre":"Escuela primaria Tierra y Libertad","horarios":"07:00-08:30,12:30-14:30","limite_kmh":20}},{"type":"Feature","geometry":{"type":"Polygon","coordinates":[[[-106.097184,28.617519],[-106.097211,28.617255],[-106.097295,28.617],[-106.097435,28.616765],[-106.097623,28.616559],[-106.097854,28.616388],[-106.098118,28.616261],[-106.098405,28.616182],[-106.098704,28.616153],[-106.099003,28.616177],[-106.099292,28.616252],[-106.099559,28.616375],[-106.099793,28.616541],[-106.099986,28.616745],[-106.10013,28.616977],[-106.10022,28.617231],[-106.100252,28.617495],[-106.100225,28.617759],[-106.100141,28.618014],[-106.100001,28.618249],[-106.099813,28.618455],[-106.099582,28.618626],[-106.099318,28.618753],[-106.099031,28.618832],[-106.098732,28.618861],[-106.098433,28.618837],[-106.098144,28.618762],[-106.097877,28.618639],[-106.097643,28.618473],[-106.09745,28.618269],[-106.097306,28.618037],[-106.097216,28.617783],[-106.097184,28.617519]]]},"properties":{"osm_id":11093999067,"nombre":"Escuela primaria Adolfo López Mateos","horarios":"07:00-08:30,12:30-14:30","limite_kmh":20}},{"type":"Feature","geometry":{"type":"Polygon","coordinates":[[[-106.089007,28.612666],[-106.089034,28.612402],[-106.089118,28.612147],[-106.089258,28.611912],[-106.089446,28.611705],[-106.089677,28.611535],[-106.089941,28.611408],[-106.090228,28.611329],[-106.090527,28.6113],[-106.090827,28.611324],[-106.091115,28.611399],[-106.091382,28.611522],[-106.091616,28.611688],[-106.091809,28.611892],[-106.091953,28.612125],[-106.092043,28.612378],[-106.092075,28.612642],[-106.092048,28.612906],[-106.091964,28.613161],[-106.091824,28.613396],[-106.091636,28.613602],[-106.091405,28.613773],[-106.091141,28.6139],[-106.090854,28.613979],[-106.090555,28.614008],[-106.090255,28.613984],[-106.089967,28.613909],[-106.0897,28.613786],[-106.089466,28.61362],[-106.089273,28.613416],[-106.089129,28.613183],[-106.089039,28.61293],[-106.089007,28.612666]]]},"properties":{"osm_id":11127317024,"nombre":"Seminario Arquidiosesano de Chihuahua San José","horarios":"07:00-08:30,12:30-14:30","limite_kmh":20}},{"type":"Feature","geometry":{"type":"Polygon","coordinates":[[[-106.107688,28.585183],[-106.107715,28.584918],[-106.1078,28.584664],[-106.107939,28.584428],[-106.108127,28.584222],[-106.108358,28.584051],[-106.108622,28.583924],[-106.108909,28.583845],[-106.109208,28.583816],[-106.109507,28.58384],[-106.109796,28.583915],[-106.110062,28.584037],[-106.110296,28.584204],[-106.110489,28.584407],[-106.110633,28.58464],[-106.110723,28.584894],[-106.110756,28.585157],[-106.110729,28.585422],[-106.110644,28.585676],[-106.110505,28.585912],[-106.110317,28.586118],[-106.110086,28.586289],[-106.109822,28.586416],[-106.109535,28.586495],[-106.109236,28.586524],[-106.108937,28.5865],[-106.108648,28.586425],[-106.108382,28.586303],[-106.108148,28.586136],[-106.107955,28.585933],[-106.107811,28.5857],[-106.107721,28.585446],[-106.107688,28.585183]]]},"properties":{"osm_id":11302294011,"nombre":"Escuela Secundaria Técnica 77","horarios":"07:00-08:30,12:30-14:30","limite_kmh":20}},{"type":"Feature","geometry":{"type":"Polygon","coordinates":[[[-106.096961,28.66954],[-106.096988,28.669276],[-106.097073,28.669021],[-106.097212,28.668786],[-106.097401,28.66858],[-106.097632,28.668409],[-106.097896,28.668282],[-106.098183,28.668203],[-106.098482,28.668174],[-106.098782,28.668198],[-106.09907,28.668273],[-106.099337,28.668396],[-106.099571,28.668562],[-106.099764,28.668766],[-106.099909,28.668998],[-106.099999,28.669252],[-106.100031,28.669516],[-106.100004,28.66978],[-106.099919,28.670035],[-106.09978,28.67027],[-106.099591,28.670476],[-106.09936,28.670647],[-106.099096,28.670774],[-106.098809,28.670853],[-106.09851,28.670882],[-106.09821,28.670858],[-106.097922,28.670783],[-106.097655,28.67066],[-106.097421,28.670494],[-106.097228,28.67029],[-106.097083,28.670058],[-106.096993,28.669804],[-106.096961,28.66954]]]},"properties":{"osm_id":11348099585,"nombre":"Esc. primaria Margarita Masa de juerez #2238","horarios":"07:00-08:30,12:30-14:30","limite_kmh":20}},{"type":"Feature","geometry":{"type":"Polygon","coordinates":[[[-106.101466,28.651253],[-106.101493,28.650989],[-106.101578,28.650734],[-106.101717,28.650499],[-106.101906,28.650293],[-106.102137,28.650122],[-106.102401,28.649995],[-106.102688,28.649916],[-106.102987,28.649887],[-106.103286,28.649911],[-106.103575,28.649986],[-106.103842,28.650108],[-106.104076,28.650275],[-106.104269,28.650479],[-106.104413,28.650711],[-106.104503,28.650965],[-106.104536,28.651228],[-106.104509,28.651493],[-106.104424,28.651747],[-106.104285,28.651983],[-106.104096,28.652189],[-106.103865,28.65236],[-106.103601,28.652487],[-106.103314,28.652566],[-106.103015,28.652595],[-106.102715,28.652571],[-106.102427,28.652496],[-106.10216,28.652374],[-106.101926,28.652207],[-106.101733,28.652003],[-106.101589,28.651771],[-106.101499,28.651517],[-106.101466,28.651253]]]},"properties":{"osm_id":11420676575,"nombre":"Cendi No. 1","horarios":"07:00-08:30,12:30-14:30","limite_kmh":20}},{"type":"Feature","geometry":{"type":"Polygon","coordinates":[[[-106.138878,28.684582],[-106.138905,28.684318],[-106.138989,28.684063],[-106.139128,28.683828],[-106.139317,28.683621],[-106.139548,28.683451],[-106.139812,28.683323],[-106.140099,28.683244],[-106.140398,28.683215],[-106.140698,28.683239],[-106.140987,28.683313],[-106.141254,28.683436],[-106.141488,28.683603],[-106.141681,28.683806],[-106.141826,28.684039],[-106.141916,28.684292],[-106.141948,28.684556],[-106.141921,28.68482],[-106.141837,28.685075],[-106.141698,28.68531],[-106.141509,28.685517],[-106.141278,28.685687],[-106.141014,28.685815],[-106.140727,28.685894],[-106.140428,28.685923],[-106.140128,28.685899],[-106.139839,28.685825],[-106.139572,28.685702],[-106.139338,28.685535],[-106.139145,28.685332],[-106.139,28.685099],[-106.13891,28.684846],[-106.138878,28.684582]]]},"properties":{"osm_id":11420795146,"nombre":"Colegio Cumbres Secundaria","horarios":"07:00-08:30,12:30-14:30","limite_kmh":20}},{"type":"Feature","geometry":{"type":"Polygon","coordinates":[[[-106.148178,28.686214],[-106.148204,28.68595],[-106.148289,28.685695],[-106.148428,28.68546],[-106.148617,28.685253],[-106.148848,28.685083],[-106.149112,28.684955],[-106.149399,28.684876],[-106.149698,28.684847],[-106.149998,28.684871],[-106.150287,28.684945],[-106.150554,28.685068],[-106.150788,28.685235],[-106.150981,28.685438],[-106.151126,28.685671],[-106.151216,28.685924],[-106.151248,28.686188],[-106.151222,28.686452],[-106.151137,28.686707],[-106.150998,28.686942],[-106.150809,28.687149],[-106.150578,28.687319],[-106.150314,28.687447],[-106.150027,28.687526],[-106.149728,28.687555],[-106.149428,28.687531],[-106.149139,28.687457],[-106.148872,28.687334],[-106.148638,28.687167],[-106.148445,28.686964],[-106.1483,28.686731],[-106.14821,28.686478],[-106.148178,28.686214]]]},"properties":{"osm_id":11420809478,"nombre":"Colegio Belen Plantel 2","horarios":"07:00-08:30,12:30-14:30","limite_kmh":20}},{"type":"Feature","geometry":{"type":"Polygon","coordinates":[[[-106.099114,28.727095],[-106.099141,28.726831],[-106.099226,28.726577],[-106.099365,28.726341],[-106.099554,28.726135],[-106.099785,28.725964],[-106.100049,28.725837],[-106.100336,28.725758],[-106.100636,28.725729],[-106.100936,28.725753],[-106.101225,28.725828],[-106.101491,28.72595],[-106.101726,28.726117],[-106.101919,28.726321],[-106.102063,28.726553],[-106.102153,28.726807],[-106.102186,28.72707],[-106.102159,28.727335],[-106.102074,28.727589],[-106.101935,28.727825],[-106.101746,28.728031],[-106.101515,28.728202],[-106.101251,28.728329],[-106.100964,28.728408],[-106.100664,28.728437],[-106.100364,28.728413],[-106.100075,28.728338],[-106.099809,28.728216],[-106.099574,28.728049],[-106.099381,28.727845],[-106.099237,28.727613],[-106.099147,28.727359],[-106.099114,28.727095]]]},"properties":{"osm_id":11444804143,"nombre":"Escuela Primaria","horarios":"07:00-08:30,12:30-14:30","limite_kmh":20}},{"type":"Feature","geometry":{"type":"Polygon","coordinates":[[[-106.059987,28.610597],[-106.060014,28.610333],[-106.060099,28.610078],[-106.060238,28.609843],[-106.060427,28.609636],[-106.060657,28.609466],[-106.060921,28.609339],[-106.061208,28.60926],[-106.061507,28.609231],[-106.061807,28.609255],[-106.062095,28.60933],[-106.062362,28.609453],[-106.062596,28.609619],[-106.062789,28.609823],[-106.062933,28.610056],[-106.063023,28.610309],[-106.063055,28.610573],[-106.063028,28.610837],[-106.062944,28.611092],[-106.062804,28.611327],[-106.062615,28.611534],[-106.062385,28.611704],[-106.062121,28.611831],[-106.061834,28.61191],[-106.061535,28.611939],[-106.061235,28.611915],[-106.060947,28.61184],[-106.06068,28.611717],[-106.060446,28.611551],[-106.060253,28.611347],[-106.060109,28.611114],[-106.060019,28.610861],[-106.059987,28.610597]]]},"properties":{"osm_id":11459359381,"nombre":"Escuela Secundaria Tecnica Numero 32","horarios":"07:00-08:30,12:30-14:30","limite_kmh":20}},{"type":"Feature","geometry":{"type":"Polygon","coordinates":[[[-106.05561,28.613078],[-106.055637,28.612814],[-106.055721,28.612559],[-106.055861,28.612324],[-106.05605,28.612117],[-106.05628,28.611947],[-106.056544,28.61182],[-106.056831,28.611741],[-106.05713,28.611712],[-106.05743,28.611736],[-106.057719,28.611811],[-106.057985,28.611934],[-106.058219,28.6121],[-106.058412,28.612304],[-106.058556,28.612537],[-106.058646,28.61279],[-106.058678,28.613054],[-106.058651,28.613318],[-106.058567,28.613573],[-106.058427,28.613808],[-106.058238,28.614015],[-106.058008,28.614185],[-106.057744,28.614312],[-106.057457,28.614391],[-106.057158,28.61442],[-106.056858,28.614396],[-106.056569,28.614321],[-106.056303,28.614198],[-106.056069,28.614032],[-106.055876,28.613828],[-106.055732,28.613595],[-106.055642,28.613342],[-106.05561,28.613078]]]},"properties":{"osm_id":11459359383,"nombre":"Escuela","horarios":"07:00-08:30,12:30-14:30","limite_kmh":20}},{"type":"Feature","geometry":{"type":"Polygon","coordinates":[[[-106.053852,28.60759],[-106.053879,28.607326],[-106.053964,28.607071],[-106.054103,28.606836],[-106.054292,28.606629],[-106.054523,28.606459],[-106.054786,28.606332],[-106.055073,28.606253],[-106.055372,28.606224],[-106.055672,28.606248],[-106.055961,28.606323],[-106.056227,28.606446],[-106.056461,28.606612],[-106.056654,28.606816],[-106.056798,28.607049],[-106.056888,28.607302],[-106.05692,28.607566],[-106.056893,28.60783],[-106.056808,28.608085],[-106.056669,28.60832],[-106.05648,28.608527],[-106.05625,28.608697],[-106.055986,28.608824],[-106.055699,28.608903],[-106.0554,28.608932],[-106.0551,28.608908],[-106.054811,28.608833],[-106.054545,28.60871],[-106.054311,28.608544],[-106.054118,28.60834],[-106.053974,28.608107],[-106.053884,28.607854],[-106.053852,28.60759]]]},"properties":{"osm_id":11459359384,"nombre":"Escuela","horarios":"07:00-08:30,12:30-14:30","limite_kmh":20}},{"type":"Feature","geometry":{"type":"Polygon","coordinates":[[[-106.060003,28.607299],[-106.06003,28.607035],[-106.060115,28.60678],[-106.060254,28.606545],[-106.060443,28.606338],[-106.060673,28.606168],[-106.060937,28.606041],[-106.061224,28.605962],[-106.061523,28.605933],[-106.061823,28.605957],[-106.062111,28.606032],[-106.062378,28.606155],[-106.062612,28.606321],[-106.062805,28.606525],[-106.062949,28.606758],[-106.063039,28.607011],[-106.063071,28.607275],[-106.063044,28.607539],[-106.062959,28.607794],[-106.06282,28.608029],[-106.062631,28.608236],[-106.062401,28.608406],[-106.062137,28.608533],[-106.06185,28.608612],[-106.061551,28.608641],[-106.061251,28.608617],[-106.060963,28.608542],[-106.060696,28.608419],[-106.060462,28.608253],[-106.060269,28.608049],[-106.060125,28.607816],[-106.060035,28.607563],[-106.060003,28.607299]]]},"properties":{"osm_id":11459359386,"nombre":"Escuela Primaria Luis Donaldo Colosio Murrieta","horarios":"07:00-08:30,12:30-14:30","limite_kmh":20}},{"type":"Feature","geometry":{"type":"Polygon","coordinates":[[[-106.046075,28.608115],[-106.046102,28.607851],[-106.046187,28.607596],[-106.046326,28.607361],[-106.046515,28.607154],[-106.046746,28.606984],[-106.04701,28.606857],[-106.047297,28.606778],[-106.047596,28.606749],[-106.047895,28.606773],[-106.048184,28.606848],[-106.04845,28.606971],[-106.048684,28.607137],[-106.048877,28.607341],[-106.049021,28.607574],[-106.049111,28.607827],[-106.049143,28.608091],[-106.049116,28.608355],[-106.049031,28.60861],[-106.048892,28.608845],[-106.048703,28.609052],[-106.048472,28.609222],[-106.048208,28.609349],[-106.047921,28.609428],[-106.047622,28.609457],[-106.047323,28.609433],[-106.047034,28.609358],[-106.046768,28.609235],[-106.046534,28.609069],[-106.046341,28.608865],[-106.046197,28.608632],[-106.046107,28.608379],[-106.046075,28.608115]]]},"properties":{"osm_id":11459359391,"nombre":"Escuela Agustin Melgar Numero 2330","horarios":"07:00-08:30,12:30-14:30","limite_kmh":20}},{"type":"Feature","geometry":{"type":"Polygon","coordinates":[[[-106.06171,28.618234],[-106.061737,28.61797],[-106.061821,28.617715],[-106.061961,28.61748],[-106.06215,28.617273],[-106.06238,28.617103],[-106.062644,28.616976],[-106.062931,28.616897],[-106.06323,28.616868],[-106.06353,28.616892],[-106.063818,28.616967],[-106.064085,28.61709],[-106.064319,28.617256],[-106.064512,28.61746],[-106.064656,28.617693],[-106.064746,28.617946],[-106.064778,28.61821],[-106.064751,28.618474],[-106.064667,28.618729],[-106.064527,28.618964],[-106.064338,28.619171],[-106.064108,28.619341],[-106.063844,28.619468],[-106.063557,28.619547],[-106.063258,28.619576],[-106.062958,28.619552],[-106.062669,28.619477],[-106.062403,28.619354],[-106.062169,28.619188],[-106.061976,28.618984],[-106.061832,28.618751],[-106.061742,28.618498],[-106.06171,28.618234]]]},"properties":{"osm_id":11459359394,"nombre":"Escuela Juan Jacobo Rousseau","horarios":"07:00-08:30,12:30-14:30","limite_kmh":20}},{"type":"Feature","geometry":{"type":"Polygon","coordinates":[[[-106.089832,28.607414],[-106.089859,28.60715],[-106.089943,28.606895],[-106.090083,28.60666],[-106.090271,28.606453],[-106.090502,28.606283],[-106.090766,28.606156],[-106.091053,28.606077],[-106.091352,28.606048],[-106.091652,28.606072],[-106.09194,28.606147],[-106.092207,28.60627],[-106.092441,28.606436],[-106.092634,28.60664],[-106.092778,28.606873],[-106.092868,28.607126],[-106.0929,28.60739],[-106.092873,28.607654],[-106.092789,28.607909],[-106.092649,28.608144],[-106.092461,28.60835],[-106.09223,28.608521],[-106.091966,28.608648],[-106.091679,28.608727],[-106.09138,28.608756],[-106.09108,28.608732],[-106.090792,28.608657],[-106.090525,28.608534],[-106.090291,28.608368],[-106.090098,28.608164],[-106.089954,28.607931],[-106.089864,28.607678],[-106.089832,28.607414]]]},"properties":{"osm_id":11459359401,"nombre":"Escuela Primaria Margarita Maza De Juarez","horarios":"07:00-08:30,12:30-14:30","limite_kmh":20}},{"type":"Feature","geometry":{"type":"Polygon","coordinates":[[[-106.084792,28.612259],[-106.084819,28.611995],[-106.084903,28.61174],[-106.085043,28.611505],[-106.085231,28.611298],[-106.085462,28.611128],[-106.085726,28.611001],[-106.086013,28.610922],[-106.086312,28.610893],[-106.086612,28.610917],[-106.0869,28.610992],[-106.087167,28.611115],[-106.087401,28.611281],[-106.087594,28.611485],[-106.087738,28.611718],[-106.087828,28.611971],[-106.08786,28.612235],[-106.087833,28.612499],[-106.087749,28.612754],[-106.087609,28.612989],[-106.087421,28.613196],[-106.08719,28.613366],[-106.086926,28.613493],[-106.086639,28.613572],[-106.08634,28.613601],[-106.08604,28.613577],[-106.085752,28.613502],[-106.085485,28.613379],[-106.085251,28.613213],[-106.085058,28.613009],[-106.084914,28.612776],[-106.084824,28.612523],[-106.084792,28.612259]]]},"properties":{"osm_id":11459359402,"nombre":"Escuela Industria Forestal 2179","horarios":"07:00-08:30,12:30-14:30","limite_kmh":20}},{"type":"Feature","geometry":{"type":"Polygon","coordinates":[[[-106.080463,28.612529],[-106.08049,28.612265],[-106.080574,28.61201],[-106.080714,28.611775],[-106.080902,28.611568],[-106.081133,28.611398],[-106.081397,28.611271],[-106.081684,28.611192],[-106.081983,28.611163],[-106.082283,28.611187],[-106.082571,28.611262],[-106.082838,28.611385],[-106.083072,28.611551],[-106.083265,28.611755],[-106.083409,28.611988],[-106.083499,28.612241],[-106.083531,28.612505],[-106.083504,28.612769],[-106.08342,28.613024],[-106.08328,28.613259],[-106.083092,28.613466],[-106.082861,28.613636],[-106.082597,28.613763],[-106.08231,28.613842],[-106.082011,28.613871],[-106.081711,28.613847],[-106.081423,28.613772],[-106.081156,28.613649],[-106.080922,28.613483],[-106.080729,28.613279],[-106.080585,28.613046],[-106.080495,28.612793],[-106.080463,28.612529]]]},"properties":{"osm_id":11459359404,"nombre":"Escuelas De Educacion Primaria Del Sector Publico","horarios":"07:00-08:30,12:30-14:30","limite_kmh":20}},{"type":"Feature","geometry":{"type":"Polygon","coordinates":[[[-106.072358,28.611763],[-106.072385,28.611499],[-106.072469,28.611244],[-106.072609,28.611009],[-106.072798,28.610802],[-106.073028,28.610632],[-106.073292,28.610505],[-106.073579,28.610426],[-106.073878,28.610397],[-106.074178,28.610421],[-106.074466,28.610496],[-106.074733,28.610619],[-106.074967,28.610785],[-106.07516,28.610989],[-106.075304,28.611222],[-106.075394,28.611475],[-106.075426,28.611739],[-106.075399,28.612003],[-106.075315,28.612258],[-106.075175,28.612493],[-106.074987,28.6127],[-106.074756,28.61287],[-106.074492,28.612997],[-106.074205,28.613076],[-106.073906,28.613105],[-106.073606,28.613081],[-106.073318,28.613006],[-106.073051,28.612883],[-106.072817,28.612717],[-106.072624,28.612513],[-106.07248,28.61228],[-106.07239,28.612027],[-106.072358,28.611763]]]},"properties":{"osm_id":11459359405,"nombre":"Escuela","horarios":"07:00-08:30,12:30-14:30","limite_kmh":20}},{"type":"Feature","geometry":{"type":"Polygon","coordinates":[[[-106.071467,28.612614],[-106.071494,28.61235],[-106.071578,28.612095],[-106.071718,28.61186],[-106.071907,28.611653],[-106.072137,28.611483],[-106.072401,28.611356],[-106.072688,28.611277],[-106.072987,28.611248],[-106.073287,28.611272],[-106.073575,28.611347],[-106.073842,28.61147],[-106.074076,28.611636],[-106.074269,28.61184],[-106.074413,28.612073],[-106.074503,28.612326],[-106.074535,28.61259],[-106.074508,28.612854],[-106.074424,28.613109],[-106.074284,28.613344],[-106.074096,28.613551],[-106.073865,28.613721],[-106.073601,28.613848],[-106.073314,28.613927],[-106.073015,28.613956],[-106.072715,28.613932],[-106.072427,28.613857],[-106.07216,28.613734],[-106.071926,28.613568],[-106.071733,28.613364],[-106.071589,28.613131],[-106.071499,28.612878],[-106.071467,28.612614]]]},"properties":{"osm_id":11459359407,"nombre":"Escuela Primaria Francisco R Almada No 2357","horarios":"07:00-08:30,12:30-14:30","limite_kmh":20}},{"type":"Feature","geometry":{"type":"Polygon","coordinates":[[[-106.077275,28.604442],[-106.077302,28.604178],[-106.077387,28.603923],[-106.077526,28.603688],[-106.077715,28.603481],[-106.077945,28.603311],[-106.078209,28.603184],[-106.078496,28.603105],[-106.078795,28.603076],[-106.079095,28.6031],[-106.079383,28.603175],[-106.07965,28.603298],[-106.079884,28.603464],[-106.080077,28.603668],[-106.080221,28.603901],[-106.080311,28.604154],[-106.080343,28.604418],[-106.080316,28.604682],[-106.080231,28.604937],[-106.080092,28.605172],[-106.079903,28.605379],[-106.079673,28.605549],[-106.079409,28.605676],[-106.079122,28.605755],[-106.078823,28.605784],[-106.078523,28.60576],[-106.078235,28.605685],[-106.077968,28.605562],[-106.077734,28.605396],[-106.077541,28.605192],[-106.077397,28.604959],[-106.077307,28.604706],[-106.077275,28.604442]]]},"properties":{"osm_id":11459359409,"nombre":"Escuela Primaria Club de Leones 2215","horarios":"07:00-08:30,12:30-14:30","limite_kmh":20}},{"type":"Feature","geometry":{"type":"Polygon","coordinates":[[[-106.041301,28.625624],[-106.041328,28.625359],[-106.041412,28.625105],[-106.041552,28.62487],[-106.041741,28.624663],[-106.041971,28.624493],[-106.042235,28.624366],[-106.042523,28.624287],[-106.042822,28.624258],[-106.043121,28.624282],[-106.04341,28.624357],[-106.043676,28.62448],[-106.04391,28.624646],[-106.044103,28.62485],[-106.044247,28.625083],[-106.044337,28.625336],[-106.044369,28.6256],[-106.044342,28.625865],[-106.044258,28.626119],[-106.044118,28.626354],[-106.043929,28.626561],[-106.043699,28.626731],[-106.043435,28.626858],[-106.043147,28.626937],[-106.042848,28.626966],[-106.042549,28.626942],[-106.04226,28.626867],[-106.041994,28.626744],[-106.04176,28.626578],[-106.041567,28.626374],[-106.041423,28.626141],[-106.041333,28.625888],[-106.041301,28.625624]]]},"properties":{"osm_id":11459369284,"nombre":"Escuela Primaria Expropiacion Petrolera","horarios":"07:00-08:30,12:30-14:30","limite_kmh":20}},{"type":"Feature","geometry":{"type":"Polygon","coordinates":[[[-106.055622,28.626824],[-106.055649,28.62656],[-106.055733,28.626305],[-106.055873,28.62607],[-106.056062,28.625863],[-106.056292,28.625693],[-106.056556,28.625566],[-106.056843,28.625487],[-106.057142,28.625458],[-106.057442,28.625482],[-106.057731,28.625557],[-106.057997,28.62568],[-106.058231,28.625846],[-106.058424,28.62605],[-106.058568,28.626283],[-106.058658,28.626536],[-106.05869,28.6268],[-106.058663,28.627064],[-106.058579,28.627319],[-106.058439,28.627554],[-106.058251,28.627761],[-106.05802,28.627931],[-106.057756,28.628058],[-106.057469,28.628137],[-106.05717,28.628166],[-106.05687,28.628142],[-106.056581,28.628067],[-106.056315,28.627944],[-106.056081,28.627778],[-106.055888,28.627574],[-106.055744,28.627341],[-106.055654,28.627088],[-106.055622,28.626824]]]},"properties":{"osm_id":11459369285,"nombre":"Secundaria Federal No1","horarios":"07:00-08:30,12:30-14:30","limite_kmh":20}},{"type":"Feature","geometry":{"type":"Polygon","coordinates":[[[-106.055467,28.625037],[-106.055494,28.624773],[-106.055578,28.624518],[-106.055718,28.624283],[-106.055907,28.624076],[-106.056137,28.623906],[-106.056401,28.623779],[-106.056688,28.6237],[-106.056987,28.623671],[-106.057287,28.623695],[-106.057576,28.62377],[-106.057842,28.623893],[-106.058076,28.624059],[-106.058269,28.624263],[-106.058413,28.624496],[-106.058503,28.624749],[-106.058535,28.625013],[-106.058508,28.625277],[-106.058424,28.625532],[-106.058284,28.625767],[-106.058095,28.625974],[-106.057865,28.626144],[-106.057601,28.626271],[-106.057314,28.62635],[-106.057015,28.626379],[-106.056715,28.626355],[-106.056426,28.62628],[-106.05616,28.626157],[-106.055926,28.625991],[-106.055733,28.625787],[-106.055589,28.625554],[-106.055499,28.625301],[-106.055467,28.625037]]]},"properties":{"osm_id":11459369291,"nombre":"Escuela Adolfo Lopez Mateos","horarios":"07:00-08:30,12:30-14:30","limite_kmh":20}},{"type":"Feature","geometry":{"type":"Polygon","coordinates":[[[-106.080353,28.616403],[-106.08038,28.616139],[-106.080464,28.615884],[-106.080604,28.615649],[-106.080792,28.615442],[-106.081023,28.615272],[-106.081287,28.615145],[-106.081574,28.615066],[-106.081873,28.615037],[-106.082173,28.615061],[-106.082461,28.615136],[-106.082728,28.615259],[-106.082962,28.615425],[-106.083155,28.615629],[-106.083299,28.615862],[-106.083389,28.616115],[-106.083421,28.616379],[-106.083394,28.616643],[-106.08331,28.616898],[-106.08317,28.617133],[-106.082982,28.61734],[-106.082751,28.61751],[-106.082487,28.617637],[-106.0822,28.617716],[-106.081901,28.617745],[-106.081601,28.617721],[-106.081313,28.617646],[-106.081046,28.617523],[-106.080812,28.617357],[-106.080619,28.617153],[-106.080475,28.61692],[-106.080385,28.616667],[-106.080353,28.616403]]]},"properties":{"osm_id":11459382832,"nombre":"Escuela Rotaria 2 Nayo Revilla","horarios":"07:00-08:30,12:30-14:30","limite_kmh":20}},{"type":"Feature","geometry":{"type":"Polygon","coordinates":[[[-106.134419,28.672441],[-106.134446,28.672177],[-106.13453,28.671922],[-106.13467,28.671687],[-106.134858,28.67148],[-106.135089,28.67131],[-106.135353,28.671182],[-106.13564,28.671103],[-106.135939,28.671074],[-106.136239,28.671098],[-106.136528,28.671172],[-106.136795,28.671295],[-106.137029,28.671462],[-106.137222,28.671665],[-106.137366,28.671898],[-106.137457,28.672151],[-106.137489,28.672415],[-106.137462,28.672679],[-106.137378,28.672934],[-106.137238,28.673169],[-106.13705,28.673376],[-106.136819,28.673546],[-106.136555,28.673674],[-106.136268,28.673753],[-106.135969,28.673782],[-106.135669,28.673758],[-106.13538,28.673684],[-106.135113,28.673561],[-106.134879,28.673394],[-106.134686,28.673191],[-106.134541,28.672958],[-106.134451,28.672705],[-106.134419,28.672441]]]},"properties":{"osm_id":11459409127,"nombre":"Escuela Primaria Federal Prof Adolfo Barranco Fuentes","horarios":"07:00-08:30,12:30-14:30","limite_kmh":20}},{"type":"Feature","geometry":{"type":"Polygon","coordinates":[[[-106.139616,28.685852],[-106.139643,28.685588],[-106.139727,28.685333],[-106.139866,28.685098],[-106.140055,28.684891],[-106.140286,28.684721],[-106.14055,28.684593],[-106.140837,28.684514],[-106.141136,28.684485],[-106.141436,28.684509],[-106.141725,28.684583],[-106.141992,28.684706],[-106.142226,28.684873],[-106.142419,28.685076],[-106.142564,28.685309],[-106.142654,28.685562],[-106.142686,28.685826],[-106.142659,28.68609],[-106.142575,28.686345],[-106.142436,28.68658],[-106.142247,28.686787],[-106.142016,28.686957],[-106.141752,28.687085],[-106.141465,28.687164],[-106.141166,28.687193],[-106.140866,28.687169],[-106.140577,28.687095],[-106.14031,28.686972],[-106.140076,28.686805],[-106.139883,28.686602],[-106.139738,28.686369],[-106.139648,28.686116],[-106.139616,28.685852]]]},"properties":{"osm_id":11459409137,"nombre":"Escuela Primaria Solidaridad No 2701 Turno Matutino","horarios":"07:00-08:30,12:30-14:30","limite_kmh":20}},{"type":"Feature","geometry":{"type":"Polygon","coordinates":[[[-106.121748,28.728086],[-106.121775,28.727821],[-106.12186,28.727567],[-106.121999,28.727332],[-106.122188,28.727125],[-106.122419,28.726955],[-106.122683,28.726827],[-106.12297,28.726748],[-106.12327,28.726719],[-106.123569,28.726743],[-106.123858,28.726817],[-106.124125,28.72694],[-106.12436,28.727107],[-106.124553,28.72731],[-106.124697,28.727543],[-106.124787,28.727796],[-106.12482,28.72806],[-106.124793,28.728325],[-106.124708,28.728579],[-106.124569,28.728814],[-106.12438,28.729021],[-106.124149,28.729191],[-106.123885,28.729319],[-106.123598,28.729398],[-106.123298,28.729427],[-106.122999,28.729403],[-106.12271,28.729329],[-106.122443,28.729206],[-106.122208,28.729039],[-106.122015,28.728836],[-106.121871,28.728603],[-106.121781,28.72835],[-106.121748,28.728086]]]},"properties":{"osm_id":11459597723,"nombre":"Escuela","horarios":"07:00-08:30,12:30-14:30","limite_kmh":20}},{"type":"Feature","geometry":{"type":"Polygon","coordinates":[[[-106.132761,28.74036],[-106.132788,28.740096],[-106.132872,28.739841],[-106.133012,28.739606],[-106.133201,28.739399],[-106.133432,28.739229],[-106.133696,28.739101],[-106.133983,28.739022],[-106.134282,28.738993],[-106.134582,28.739017],[-106.134871,28.739091],[-106.135138,28.739214],[-106.135373,28.739381],[-106.135566,28.739584],[-106.13571,28.739817],[-106.135801,28.74007],[-106.135833,28.740334],[-106.135806,28.740598],[-106.135722,28.740853],[-106.135582,28.741088],[-106.135393,28.741295],[-106.135162,28.741465],[-106.134898,28.741593],[-106.134611,28.741672],[-106.134312,28.741701],[-106.134012,28.741677],[-106.133723,28.741603],[-106.133456,28.74148],[-106.133221,28.741313],[-106.133028,28.74111],[-106.132884,28.740877],[-106.132793,28.740624],[-106.132761,28.74036]]]},"properties":{"osm_id":11459631024,"nombre":"Escuela","horarios":"07:00-08:30,12:30-14:30","limite_kmh":20}},{"type":"Feature","geometry":{"type":"Polygon","coordinates":[[[-106.136202,28.744845],[-106.136229,28.744581],[-106.136313,28.744326],[-106.136453,28.744091],[-106.136642,28.743884],[-106.136872,28.743714],[-106.137137,28.743586],[-106.137424,28.743507],[-106.137723,28.743478],[-106.138023,28.743502],[-106.138312,28.743576],[-106.138579,28.743699],[-106.138814,28.743866],[-106.139007,28.744069],[-106.139151,28.744302],[-106.139242,28.744555],[-106.139274,28.744819],[-106.139247,28.745083],[-106.139163,28.745338],[-106.139023,28.745573],[-106.138834,28.74578],[-106.138604,28.74595],[-106.138339,28.746078],[-106.138052,28.746157],[-106.137753,28.746186],[-106.137453,28.746162],[-106.137164,28.746088],[-106.136897,28.745965],[-106.136662,28.745798],[-106.136469,28.745595],[-106.136325,28.745362],[-106.136234,28.745109],[-106.136202,28.744845]]]},"properties":{"osm_id":11459631029,"nombre":"Escuela","horarios":"07:00-08:30,12:30-14:30","limite_kmh":20}},{"type":"Feature","geometry":{"type":"Polygon","coordinates":[[[-106.13816,28.744535],[-106.138187,28.744271],[-106.138271,28.744016],[-106.138411,28.743781],[-106.1386,28.743574],[-106.13883,28.743404],[-106.139095,28.743276],[-106.139382,28.743197],[-106.139681,28.743168],[-106.139981,28.743192],[-106.14027,28.743266],[-106.140537,28.743389],[-106.140772,28.743556],[-106.140965,28.743759],[-106.141109,28.743992],[-106.1412,28.744245],[-106.141232,28.744509],[-106.141205,28.744773],[-106.141121,28.745028],[-106.140981,28.745263],[-106.140792,28.74547],[-106.140562,28.74564],[-106.140297,28.745768],[-106.14001,28.745847],[-106.139711,28.745876],[-106.139411,28.745852],[-106.139122,28.745778],[-106.138855,28.745655],[-106.13862,28.745488],[-106.138427,28.745285],[-106.138283,28.745052],[-106.138192,28.744799],[-106.13816,28.744535]]]},"properties":{"osm_id":11459631034,"nombre":"Escuela","horarios":"07:00-08:30,12:30-14:30","limite_kmh":20}},{"type":"Feature","geometry":{"type":"Polygon","coordinates":[[[-106.139836,28.74779],[-106.139863,28.747526],[-106.139947,28.747271],[-106.140087,28.747036],[-106.140275,28.746829],[-106.140506,28.746659],[-106.140771,28.746531],[-106.141058,28.746452],[-106.141357,28.746423],[-106.141657,28.746447],[-106.141946,28.746521],[-106.142213,28.746644],[-106.142448,28.746811],[-106.142641,28.747014],[-106.142785,28.747247],[-106.142876,28.7475],[-106.142908,28.747764],[-106.142881,28.748028],[-106.142797,28.748283],[-106.142657,28.748518],[-106.142469,28.748725],[-106.142238,28.748895],[-106.141973,28.749023],[-106.141686,28.749102],[-106.141387,28.749131],[-106.141087,28.749107],[-106.140798,28.749033],[-106.140531,28.74891],[-106.140296,28.748743],[-106.140103,28.74854],[-106.139959,28.748307],[-106.139868,28.748054],[-106.139836,28.74779]]]},"properties":{"osm_id":11459631051,"nombre":"Primaria Madre Patria","horarios":"07:00-08:30,12:30-14:30","limite_kmh":20}},{"type":"Feature","geometry":{"type":"Polygon","coordinates":[[[-106.12668,28.73091],[-106.126707,28.730645],[-106.126792,28.730391],[-106.126931,28.730156],[-106.12712,28.729949],[-106.127351,28.729779],[-106.127615,28.729651],[-106.127902,28.729572],[-106.128201,28.729543],[-106.128501,28.729567],[-106.12879,28.729641],[-106.129057,28.729764],[-106.129292,28.729931],[-106.129485,28.730134],[-106.129629,28.730367],[-106.129719,28.73062],[-106.129752,28.730884],[-106.129725,28.731149],[-106.12964,28.731403],[-106.129501,28.731638],[-106.129312,28.731845],[-106.129081,28.732015],[-106.128817,28.732143],[-106.12853,28.732222],[-106.128231,28.732251],[-106.127931,28.732227],[-106.127642,28.732153],[-106.127375,28.73203],[-106.12714,28.731863],[-106.126947,28.73166],[-106.126803,28.731427],[-106.126713,28.731174],[-106.12668,28.73091]]]},"properties":{"osm_id":11459923945,"nombre":"Escuela","horarios":"07:00-08:30,12:30-14:30","limite_kmh":20}},{"type":"Feature","geometry":{"type":"Polygon","coordinates":[[[-105.962914,28.661241],[-105.962941,28.660977],[-105.963026,28.660722],[-105.963166,28.660487],[-105.963355,28.66028],[-105.963586,28.66011],[-105.96385,28.659983],[-105.964137,28.659904],[-105.964437,28.659876],[-105.964736,28.6599],[-105.965025,28.659975],[-105.965291,28.660098],[-105.965526,28.660265],[-105.965718,28.660469],[-105.965862,28.660702],[-105.965952,28.660955],[-105.965984,28.661219],[-105.965957,28.661483],[-105.965872,28.661738],[-105.965732,28.661973],[-105.965543,28.66218],[-105.965312,28.66235],[-105.965048,28.662477],[-105.964761,28.662556],[-105.964461,28.662584],[-105.964162,28.66256],[-105.963873,28.662485],[-105.963607,28.662362],[-105.963372,28.662195],[-105.96318,28.661991],[-105.963036,28.661758],[-105.962946,28.661505],[-105.962914,28.661241]]]},"properties":{"osm_id":11460395467,"nombre":"Escuela Pimaria Federal Victor Hugo Rascon Banda","horarios":"07:00-08:30,12:30-14:30","limite_kmh":20}},{"type":"Feature","geometry":{"type":"Polygon","coordinates":[[[-105.963952,28.661094],[-105.963979,28.66083],[-105.964064,28.660575],[-105.964204,28.66034],[-105.964393,28.660133],[-105.964624,28.659963],[-105.964888,28.659836],[-105.965175,28.659757],[-105.965475,28.659729],[-105.965774,28.659753],[-105.966063,28.659828],[-105.966329,28.659951],[-105.966564,28.660118],[-105.966756,28.660322],[-105.9669,28.660555],[-105.96699,28.660808],[-105.967022,28.661072],[-105.966995,28.661336],[-105.96691,28.661591],[-105.96677,28.661826],[-105.966581,28.662033],[-105.96635,28.662203],[-105.966086,28.66233],[-105.965799,28.662409],[-105.965499,28.662437],[-105.9652,28.662413],[-105.964911,28.662338],[-105.964645,28.662215],[-105.96441,28.662048],[-105.964218,28.661844],[-105.964074,28.661611],[-105.963984,28.661358],[-105.963952,28.661094]]]},"properties":{"osm_id":11460395472,"nombre":"Escuela Secundaria Federal No 15","horarios":"07:00-08:30,12:30-14:30","limite_kmh":20}},{"type":"Feature","geometry":{"type":"Polygon","coordinates":[[[-106.037874,28.687201],[-106.037901,28.686936],[-106.037986,28.686682],[-106.038125,28.686447],[-106.038314,28.68624],[-106.038545,28.68607],[-106.038809,28.685943],[-106.039096,28.685864],[-106.039396,28.685835],[-106.039695,28.685859],[-106.039984,28.685934],[-106.040251,28.686057],[-106.040485,28.686223],[-106.040678,28.686427],[-106.040822,28.68666],[-106.040912,28.686913],[-106.040944,28.687177],[-106.040917,28.687442],[-106.040832,28.687696],[-106.040693,28.687931],[-106.040504,28.688138],[-106.040273,28.688308],[-106.040009,28.688435],[-106.039722,28.688514],[-106.039422,28.688543],[-106.039123,28.688519],[-106.038834,28.688444],[-106.038567,28.688321],[-106.038333,28.688155],[-106.03814,28.687951],[-106.037996,28.687718],[-106.037906,28.687465],[-106.037874,28.687201]]]},"properties":{"osm_id":11460785076,"nombre":"Escuela Primaria Federal Martin Ortiz Larriva","horarios":"07:00-08:30,12:30-14:30","limite_kmh":20}},{"type":"Feature","geometry":{"type":"Polygon","coordinates":[[[-106.029015,28.683659],[-106.029042,28.683394],[-106.029127,28.68314],[-106.029266,28.682905],[-106.029455,28.682698],[-106.029686,28.682528],[-106.02995,28.682401],[-106.030238,28.682322],[-106.030537,28.682293],[-106.030836,28.682317],[-106.031125,28.682392],[-106.031392,28.682515],[-106.031626,28.682681],[-106.031819,28.682885],[-106.031963,28.683118],[-106.032053,28.683371],[-106.032085,28.683635],[-106.032058,28.6839],[-106.031973,28.684154],[-106.031834,28.684389],[-106.031645,28.684596],[-106.031414,28.684766],[-106.03115,28.684893],[-106.030862,28.684972],[-106.030563,28.685001],[-106.030264,28.684977],[-106.029975,28.684902],[-106.029708,28.684779],[-106.029474,28.684612],[-106.029281,28.684409],[-106.029137,28.684176],[-106.029047,28.683923],[-106.029015,28.683659]]]},"properties":{"osm_id":11460785127,"nombre":"Escuela","horarios":"07:00-08:30,12:30-14:30","limite_kmh":20}},{"type":"Feature","geometry":{"type":"Polygon","coordinates":[[[-105.954591,28.632674],[-105.954618,28.63241],[-105.954703,28.632155],[-105.954842,28.63192],[-105.955031,28.631713],[-105.955262,28.631543],[-105.955526,28.631416],[-105.955814,28.631337],[-105.956113,28.631309],[-105.956412,28.631333],[-105.956701,28.631408],[-105.956967,28.631531],[-105.957201,28.631698],[-105.957394,28.631902],[-105.957538,28.632135],[-105.957628,28.632388],[-105.957659,28.632652],[-105.957632,28.632916],[-105.957547,28.633171],[-105.957408,28.633406],[-105.957219,28.633613],[-105.956988,28.633783],[-105.956724,28.63391],[-105.956436,28.633989],[-105.956137,28.634017],[-105.955838,28.633993],[-105.955549,28.633918],[-105.955283,28.633795],[-105.955049,28.633628],[-105.954856,28.633424],[-105.954712,28.633191],[-105.954622,28.632938],[-105.954591,28.632674]]]},"properties":{"osm_id":11462953199,"nombre":"Escuela Telesecundaria Federal Elisa Griensen","horarios":"07:00-08:30,12:30-14:30","limite_kmh":20}},{"type":"Feature","geometry":{"type":"Polygon","coordinates":[[[-105.953907,28.63441],[-105.953934,28.634145],[-105.954019,28.633891],[-105.954158,28.633656],[-105.954347,28.633449],[-105.954578,28.633279],[-105.954842,28.633152],[-105.95513,28.633073],[-105.955429,28.633045],[-105.955728,28.633069],[-105.956017,28.633144],[-105.956283,28.633267],[-105.956517,28.633434],[-105.95671,28.633638],[-105.956854,28.633871],[-105.956944,28.634124],[-105.956975,28.634388],[-105.956948,28.634652],[-105.956863,28.634907],[-105.956724,28.635142],[-105.956535,28.635349],[-105.956304,28.635519],[-105.95604,28.635646],[-105.955752,28.635725],[-105.955453,28.635753],[-105.955154,28.635729],[-105.954865,28.635654],[-105.954599,28.635531],[-105.954365,28.635364],[-105.954172,28.63516],[-105.954028,28.634927],[-105.953938,28.634674],[-105.953907,28.63441]]]},"properties":{"osm_id":11462953201,"nombre":"Escuela Primaria Personal Salud 2020","horarios":"07:00-08:30,12:30-14:30","limite_kmh":20}},{"type":"Feature","geometry":{"type":"Polygon","coordinates":[[[-105.951758,28.627504],[-105.951785,28.627239],[-105.95187,28.626985],[-105.952009,28.62675],[-105.952198,28.626543],[-105.952429,28.626373],[-105.952694,28.626246],[-105.952981,28.626167],[-105.95328,28.626139],[-105.953579,28.626163],[-105.953868,28.626238],[-105.954134,28.626361],[-105.954368,28.626528],[-105.954561,28.626732],[-105.954705,28.626965],[-105.954794,28.627218],[-105.954826,28.627482],[-105.954799,28.627747],[-105.954714,28.628001],[-105.954575,28.628236],[-105.954386,28.628443],[-105.954155,28.628613],[-105.95389,28.62874],[-105.953603,28.628819],[-105.953304,28.628847],[-105.953005,28.628823],[-105.952716,28.628748],[-105.95245,28.628625],[-105.952216,28.628458],[-105.952023,28.628254],[-105.951879,28.628021],[-105.95179,28.627768],[-105.951758,28.627504]]]},"properties":{"osm_id":11462953202,"nombre":"Escuela","horarios":"07:00-08:30,12:30-14:30","limite_kmh":20}},{"type":"Feature","geometry":{"type":"Polygon","coordinates":[[[-106.094125,28.676206],[-106.094152,28.675942],[-106.094236,28.675687],[-106.094376,28.675452],[-106.094565,28.675246],[-106.094795,28.675075],[-106.09506,28.674948],[-106.095347,28.674869],[-106.095646,28.67484],[-106.095946,28.674864],[-106.096234,28.674939],[-106.096501,28.675062],[-106.096735,28.675228],[-106.096928,28.675432],[-106.097073,28.675664],[-106.097163,28.675918],[-106.097195,28.676182],[-106.097168,28.676446],[-106.097084,28.676701],[-106.096944,28.676936],[-106.096755,28.677142],[-106.096525,28.677313],[-106.09626,28.67744],[-106.095973,28.677519],[-106.095674,28.677548],[-106.095374,28.677524],[-106.095086,28.677449],[-106.094819,28.677326],[-106.094585,28.67716],[-106.094392,28.676956],[-106.094247,28.676724],[-106.094157,28.67647],[-106.094125,28.676206]]]},"properties":{"osm_id":11480717507,"nombre":"Escuela Primaria División del Norte","horarios":"07:00-08:30,12:30-14:30","limite_kmh":20}},{"type":"Feature","geometry":{"type":"Polygon","coordinates":[[[-106.131045,28.708867],[-106.131071,28.708603],[-106.131156,28.708348],[-106.131295,28.708113],[-106.131484,28.707906],[-106.131715,28.707736],[-106.131979,28.707608],[-106.132266,28.707529],[-106.132565,28.7075],[-106.132865,28.707524],[-106.133154,28.707598],[-106.133421,28.707721],[-106.133655,28.707888],[-106.133849,28.708091],[-106.133993,28.708324],[-106.134083,28.708577],[-106.134115,28.708841],[-106.134089,28.709105],[-106.134004,28.70936],[-106.133865,28.709595],[-106.133676,28.709802],[-106.133445,28.709972],[-106.133181,28.7101],[-106.132894,28.710179],[-106.132595,28.710208],[-106.132295,28.710184],[-106.132006,28.71011],[-106.131739,28.709987],[-106.131505,28.70982],[-106.131311,28.709617],[-106.131167,28.709384],[-106.131077,28.709131],[-106.131045,28.708867]]]},"properties":{"osm_id":11480747900,"nombre":"escuelas","horarios":"07:00-08:30,12:30-14:30","limite_kmh":20}},{"type":"Feature","geometry":{"type":"Polygon","coordinates":[[[-105.991347,28.60537],[-105.991374,28.605106],[-105.991459,28.604851],[-105.991598,28.604616],[-105.991787,28.60441],[-105.992018,28.60424],[-105.992282,28.604113],[-105.992569,28.604033],[-105.992868,28.604005],[-105.993168,28.604029],[-105.993456,28.604104],[-105.993723,28.604227],[-105.993957,28.604394],[-105.994149,28.604598],[-105.994293,28.604831],[-105.994383,28.605084],[-105.994415,28.605348],[-105.994388,28.605612],[-105.994303,28.605867],[-105.994164,28.606102],[-105.993975,28.606308],[-105.993744,28.606478],[-105.99348,28.606605],[-105.993193,28.606685],[-105.992894,28.606713],[-105.992594,28.606689],[-105.992306,28.606614],[-105.992039,28.606491],[-105.991805,28.606324],[-105.991613,28.60612],[-105.991469,28.605887],[-105.991379,28.605634],[-105.991347,28.60537]]]},"properties":{"osm_id":11509806289,"nombre":"Escuela","horarios":"07:00-08:30,12:30-14:30","limite_kmh":20}},{"type":"Feature","geometry":{"type":"Polygon","coordinates":[[[-105.997785,28.608251],[-105.997812,28.607987],[-105.997897,28.607732],[-105.998036,28.607497],[-105.998225,28.607291],[-105.998456,28.607121],[-105.99872,28.606994],[-105.999007,28.606914],[-105.999306,28.606886],[-105.999606,28.60691],[-105.999894,28.606985],[-106.000161,28.607108],[-106.000395,28.607275],[-106.000587,28.607478],[-106.000731,28.607711],[-106.000821,28.607965],[-106.000853,28.608229],[-106.000826,28.608493],[-106.000741,28.608748],[-106.000602,28.608983],[-106.000413,28.609189],[-106.000182,28.609359],[-105.999918,28.609486],[-105.999631,28.609566],[-105.999332,28.609594],[-105.999032,28.60957],[-105.998744,28.609495],[-105.998477,28.609372],[-105.998243,28.609205],[-105.998051,28.609002],[-105.997907,28.608769],[-105.997817,28.608515],[-105.997785,28.608251]]]},"properties":{"osm_id":11509806293,"nombre":"Escuela","horarios":"07:00-08:30,12:30-14:30","limite_kmh":20}},{"type":"Feature","geometry":{"type":"Polygon","coordinates":[[[-106.127596,28.670628],[-106.127623,28.670363],[-106.127707,28.670109],[-106.127847,28.669874],[-106.128035,28.669667],[-106.128266,28.669497],[-106.12853,28.669369],[-106.128817,28.66929],[-106.129116,28.669261],[-106.129416,28.669285],[-106.129705,28.669359],[-106.129972,28.669482],[-106.130206,28.669649],[-106.130399,28.669852],[-106.130544,28.670085],[-106.130634,28.670338],[-106.130666,28.670602],[-106.130639,28.670867],[-106.130555,28.671121],[-106.130415,28.671356],[-106.130227,28.671563],[-106.129996,28.671733],[-106.129732,28.671861],[-106.129445,28.67194],[-106.129146,28.671969],[-106.128846,28.671945],[-106.128557,28.671871],[-106.12829,28.671748],[-106.128056,28.671581],[-106.127863,28.671378],[-106.127718,28.671145],[-106.127628,28.670892],[-106.127596,28.670628]]]},"properties":{"osm_id":11510402555,"nombre":"Escuela","horarios":"07:00-08:30,12:30-14:30","limite_kmh":20}},{"type":"Feature","geometry":{"type":"Polygon","coordinates":[[[-106.077687,28.650254],[-106.077714,28.64999],[-106.077799,28.649735],[-106.077938,28.6495],[-106.078127,28.649293],[-106.078358,28.649123],[-106.078622,28.648996],[-106.078909,28.648917],[-106.079208,28.648888],[-106.079508,28.648912],[-106.079796,28.648987],[-106.080063,28.64911],[-106.080297,28.649276],[-106.08049,28.64948],[-106.080635,28.649713],[-106.080724,28.649966],[-106.080757,28.65023],[-106.08073,28.650494],[-106.080645,28.650749],[-106.080506,28.650984],[-106.080317,28.651191],[-106.080086,28.651361],[-106.079822,28.651488],[-106.079535,28.651567],[-106.079236,28.651596],[-106.078936,28.651572],[-106.078648,28.651497],[-106.078381,28.651374],[-106.078147,28.651208],[-106.077954,28.651004],[-106.077809,28.650771],[-106.07772,28.650518],[-106.077687,28.650254]]]},"properties":{"osm_id":11518520299,"nombre":"Eloy S. Vallina","horarios":"07:00-08:30,12:30-14:30","limite_kmh":20}},{"type":"Feature","geometry":{"type":"Polygon","coordinates":[[[-106.072985,28.648562],[-106.073012,28.648298],[-106.073097,28.648043],[-106.073236,28.647808],[-106.073425,28.647601],[-106.073656,28.647431],[-106.07392,28.647304],[-106.074207,28.647225],[-106.074506,28.647196],[-106.074806,28.64722],[-106.075095,28.647295],[-106.075361,28.647418],[-106.075595,28.647584],[-106.075788,28.647788],[-106.075933,28.648021],[-106.076022,28.648274],[-106.076055,28.648538],[-106.076028,28.648802],[-106.075943,28.649057],[-106.075804,28.649292],[-106.075615,28.649499],[-106.075384,28.649669],[-106.07512,28.649796],[-106.074833,28.649875],[-106.074534,28.649904],[-106.074234,28.64988],[-106.073945,28.649805],[-106.073679,28.649682],[-106.073445,28.649516],[-106.073252,28.649312],[-106.073107,28.649079],[-106.073018,28.648826],[-106.072985,28.648562]]]},"properties":{"osm_id":11518522372,"nombre":"Escuela","horarios":"07:00-08:30,12:30-14:30","limite_kmh":20}},{"type":"Feature","geometry":{"type":"Polygon","coordinates":[[[-106.036875,28.652596],[-106.036902,28.652331],[-106.036987,28.652077],[-106.037127,28.651842],[-106.037315,28.651635],[-106.037546,28.651465],[-106.03781,28.651338],[-106.038098,28.651259],[-106.038397,28.65123],[-106.038696,28.651254],[-106.038985,28.651329],[-106.039252,28.651452],[-106.039486,28.651618],[-106.039679,28.651822],[-106.039823,28.652055],[-106.039913,28.652308],[-106.039945,28.652572],[-106.039918,28.652837],[-106.039833,28.653091],[-106.039693,28.653326],[-106.039505,28.653533],[-106.039274,28.653703],[-106.03901,28.65383],[-106.038722,28.653909],[-106.038423,28.653938],[-106.038124,28.653914],[-106.037835,28.653839],[-106.037568,28.653716],[-106.037334,28.65355],[-106.037141,28.653346],[-106.036997,28.653113],[-106.036907,28.65286],[-106.036875,28.652596]]]},"properties":{"osm_id":11523055987,"nombre":"Escuela","horarios":"07:00-08:30,12:30-14:30","limite_kmh":20}},{"type":"Feature","geometry":{"type":"Polygon","coordinates":[[[-106.150821,28.725864],[-106.150848,28.7256],[-106.150933,28.725345],[-106.151072,28.72511],[-106.151261,28.724903],[-106.151491,28.724733],[-106.151756,28.724605],[-106.152043,28.724526],[-106.152342,28.724497],[-106.152642,28.724521],[-106.152931,28.724595],[-106.153198,28.724718],[-106.153432,28.724885],[-106.153626,28.725088],[-106.15377,28.725321],[-106.15386,28.725574],[-106.153893,28.725838],[-106.153866,28.726102],[-106.153781,28.726357],[-106.153642,28.726592],[-106.153453,28.726799],[-106.153223,28.726969],[-106.152958,28.727097],[-106.152671,28.727176],[-106.152372,28.727205],[-106.152072,28.727181],[-106.151783,28.727107],[-106.151516,28.726984],[-106.151282,28.726817],[-106.151088,28.726614],[-106.150944,28.726381],[-106.150854,28.726128],[-106.150821,28.725864]]]},"properties":{"osm_id":11523759610,"nombre":"Escuela Preparatoria Maestros Mexicanos","horarios":"07:00-08:30,12:30-14:30","limite_kmh":20}},{"type":"Feature","geometry":{"type":"Polygon","coordinates":[[[-106.104133,28.654234],[-106.10416,28.653969],[-106.104245,28.653715],[-106.104384,28.653479],[-106.104573,28.653273],[-106.104804,28.653102],[-106.105068,28.652975],[-106.105355,28.652896],[-106.105654,28.652867],[-106.105953,28.652891],[-106.106242,28.652966],[-106.106509,28.653088],[-106.106743,28.653255],[-106.106936,28.653458],[-106.10708,28.653691],[-106.10717,28.653945],[-106.107203,28.654208],[-106.107176,28.654473],[-106.107091,28.654727],[-106.106952,28.654963],[-106.106763,28.655169],[-106.106532,28.65534],[-106.106268,28.655467],[-106.105981,28.655546],[-106.105682,28.655575],[-106.105383,28.655551],[-106.105094,28.655476],[-106.104827,28.655354],[-106.104593,28.655187],[-106.1044,28.654983],[-106.104256,28.654751],[-106.104166,28.654497],[-106.104133,28.654234]]]},"properties":{"osm_id":11523849713,"nombre":"Escuela","horarios":"07:00-08:30,12:30-14:30","limite_kmh":20}},{"type":"Feature","geometry":{"type":"Polygon","coordinates":[[[-106.106502,28.684336],[-106.106529,28.684071],[-106.106613,28.683817],[-106.106753,28.683581],[-106.106941,28.683375],[-106.107172,28.683204],[-106.107436,28.683077],[-106.107724,28.682998],[-106.108023,28.682969],[-106.108323,28.682993],[-106.108611,28.683068],[-106.108878,28.68319],[-106.109112,28.683357],[-106.109305,28.68356],[-106.10945,28.683793],[-106.10954,28.684047],[-106.109572,28.68431],[-106.109545,28.684575],[-106.109461,28.684829],[-106.109321,28.685065],[-106.109133,28.685271],[-106.108902,28.685442],[-106.108638,28.685569],[-106.10835,28.685648],[-106.108051,28.685677],[-106.107751,28.685653],[-106.107463,28.685578],[-106.107196,28.685456],[-106.106962,28.685289],[-106.106769,28.685086],[-106.106624,28.684853],[-106.106534,28.684599],[-106.106502,28.684336]]]},"properties":{"osm_id":11525898158,"nombre":"Escuela","horarios":"07:00-08:30,12:30-14:30","limite_kmh":20}}]}